id,author_name,author_id,text,timestamp,reaction_count,reply_count
Y29tbWVudDoxMDI0ODU2NTIzMjI4ODQyXzE1MzM5MjE5NjE3NzE5MTc=,Sutrisno,100006159493939,Wajib 10 periode ini mah🤣,2026-06-02 10:11:56,0,0
Y29tbWVudDoxMDI0ODU2NTIzMjI4ODQyXzE2NTgzMDY3NDUyODU3MTQ=,Edo Riyadi,100006501912711,BEDA YA..yg Pesimis dan yg Optimis...Yg lemah dan yg Semangat..Tau Lah....😃😃😃,2026-06-02 05:47:52,0,0
Y29tbWVudDoxMDI0ODU2NTIzMjI4ODQyXzE5OTk1MzU2Njc1OTg2NjQ=,Firli Majid,100094914156175,ga mau keluar duit pajak 🤣🤣,2026-06-02 06:53:35,0,0
Y29tbWVudDoxMDI0ODU2NTIzMjI4ODQyXzE5MzkzOTQ2NTMzNTI3ODA=,شراواني ايقبال,100040618388107,Sumber penghidupan di kota kebanyakan berasal dari desa,2026-06-02 05:16:19,0,0
Y29tbWVudDoxMDI0ODU2NTIzMjI4ODQyXzI0OTIzNDEyODc4Nzg2NjE=,Sukma Jaya,61558888302716,cukup satu priode saja gubenur kaya gitu mah,2026-06-02 05:49:46,0,0
Y29tbWVudDoxMDI0ODU2NTIzMjI4ODQyXzIxMDQzMDU0MDY3ODEzOTg=,Ali Syamsuri,100027829449376,Jangan banyak bicara tapi perktekan pak,2026-06-02 05:34:15,0,0
Y29tbWVudDoxMDI0ODU2NTIzMjI4ODQyXzIzNzA3Njg0NTM0MTU1MjI=,Nursih Uci,100037028933990,Jalan itu penting pak banyak manfaatnya  dari pada uangnya buat  kalau desanya bagus orang pada senang berkunjung uanya di gunakan untuk perbaikan dari pada di kantongin 🫣🫣🫣🫣,2026-06-02 11:56:11,0,0
Y29tbWVudDoxMDI0ODU2NTIzMjI4ODQyXzEwMDM2OTM5OTUzOTI5NzY=,Rijall Rianto,100037767428566,Saya ajah yang warga Brebes Jateng baru tau ternyata gubenur nya ini lucu 😂😂 pajak kendaraan naek lahh bangun jalannya gak mauu piee ikii 😂😂😂🤣,2026-06-02 16:05:51,0,0
Y29tbWVudDoxMDI0ODU2NTIzMjI4ODQyXzIyODM2ODU0NDU3NzI1OTE=,Topan,100073772301718,Jalan di bangun  g ada mangpaatnya?  Yg bangun. Habis tidur,2026-06-02 18:36:10,0,0
Y29tbWVudDoxMDI0ODU2NTIzMjI4ODQyXzEwMjc1MDA3NTMxOTAxMzU=,HaQi Chi,100003492088735,"Setuju pak jalan itu memang tidak penting yg penting ada jalan kalo jalan itu memang tidak penting kenapa bapak sering berjalan di jalan,hayoh di pikirkan secara logika hayoh.🤣",2026-06-02 21:09:53,0,0
Y29tbWVudDoxMDI0ODU2NTIzMjI4ODQyXzEyMTE5MTMyNTA5NDMzOTc=,Fauzan Echank,100028941142578,"Setiap jalan,,ntah itu jalan kecil,,jalan pelosok,,bahkan jalan gang saja,,itu semua ada manfaatnya..",2026-06-02 12:56:00,0,0
Y29tbWVudDoxMDI0ODU2NTIzMjI4ODQyXzI3MTc2MjA3NTIyMDQ0MjI1,Erwin Ha,1464552082,"Tidak ada yang tidak mungkin, kalau kita punya keyakinan, kata KDM",2026-06-02 16:25:32,0,0
Y29tbWVudDoxMDI0ODU2NTIzMjI4ODQyXzIyNjg4OTg1NjcyNDU1NjQ=,Rathi Libra M,100095197954394,"Yg kita lakukan.. Mkn, tidur, malass urusan.. Yg pnting Terima gaji.. Jln tdk pnting, yg penting uangnya isi d kantong😅..",2026-06-02 16:01:12,0,0
Y29tbWVudDoxMDI0ODU2NTIzMjI4ODQyXzg4MTM2ODE5ODMzMzAxOQ==,Ubenk Aliq,100001611224337,"Gua ktawa liat pidato BPK yg pertama,, kok bisa dia jadi gubernur..😂😂",2026-06-02 18:14:40,0,0
Y29tbWVudDoxMDI0ODU2NTIzMjI4ODQyXzEwMjM5OTAwNTM1MjM4NjU=,Lucken Amz Mdg,100022514359475,Yg banyak bicara biasanya yg ga becus😂😂,2026-06-02 15:12:39,0,0
Y29tbWVudDoxMDI0ODU2NTIzMjI4ODQyXzI3NjExMDI5MTA5MzEwMDY=,Aloy Sopandi,100013151507885,gak bisa kerja ternyata🤣,2026-06-02 19:33:40,0,0
Y29tbWVudDoxMDI0ODU2NTIzMjI4ODQyXzE1MDk0MjkyMDcyMjQxNzY=,Sadar Sunarsim,100063916024570,"Yang namanya pemimpin .,yaa harus bisa membangun,entah itu jalan propinsi jalan kabupaten intinya yang harus di pikirkan,jangan Milah milih..semua itu kan demi masyarakat Jawa tengah ,bapak kan di pilih rakyat Jawa tengah..bisa jadi gubenur ,",2026-06-02 19:44:58,0,0
Y29tbWVudDoxMDI0ODU2NTIzMjI4ODQyXzEzNTk3MDEyMTYwNjUzNzY=,Nchi Novianty,100087009622065,Pikiran pendek.. Dan lebih pendek dari segala pikiran pendek... Karna iyaa jawabnya penuh muter2 😇😇😇,2026-06-02 21:02:24,0,0
Y29tbWVudDoxMDI0ODU2NTIzMjI4ODQyXzEzMDkxNTEzODQwODIwODA=,Kiky Arenzhi Lbf,100004674481422,Definisi jalan yg tidak bermanfaat itu sprti apa? Mohon pencerahanya...karna setau saya stiap jalan pasti ada manfaatnya apalagi dijaman sekarang org2 rata2 memiliki kendaraan.,2026-06-02 17:41:45,0,0
Y29tbWVudDoxMDI0ODU2NTIzMjI4ODQyXzE5MzkyMDg1OTAwNTA1NTM=,Nasya,100039131830710,"Beg*..
Siapa yang tau kita besok kemana,GK stuck di situ wae boss..
Klu jalan bagus mulus otomatis bermanfaat GK nyari""kmn jalan yang bagus 😂",2026-06-02 19:38:33,0,0
Y29tbWVudDoxMDI0ODU2NTIzMjI4ODQyXzk0NDQwNjM4NTMxMDcxNg==,Udin Haerudin,100023918538317,"Voting Brapa Banyak yg Like comen ini, berarti  Banyak yg gak suka sma Gubernur Jateng ??! 😂",2026-06-02 18:32:25,0,0
Y29tbWVudDoxMDI0ODU2NTIzMjI4ODQyXzE1MTA5MTUzMTczNDU3MzY=,Al Rasyid,61584241394792,"Klo anak istrinya denger perasaanya gimana yy
Infonya huuu🤣",2026-06-02 19:07:18,0,0
Y29tbWVudDoxMDI0ODU2NTIzMjI4ODQyXzE1NjExNDc2Mzg4NDAxOTU=,Aziz Saefudin,100057240354723,"Penuh Dengan Kata"" Mutiara.. 
Namun Ujungnya Cuman Sengsara.. 
Betull Toh..",2026-06-03 00:03:30,0,0
Y29tbWVudDoxMDI0ODU2NTIzMjI4ODQyXzI2NjU0MzQxMjk0MjYxOTYx,Sandy Squad Nu'anyar,100006801456644,Mungkin jalan itu milik perusahaan sawit🤣🤣🤣,2026-06-02 13:23:30,0,0
Y29tbWVudDoxMDI0ODU2NTIzMjI4ODQyXzQ1MjUwMjI4NTQ0MjIxMjg=,Rohimat Tea,100075450009298,"pingin nya untung terussss ,ga ada pengorbanan nya sama sekali ,pa gub pa gub kocak tingkat dewa ini mah 😁",2026-06-02 19:30:16,0,0
Y29tbWVudDoxMDI0ODU2NTIzMjI4ODQyXzE1NDU4NTYyMDAyMTY5MDc=,Inang Nang Lestari,100004632461202,Ni yg dinamakan gk peduli 😏,2026-06-02 22:14:07,0,0
Y29tbWVudDoxMDI0ODU2NTIzMjI4ODQyXzQ1MTY3NTY2MTE4OTE4MTk=,Ade Taryat,100081820532152,"Ngomong aja uang anggaranya kemana jangan di rahasiahin mass jujur uang anggaran kemanainnn ,😁😁😁",2026-06-02 21:32:03,0,0
Y29tbWVudDoxMDI0ODU2NTIzMjI4ODQyXzIwMjc5MDY3MTExODg2ODY=,Fatkul Hadi,100007745864510,Gubernur rasa anak TK😂,2026-06-02 19:25:47,0,0
Y29tbWVudDoxMDI0ODU2NTIzMjI4ODQyXzIyMTY1MTA5NzkxNjgyMjQ=,Qoirul Huda,100042104614929,Sekolah dmn dulu.. 😂😂,2026-06-02 18:17:21,0,0
Y29tbWVudDoxMDI0ODU2NTIzMjI4ODQyXzI1NTAyODMzNDIwOTcxOTA=,Brata Basus Lai,100071392876619,"Jln bagus pasti ada manfaat, jln jelek pun ada manfaatnya.",2026-06-02 12:47:07,0,0
Y29tbWVudDoxMDI0ODU2NTIzMjI4ODQyXzEyNjYyNjEzNTg4MjQ0OTA=,Amin Gerengseng,61583049317996,Kalah sama kabar istimewa,2026-06-02 06:50:23,0,0
Y29tbWVudDoxMDI0ODU2NTIzMjI4ODQyXzIwNzk3NDkyMTkyNTIwOTg=,Raksamala,100026692127880,Iyeu gubernur Atawa tukang kuli jln euweuh manpaat 😃😃😃,2026-06-02 21:37:15,0,0
Y29tbWVudDoxMDI0ODU2NTIzMjI4ODQyXzEwMTY3MzUwNjA4MDgzNzM=,PaBu,100002489106834,Masih pintar bupatinya😅🤣,2026-06-02 17:36:59,0,0
Y29tbWVudDoxMDI0ODU2NTIzMjI4ODQyXzI3MzQxNTg0MjQyMTAzODI5,Viconk Balaka,100055439109439,Itu lah politik.... 🤣,2026-06-02 16:19:29,0,0
Y29tbWVudDoxMDI0ODU2NTIzMjI4ODQyXzE2MzU2NzYxMTEwNTg5ODI=,Bang Uj,100074881133092,"Ni gubenur nya ,😂",2026-06-02 08:28:57,0,0
Y29tbWVudDoxMDI0ODU2NTIzMjI4ODQyXzIzMTUwODA4MzkyNDEyNzI=,Wage Papyadara,61554876126279,Keren,2026-06-02 06:52:32,0,0
Y29tbWVudDoxMDI0ODU2NTIzMjI4ODQyXzEyNDA0MzEyNDI0Nzg0NzE=,Agus Kurnia,61565816308796,Lutfy pejabat ko plak,2026-06-02 09:07:50,0,0
Y29tbWVudDoxMDI0ODU2NTIzMjI4ODQyXzE2ODUyMDk4Njk0NjAwNzU=,Sab Ar,100010462807796,Besok pilih dari partai yg lain ae,2026-06-02 06:15:58,0,0
Y29tbWVudDoxMDI0ODU2NTIzMjI4ODQyXzkxOTQxODE5NDQ0NTUzOA==,Mansur,100033639210125,Inilah adiknya anis pintar kata kata,2026-06-02 07:46:42,0,0
Y29tbWVudDoxMDI0ODU2NTIzMjI4ODQyXzEyMTI3MjM4MjA4NzA2MDM=,Raizell,100002300490809,"Owh mksd si ibu jalan untuk akses usaha tani skrg jelek dan butuh pembangunan krm klo jln bagus ekonomi jg berputar dg baik. Tp si bpk jalabnny muter muter dan mgkn difikirny gda manfaatnya jln itu, pdhl klo di suatu wilyh pertaniannya bgus mayoritas wrgny petani ya brti harus di usahakan agr fsilitas penopang pertanian itu bagus dan baik krn psti bersentuhn lgsg dg mobilitas rakyat dan ekonomi rakyat.",2026-06-02 16:13:59,0,0
Y29tbWVudDoxMDI0ODU2NTIzMjI4ODQyXzE1ODAyNDg1NzM0NDcwMjQ=,Ade Galing Wargi Kdm,61584467247046,Rakyat butuh jalan pak,2026-06-02 04:56:50,0,0
Y29tbWVudDoxMDI0ODU2NTIzMjI4ODQyXzE0NjU3MTMwMTg2NjEzNjM=,Gabril Santoso,100002028441481,"Gubernur mudah putus asa 🤣🤣
Blum apa2 dh bilang gx ada gunanya😁",2026-06-02 20:53:37,0,0
Y29tbWVudDoxMDI0ODU2NTIzMjI4ODQyXzE2Njk2NDk3MjQxNTQwNjE=,Rudi Rahadi,100044639514262,Malu maluin yah pak gubernur Jawa tengah,2026-06-02 13:08:12,0,0
Y29tbWVudDoxMDI0ODU2NTIzMjI4ODQyXzQ2MDg2NDA4NzYwMzQwNDg=,Enju Jumyana,61552396084969,Orang utan yg bicara jalan bagus kesawah keladang bisa cepat nyampe bawa telor tidak banyak yg pecah di jalan,2026-06-02 18:57:48,0,0
Y29tbWVudDoxMDI0ODU2NTIzMjI4ODQyXzEyMzEzNzI2ODIyNjIyMjQ=,Apry Windriadi,100057089002148,orang Desa ga pakek dolarr 😅,2026-06-02 16:11:25,0,0
Y29tbWVudDoxMDI0ODU2NTIzMjI4ODQyXzE3NjU5NDg2NjEyMTY2NDY=,I Ketut Wiradana,100004944006387,"Tidur aj D rumah pak, klo bangun dari mimpi tiba2 jalan j mulus semua",2026-06-02 21:08:45,0,0
Y29tbWVudDoxMDI0ODU2NTIzMjI4ODQyXzE2MTkzODY3MTY4NTcyMTM=,Achiang Elgato,100008394799363,"Kalo pemikiran sudah salah sampai mati gak akan diperbaiki itu jalan emangnya jalan itu hanya untuk ekonomi 

Kehidupan masyarakat didaerah terpencil gak dipikirkan dan aspek keselamatan dijalan saat masyarakat lagi sakit mencari dokter ke kota dengan kondisi hancurnya jalan membuat perjalanan mangkin lama dan susah makanya persentase keselamatan menurun dijalan tapi kalo jalan bagus hanya dalam waktu yang lebih singkat dan aman sudah bisa ke rumah sakit terdekat",2026-06-02 06:41:26,0,0
Y29tbWVudDoxMDI0ODU2NTIzMjI4ODQyXzQ1OTU0OTA0OTQwNTI5NTY=,Hidayats Parker,100005636193760,Jalannya apa orangnya pak yg  gada manfaatnya 🤣🤣,2026-06-02 18:17:42,0,0
Y29tbWVudDoxMDI0ODU2NTIzMjI4ODQyXzI2ODQ0MTUxNDM4NTg5OTI1,Kdm Warga Jabar,61583928663930,Rakyat butuh prmimpin yang mengayomi rakyatnya,2026-06-02 05:18:12,0,0
Y29tbWVudDoxMDI0ODU2NTIzMjI4ODQyXzEyODY3NTQ3OTk4NDQ2NDQ=,M Al Anhsor'y,100010757381369,"Mau bangun jalan aja harus milih milah dulu 
Itu kan uang dari rakyat bukan dari negara harus nya uang itu kembali ke rakyat salah satunya insfratruktur terutama jalan 🤭😆",2026-06-02 08:48:58,0,0
Y29tbWVudDoxMDI0ODU2NTIzMjI4ODQyXzEyNzI1MTgxNjEzMzQwMDU=,Yhu Dha,100094112401065,Waduh pak.di desa saya aja jln ke sawah semua pake cor  apalagi antar kampung pak smua pake aspal yg minim tebalnya 20 Santi pak.jdi KMI smua masyarakat sangat bangga  krna jln yg di bikin pemerintah daerah sangat bagus dan bermanfaat pak,2026-06-02 13:01:21,0,0
Y29tbWVudDoxMDI0ODU2NTIzMjI4ODQyXzkzMjA1Nzc1NjUzNzgzNg==,Vanca Sona,100001559665954,Gubernur apa ini wkkww,2026-06-02 13:49:17,0,0
Y29tbWVudDoxMDI0ODU2NTIzMjI4ODQyXzE0MDY4NjE4NjQ2MzgyMDM=,M Nur S,100001722163298,Paksa turun aja..,2026-06-02 05:20:51,0,0
Y29tbWVudDoxMDI0ODU2NTIzMjI4ODQyXzIwNDgxOTk4NjI3MzM3OTE=,Rahmad Rangga,61550910683925,Ko bsa jdi pejabat😂,2026-06-02 12:49:44,0,0
Y29tbWVudDoxMDI0ODU2NTIzMjI4ODQyXzk2Mzk2NDE0MzEzNzM1Mw==,Yans Welah,100070906774631,Gubernur Molor 🤭,2026-06-02 19:16:39,0,0
Y29tbWVudDoxMDI0ODU2NTIzMjI4ODQyXzEyOTc0MTE2MDg3MjMxNTg=,Maman Bendot Nurjaman,100004679683753,Gubernur kocak 🤣🤣,2026-06-02 14:18:28,0,0
Y29tbWVudDoxMDI0ODU2NTIzMjI4ODQyXzI4MjcxMDAwNDc2MjQ3MzI=,Dede Rehan Rehan,100081530919285,Berarti die pilih kasih gubernur apainih  😂😂😂,2026-06-02 21:19:18,0,0
Y29tbWVudDoxMDI0ODU2NTIzMjI4ODQyXzE3MzQ2MDMyMzc1Njc1MjY=,Diki Bhadex Netral,100001229723266,"Saya cuma bisa menghela napas sambil menggerutu dalam hati, ko bisa ya bilang demikian",2026-06-02 20:39:41,0,0
Y29tbWVudDoxMDI0ODU2NTIzMjI4ODQyXzM5MzU3NzgzMTAwNjM5NTA=,Mira Yudis Thira,100093701474345,Pie pak pak . Gak akan ada jalan yg tidak bermanfaat pak. Bagai mana jika jalan jalan rusak ketika di lewati ibu² hamil. Bermanfaat atau tidak. 😂kalau rusak,2026-06-02 15:16:34,0,0
Y29tbWVudDoxMDI0ODU2NTIzMjI4ODQyXzE2ODczMTQyODg4Mzk1OTY=,Mmh Febry,100013677045455,Udah jangan usulkan karena tidak akan diterima oleh halo geeesss 😁 itu duit angaran banyak masuk kantong,2026-06-02 14:45:04,0,0
Y29tbWVudDoxMDI0ODU2NTIzMjI4ODQyXzk4MjI4NTE0Nzk1Mzg4OQ==,Henryk Almira Nailal Humnah,100001575499774,"🤣😂 Gubernur paling kocak..usulan sudah di serahkan Mlah neko""owalah mendingan jdi TUKANG mancing",2026-06-02 17:45:08,0,0
Y29tbWVudDoxMDI0ODU2NTIzMjI4ODQyXzk2OTY5NjA1NTg0NTE3NQ==,Ali Turmudzi,61573735405959,"Parah ini pemimpin jebolan ladusing ya.. begini hasilnya .
Nyoblos karna berat wakilnya aja faham kan?😁",2026-06-02 05:21:02,0,0
Y29tbWVudDoxMDI0ODU2NTIzMjI4ODQyXzExODc0OTAzNTAxMjk3MDc=,Jum Ambali,100013966034933,Gubernur banyak alasan ngeles terus....taik,2026-06-02 05:08:26,0,0
Y29tbWVudDoxMDI0ODU2NTIzMjI4ODQyXzE1MjE5NjA5MTYxMzEwMjg=,Putra Manggala Kdm,61570685944686,Ampuun deh belum sadar dadar ternyata,2026-06-02 05:02:49,0,0
Y29tbWVudDoxMDI0ODU2NTIzMjI4ODQyXzQzNDg4MDIwMjE5OTkzMzE=,Suharyanta,100049341211930,Dasar Gubernur Sik nang Otake Gur mikir Proyek Bati,2026-06-02 05:14:46,0,0
Y29tbWVudDoxMDI0ODU2NTIzMjI4ODQyXzIwMjkzMzcwMjc2OTQxNjM=,Engkoh,100071400173548,Salah pilih,2026-06-02 05:18:37,0,0
Y29tbWVudDoxMDI0ODU2NTIzMjI4ODQyXzIwODUxMTI2MzU2ODI5MzY=,Ati Murni,61576663975493,Terlalu banyak  omong jangan  pilih  dia lagi,2026-06-02 05:01:35,0,0
Y29tbWVudDoxMDI0ODU2NTIzMjI4ODQyXzEwNTY5NzA5MzY2NTU5NzE=,Rohit Bae Lah Rohit,100056807262494,Lagiyang mau mahal berapa juga kan bukan uwang pribadi ko kaya ga mau ngeluarin buot buwat pembangunan jalan umum,2026-06-02 05:25:19,0,0
Y29tbWVudDoxMDI0ODU2NTIzMjI4ODQyXzE5Njg2MjUxMzA0NDgxMTc=,Isran Mulak Sebingkai,100030853331594,"Selalu byk alasan,",2026-06-02 05:58:14,0,0
Y29tbWVudDoxMDI0ODU2NTIzMjI4ODQyXzk5MDE4MTg3MzQxNDUwNQ==,Mandala Tekhnik,100048921260930,CARA MEMIKIRMU BEGITU YA PA KECEWA BANGET AKU DULU MEMILIHNYA. AKU DULU TERTARIK SAMA WAKILNYA .  SANGAT KECEWA.,2026-06-02 05:00:49,0,0
Y29tbWVudDoxMDI0ODU2NTIzMjI4ODQyXzk5MzU1MTE2MDE1MTM2MA==,Bambang Suryana,100063386514054,"Fi fi munduro ae dari pada duit rakyat dienggo wetenge dewe, silahkan pangkas anggaran yang kurang bermanfaat tapi mikiro rakyat wis tambah soro, tidak harus sama tapi contoh KDM sitik ae sing bisa nyenengke rakyat mu 🙏🙏🙏🙏🙏🙏🙏",2026-06-02 06:40:00,0,0
Y29tbWVudDoxMDI0ODU2NTIzMjI4ODQyXzE2MTQzMzk2Njk2MjkwMDE=,Petta Budi Daeng Parani,100087527934683,Gubernur Gobloookkk...,2026-06-02 05:26:04,0,0
Y29tbWVudDoxMDI0ODU2NTIzMjI4ODQyXzQ1MjE1NTc1MTE1MDA0ODQ=,Opa Gaplek,100047397744298,"Gubernur penuh retorika, gawean weh pa, mantak aya jalan oge, pasti ad penduduk.. Pantesan jalan na bararutut..",2026-06-02 05:50:19,0,0
Y29tbWVudDoxMDI0ODU2NTIzMjI4ODQyXzIwMjI0NzE0NDgzNzE0NzA=,Adi Pratama,61569324059712,Gak bermutu kebanyakan ngeles,2026-06-02 05:11:56,0,0
Y29tbWVudDoxMDI0ODU2NTIzMjI4ODQyXzEzMTMzMjMwMTcwMjEzNjA=,Lasiman,100036337554360,Ngayomi gopeni ndobol Gubernur Jawa Tengah Ahmad Luthfi Bulet wae.,2026-06-02 05:44:51,0,0
Y29tbWVudDoxMDI0ODU2NTIzMjI4ODQyXzEzMDcyMjAxNjEzODc1Mzg=,Teddy,100000225684947,Banyak teori..,2026-06-02 05:22:19,0,0
Y29tbWVudDoxMDI0ODU2NTIzMjI4ODQyXzE1MTU3MDc1NDAzNDM5Njc=,Faisal Hambali,100012207704200,Bilang aja kalo bangun jln desa korupai nya jd dikit,2026-06-02 21:41:32,0,0
Y29tbWVudDoxMDI0ODU2NTIzMjI4ODQyXzIxNDcyMTY4NTYwNzQzNTc=,Dedy Rantau,100037632067370,Gubernur oon,2026-06-02 12:27:47,0,0
Y29tbWVudDoxMDI0ODU2NTIzMjI4ODQyXzIwODQ0NDgwNzI5NTU3NTQ=,Abdallah Ahsan,100003026666421,mungkin disana suara nya sedikit 😁,2026-06-02 12:18:24,0,0
Y29tbWVudDoxMDI0ODU2NTIzMjI4ODQyXzk5NjAxMzEyOTU3Njk4Mg==,BuBut Galonspeed,100001660817376,Pejabat kurang ulin....ulin kadieu gera🤣🤣,2026-06-02 11:45:57,0,0
Y29tbWVudDoxMDI0ODU2NTIzMjI4ODQyXzE5MDY2NzI2NzMzMzkwNjY=,Atim Rastim,100009288659081,Liat jalan Jabar tuh,2026-06-02 11:41:52,0,0
Y29tbWVudDoxMDI0ODU2NTIzMjI4ODQyXzEzNzM4NDM0MDEzMjU2NjA=,Usup Sapi,100071821455412,Itu gubernur pa namanya,2026-06-02 11:23:01,0,0
Y29tbWVudDoxMDI0ODU2NTIzMjI4ODQyXzk3OTE2NDQxMTcxMDI4MQ==,Ade Rahmat,100050006798282,Contoh gubernur Jabar bos ga usah debat banyak rapat ujung2an ga jadi bangun jalan.,2026-06-02 10:34:43,0,0
Y29tbWVudDoxMDI0ODU2NTIzMjI4ODQyXzE0NzcxNzk4MzM4ODg1MDk=,Encad Soekamty,100013323307380,Pak di jawabarat jalan yang berhubungan buat petani di perbaiki mala bisa masuk mobil biar petani ringan disaat abis panen bisa bawa pake mobil pake motor dan cepat geratasi pinggir jalan nya di kasih imigrasi.,2026-06-02 09:18:55,0,0
Y29tbWVudDoxMDI0ODU2NTIzMjI4ODQyXzE1NDkwNDEzMjY2MzY0MDc=,Rajali Simanjuntak,100009598160679,"Beda kelas, beda level.",2026-06-02 09:08:36,0,0
Y29tbWVudDoxMDI0ODU2NTIzMjI4ODQyXzEzNDUwOTQ4OTc2MDUzOTQ=,Endang Nu Tatang,100004719219330,Jadi jangankan membangun SDM...memberikan masukan agar bisa sejahtera dengan berusaha sendiri.... membangun jalan pun belepotan🤣🤣🤣,2026-06-02 08:29:40,0,0
Y29tbWVudDoxMDI0ODU2NTIzMjI4ODQyXzE1NDQ2NzE4MjM4NDQyNzE=,Riniza,100012619270771,Jgn merendahkan sdm masarakat jawa tengah luppi sekarang jamannya udah canggih digitall,2026-06-02 07:25:23,0,0
Y29tbWVudDoxMDI0ODU2NTIzMjI4ODQyXzE5MDA5NzMyMjM4OTUyMzk=,Juman Sandari,61573538919046,Ini gubernur Kok kalah sakades HOHO jauh kades hoho jln sawahpun di bangun,2026-06-02 07:20:11,0,0
Y29tbWVudDoxMDI0ODU2NTIzMjI4ODQyXzIyNTI1NzA0NTE5NDQ3NTI=,Eny Kusnowati,100069456650456,Gubernur omongnya muter2 oalah ngono kok jadi Gubernur,2026-06-02 07:11:00,0,0
Y29tbWVudDoxMDI0ODU2NTIzMjI4ODQyXzIwNzU4MDg5Mzk2Mzg2NzU=,Raffandi,100077422750268,Gebenurnya pekok sekali,2026-06-02 07:01:34,0,0
Y29tbWVudDoxMDI0ODU2NTIzMjI4ODQyXzg2NDUwMTQxMDA1MDgxOA==,Tumino,100027559996672,Pekok,2026-06-02 06:49:03,0,0
Y29tbWVudDoxMDI0ODU2NTIzMjI4ODQyXzM2ODU4NjYyNjYwMzg3NjAw,Imam Supardi,100032969823279,WIS ORA USAH DI PERBAIKI JALAN2 ITU KARENA GAK ADA GUNANYA DAN BIAYANYA BESAR LEBIH BAIK UANGNYA DI KANTONGI BUAT PESTA KELUARGA HA HA HA UWANEH WONG SIJI IKI LUR ORA ONOK GUNANE AJUR AJUR DUWE GUBERNUR KOYOK NGENE IKI,2026-06-02 06:01:37,0,0
Y29tbWVudDoxMDI0ODU2NTIzMjI4ODQyXzQzOTk2Mzk3NjAzMDgwNjU=,Safitri,100045990229259,"Jauh jauh Skali dengan KDM,yg lain banyak bicara saja nga ada bukti",2026-06-02 05:53:42,0,0
Y29tbWVudDoxMDI0ODU2NTIzMjI4ODQyXzEzOTQ0OTA5NjI0ODg1MjQ=,Cikra,100078884011592,Jauh bedah sama kdm,2026-06-02 08:35:10,0,0
Y29tbWVudDoxMDI0ODU2NTIzMjI4ODQyXzk3ODAxOTU3ODU0MTg4OA==,Bah Anom,100009382595741,Lieur... 🤣🤣🤣🤣,2026-06-02 07:17:51,0,0
Y29tbWVudDoxMDI0ODU2NTIzMjI4ODQyXzQ1NzQ1MDg2Nzk1NDA0MjU=,Iwan Arsy,100024940090738,Gubernur loba huntu,2026-06-02 12:17:08,0,0
Y29tbWVudDoxMDI0ODU2NTIzMjI4ODQyXzEwMDUxMTA4MDkxMjY1ODg=,Hasan Bintang Cipanas,100079849980586,Lihat lah Jawa Barat istimewa jalan kinclong bangga lah jadi orang Jawabarat ✨🥰🙏🏻,2026-06-02 08:13:06,0,0
Y29tbWVudDoxMDI0ODU2NTIzMjI4ODQyXzE2NTU4OTg2ODIxOTg1NTU=,Tasyah Talbinda,100031121122911,Lahhh kakean cocot tok lufi mungkin duit angarannya wih ntek di korupsi kui Tena makane kakean cocot jawabane Ra masuk utek ngalor ngidul ORA nbar nlas,2026-06-02 06:13:39,0,0
Y29tbWVudDoxMDI0ODU2NTIzMjI4ODQyXzExNjEzODU0MzAzODY3ODQ=,Sugengpriyanto,100028551513577,Cukup satu periode aja bikin kecewa,2026-06-02 06:03:03,0,0
Y29tbWVudDoxMDI0ODU2NTIzMjI4ODQyXzk0MDExNDE2OTA1ODEwNg==,Komar Udin,100094189760092,Wis dho bayar pajak durung pow rasah bayar wae,2026-06-02 05:52:47,0,0
Y29tbWVudDoxMDI0ODU2NTIzMjI4ODQyXzI3Mjc4NDc5ODc1ODI2NDY=,Gpe Geprank,100020117353939,Gubernur rasa RT,2026-06-02 18:34:54,0,0
Y29tbWVudDoxMDI0ODU2NTIzMjI4ODQyXzIyNjAyOTU1MDE0NzY4MTA=,Eman Moohulalo,61563754974254,Gubernur. Begini . Yg masarakat. Ngga mau. Banyak bacot. Kaya gubernur. Gorontalo,2026-06-02 05:14:34,0,0
Y29tbWVudDoxMDI0ODU2NTIzMjI4ODQyXzEyMzIyNzk2NDY2MzEwOTU=,Bang Binjai,1704587465,Gub tak mampu !!,2026-06-02 16:19:57,0,0
Y29tbWVudDoxMDI0ODU2NTIzMjI4ODQyXzE3MDk1OTg2ODM2ODUxMDI=,Eko Prasetyo,61567196072388,omong opo toh kiihh pak gubenr.mbulet omongane.ra jelas kekwkwkk,2026-06-02 13:00:27,0,0
Y29tbWVudDoxMDI0ODU2NTIzMjI4ODQyXzEwMzA4NTg0OTI2MDY1MjI=,Nimoisme,100042511425287,Gubernur kalah sama kadesnya.,2026-06-02 10:34:20,0,0
Y29tbWVudDoxMDI0ODU2NTIzMjI4ODQyXzIwODQzMTM5NDIxNTEzODg=,Roheni Wulan S,100046456486428,lwt jalur ape dih dia bs jd bejbt,2026-06-03 13:27:56,0,0
Y29tbWVudDoxMDI0ODU2NTIzMjI4ODQyXzEzODUzMzgzNzM2NTMzNzQ=,Manikem Kem,100039747384232,Lucu lucu cocok dadi pelawak,2026-06-03 12:30:48,0,0
Y29tbWVudDoxMDI0ODU2NTIzMjI4ODQyXzE2NDg2MTAxNDMwNzY5MjI=,Ucok Sukoco,100011669216064,"Jangan byr pajak apa pun, gitu aja repott",2026-06-03 06:52:41,0,0
Y29tbWVudDoxMDI0ODU2NTIzMjI4ODQyXzE1MDM4MTkwNTgxNTA4NzA=,Aiman Rizki,61556236414753,"gubernur gathel,mending kades hoho bener ora min  nek kades hoho dadi gubenur Jateng??",2026-06-03 06:29:30,0,0
Y29tbWVudDoxMDI0ODU2NTIzMjI4ODQyXzEwMjA1OTAyNTA0ODAxODk=,New Kenzo Arkan,100055319917160,Ngono kok Kabeh njaluk di pajeg...,2026-06-03 06:22:48,0,0
Y29tbWVudDoxMDI0ODU2NTIzMjI4ODQyXzE3MDc0NzI5MDM5MzYyODE=,Toni Yakin,61556948923243,"Inilah kualitas pemimpin kita, pembangunan jalan nya,yang masih menggunakan pengecualian,harus nya masyarakat nya juga cerdas bayar pajak nya juga harus pakai pengecualian.",2026-06-03 06:01:31,0,0
Y29tbWVudDoxMDI0ODU2NTIzMjI4ODQyXzk3NTc2ODUyNTI3NTUwMQ==,Cicia Septy,61550091741547,Udah bu pindah qjah ke pemprov jabar ajh bu 😂,2026-06-03 04:21:50,0,0
Y29tbWVudDoxMDI0ODU2NTIzMjI4ODQyXzI3MjMxNDU1MjQ5ODE1MTcy,Eko Hariadi,100002216991700,wajib seumur hidup ini mah 😂😂😂😂,2026-06-03 02:38:33,0,0
Y29tbWVudDoxMDI0ODU2NTIzMjI4ODQyXzk3NjEwMTY4MTg5MTY5MA==,Ahmad Fauzi,61569496764074,Ngomongnya medok bngett,2026-06-02 22:21:01,0,0
Y29tbWVudDoxMDI0ODU2NTIzMjI4ODQyXzE0MTU4MzE2MDcyNTY5MzY=,Nova Rosdiana,100026776087993,Warga Jateng patungan enggo tukar tambah paling yow setuju🤣🤣🤣,2026-06-02 22:13:11,0,0
Y29tbWVudDoxMDI0ODU2NTIzMjI4ODQyXzE5NjQyOTc4NzQyOTIxMDc=,Mandarin Mart,61572628270505,Kurang mbg nya sih ini orang🥴,2026-06-02 22:11:17,0,0
Y29tbWVudDoxMDI0ODU2NTIzMjI4ODQyXzEwMjIzMjMyNjAyNTM1NjI=,Ki Mandala,61555794650003,"Lengserin aja si lufti ganti sama yg ngerti kemauan rakyat,,ayo warga jateng bersatu nepalin si lufti",2026-06-02 22:10:10,0,0
Y29tbWVudDoxMDI0ODU2NTIzMjI4ODQyXzE3NDE0OTM3NDcxNTMxMjI=,Wiharto,100088522503891,Kucluk gubernur dobol,2026-06-02 22:08:56,0,0
Y29tbWVudDoxMDI0ODU2NTIzMjI4ODQyXzIwNjUyNDM4ODQzNzc3NDc=,Ramana Adam,100058646167233,Semua jalan ada manfaatnya.,2026-06-02 21:55:43,0,0
Y29tbWVudDoxMDI0ODU2NTIzMjI4ODQyXzE1MTU3NTM4NzY2ODgxNTk=,Andi Bendul,100006878380811,Beda baget ya .....pemikiran nya sama gubernur yg sekolah..hahahaha,2026-06-02 21:53:59,0,0
Y29tbWVudDoxMDI0ODU2NTIzMjI4ODQyXzI0ODQzMjYxNTg3NTA5MDg=,Mas Tiwul,100078651195117,Pejabat molor,2026-06-02 21:43:37,0,0
Y29tbWVudDoxMDI0ODU2NTIzMjI4ODQyXzExNzAxMjAzOTg1ODE3MjA=,Lalu Lanang,100011406056900,Gubernur nya masih ngantuk,2026-06-02 21:43:04,0,0
Y29tbWVudDoxMDI0ODU2NTIzMjI4ODQyXzE1NDY3OTY0NjM1MjcxMzc=,Adie Cah Tambenck,100001465081035,Gubernur goblok,2026-06-02 21:35:47,0,0
Y29tbWVudDoxMDI0ODU2NTIzMjI4ODQyXzE3MzI3Njg5MjE0ODk2NDk=,Shuprie Irenk,100003705201660,Kontol e gubernure seng ono gunane..,2026-06-02 21:32:15,0,0
Y29tbWVudDoxMDI0ODU2NTIzMjI4ODQyXzE3MjEyODM3NzkzMDUxMTI=,Andor'rha,100054835905076,🤣🤣🤣🤣🤣🤣🤣🤣🤣🤣🤣🤣🤣🤣🤣malu liat nya,2026-06-02 21:23:21,0,0
Y29tbWVudDoxMDI0ODU2NTIzMjI4ODQyXzE1MTUzODk1MTMzMjY2NjE=,Bang Toleh,100002508090321,Ngomong oppo kihhhhhh gawe wong rusuh ae,2026-06-02 21:21:31,0,0
Y29tbWVudDoxMDI0ODU2NTIzMjI4ODQyXzgyNDI4NTcyMzgzNzc4NQ==,Herry Mahesa,61557188336895,wong cilik plosok po meh tok no .pak wong plosok yow pajak,2026-06-02 21:06:42,0,0
Y29tbWVudDoxMDI0ODU2NTIzMjI4ODQyXzEyOTU0NDQ2NzI3OTk5ODQ=,Faleryo Fahriansyah,100084110959181,Wong koclok,2026-06-02 21:05:58,0,0
Y29tbWVudDoxMDI0ODU2NTIzMjI4ODQyXzk5NjU2MjM0MzE4ODE5OA==,Sumarna Angking,100021468077179,Gubernur kentir kue moso jalan Ra no manfaate.ko iso jadi gubernur.,2026-06-02 20:58:59,0,0
Y29tbWVudDoxMDI0ODU2NTIzMjI4ODQyXzE1MDMwNTMyNzE1NTkxOTQ=,Niman Niman,100012722680241,Mengapa kalau tengok gabenor Lutfi ngolor ini ❓❓❓❓❓❓❓❓❓❓tengok aja muka nya sudah sakit hati mengapa nya❓❓❓❓,2026-06-02 20:54:47,0,0
Y29tbWVudDoxMDI0ODU2NTIzMjI4ODQyXzk2ODY2MzgyOTM5MzY0NA==,A Ulis,61552576313896,Turun aja lu jadi gubernur soal nya goblok masa jlan ga ada manfaat nya,2026-06-02 20:54:36,0,0
Y29tbWVudDoxMDI0ODU2NTIzMjI4ODQyXzIwNjY0NzI4OTgwODE5NjI=,Voni Susanti,100036353178468,Kalo jalan gak ada man faatnya jalan kerumah pak gubernur di tutup aja,2026-06-02 20:54:01,0,0
Y29tbWVudDoxMDI0ODU2NTIzMjI4ODQyXzE0ODYxMjkwNzk4NjI5NDA=,Rasiwanpp Rasiwanpp,61565357721506,Saya dari jtg lebih nyaman  tinggal di JBR,2026-06-02 20:52:32,0,0
Y29tbWVudDoxMDI0ODU2NTIzMjI4ODQyXzEyOTcwMTc0MTU3NDQwNDE=,Ayep Sarip,100067688261948,"Gubernur NATO
NO 
Action 
Talk
Only",2026-06-02 20:50:40,0,0
Y29tbWVudDoxMDI0ODU2NTIzMjI4ODQyXzE1NDYyNDI2MTM1Njg2NjU=,Dadan M Ramdani,100007505467107,Ahmad Lutfi tahun moal ke pake lagi karna kontrolpersi omon omon kerja nya beda sama KDM,2026-06-02 20:48:17,0,0
Y29tbWVudDoxMDI0ODU2NTIzMjI4ODQyXzE2MjE2NzY1Nzg5MDM3NTQ=,Broden Baroto Wijoyo,100005218772475,"Tampaknya kalau kita brosing, gubernur terbodoh yang muncul bukan lagi abah",2026-06-02 20:20:33,0,0
Y29tbWVudDoxMDI0ODU2NTIzMjI4ODQyXzIyMjU2MjI2MTExNzUwNTU=,Agung Gunawan,100055459501702,"Keur pembagian otak,jalma ieu mah teu hadir",2026-06-02 20:16:08,0,0
Y29tbWVudDoxMDI0ODU2NTIzMjI4ODQyXzE0NzMzMDU4NTczMzEyNDI=,Karya Budi,100074682516001,"Gubernur 
Longor",2026-06-02 20:15:54,0,0
Y29tbWVudDoxMDI0ODU2NTIzMjI4ODQyXzE4NzE5MDA1NjY4MjIwNDg=,Narisma Nana,100082979263157,"Em jadi pilih kasih,🤣🤣🤣",2026-06-02 20:13:08,0,0
Y29tbWVudDoxMDI0ODU2NTIzMjI4ODQyXzEzNTcxMjczNDk2NTYxNTA=,Nedi K,100000624327802,"Untuuung bukan gubernur aing. 
Klw ini gubernur aing ehey ngerakeeeun..... !!",2026-06-02 20:08:51,0,0
Y29tbWVudDoxMDI0ODU2NTIzMjI4ODQyXzIxNjg5MTE2OTA1Njc4MjI=,Semy Doak,100055423160877,"Gubernur begok, gunanya apa rakyat bayar pajak",2026-06-02 20:07:57,0,0
Y29tbWVudDoxMDI0ODU2NTIzMjI4ODQyXzE2MzExNzA4MDQ2MzE3NjY=,Andikana Husna,100021848091378,Gubernurnya ngawur ini mah,2026-06-02 20:07:47,0,0
Y29tbWVudDoxMDI0ODU2NTIzMjI4ODQyXzE3NTEzMTU2Nzk0NTQ1MDE=,Rinto Handoyo,100026312717146,Rakyat Jawa Tengah harus bersyukur.....,2026-06-02 20:01:20,0,0
Y29tbWVudDoxMDI0ODU2NTIzMjI4ODQyXzEzMzcyNzc1MzE2MTQwNDQ=,Farid Ma'ruf,61555195589930,"Cangkeman tok gubernur 1 iki, picek.matane dalane kok g enek.gunane,cangkemu iku g enek gunane cok",2026-06-02 20:00:13,0,0
Y29tbWVudDoxMDI0ODU2NTIzMjI4ODQyXzI2OTgxNDIxNjY4MTUzNTIz,Yan Yan,100007764150504,Mungkin salah pilih gubernur..,2026-06-02 19:47:34,0,0
Y29tbWVudDoxMDI0ODU2NTIzMjI4ODQyXzg0NjUxOTk1MTQwMzg1OQ==,Kennedy Wak Ken,100080269133435,kpn mau majunya kalau pemikiran seorang gubernur kayak gini,2026-06-02 19:39:57,0,0
Y29tbWVudDoxMDI0ODU2NTIzMjI4ODQyXzEwMzU5ODY2MTIxMDI3NzA=,Yusup S,100027967441546,Pi lutpi .. bacot mu ...,2026-06-02 19:26:53,0,0
Y29tbWVudDoxMDI0ODU2NTIzMjI4ODQyXzE1NDAzNjU3OTA4Mzc1MDM=,Sazmiita Yanti,100007898712846,Gubernur koplak..pemikiran nya dangkal.beda sm Kdm.,2026-06-02 19:26:20,0,0
Y29tbWVudDoxMDI0ODU2NTIzMjI4ODQyXzEyNDAyMTk3OTQ2ODc0MDU=,Dsc Depok Solocomunity,100003284720645,Beda jauh cara berfikir gubernur jateng sama jabar,2026-06-02 19:21:37,0,0
Y29tbWVudDoxMDI0ODU2NTIzMjI4ODQyXzg1MTEzODkxODA1NTQ2OA==,Ariez Q-roen,100024752993477,Edaaan wong iki,2026-06-02 19:21:21,0,0
Y29tbWVudDoxMDI0ODU2NTIzMjI4ODQyXzEyMzg3MDcyMDE1MTIwMTQ=,Sedo Wayo,61556878281674,"Tai,,, fubenur tai,,",2026-06-02 19:13:36,0,0
Y29tbWVudDoxMDI0ODU2NTIzMjI4ODQyXzIwNTI1NjQyNzIzMDYwMTc=,Ugye,100054953913728,Di kasih Rambo pilih Sambo  rasakno 😂,2026-06-02 18:54:32,0,0
Y29tbWVudDoxMDI0ODU2NTIzMjI4ODQyXzk2MDM1Mzk5MzQ5NTcwMg==,Deddy Susandi,100028330693065,Ya Alloh pejabat makin kemari makin gemblung,2026-06-02 18:51:54,0,0
Y29tbWVudDoxMDI0ODU2NTIzMjI4ODQyXzE0Njg4NzY3MDc3OTM5ODI=,Ryzeki Sungsang,61553971381828,"Oalah..pak..pak,akehan bacot.lihat tuh KDM,ga banyak omong tapi bangun jalan mulus,emang udah kalah jauh sama KDM😂😂",2026-06-02 18:48:10,0,0
Y29tbWVudDoxMDI0ODU2NTIzMjI4ODQyXzE1MjY0OTgxMTkxNDY2NzU=,Arga Wikanjaya,61574155040942,Ya kaya cengkeme laka manfaate,2026-06-02 18:37:15,0,0
Y29tbWVudDoxMDI0ODU2NTIzMjI4ODQyXzIyNjY2NTQ3NDA3Mzg0Njc=,Uus Ali Usman Usman,61573907608859,"Kau anggap masarakat bodoh ya pak... Uh ma,af ma,af pak gubernur ...",2026-06-02 18:13:58,0,0
Y29tbWVudDoxMDI0ODU2NTIzMjI4ODQyXzk2NjU1MDE2OTMzMDczNw==,Asep Hadian,100003250613806,Oon itu pemimpin banyak teori,2026-06-02 17:44:20,0,0
Y29tbWVudDoxMDI0ODU2NTIzMjI4ODQyXzEwMDQ1MzUyNzUzNjM1OTA=,Immanuel Fernando Marpaung,100089505681081,Makanya turun ke lapangan kau PANJUL.,2026-06-02 17:32:44,0,0
Y29tbWVudDoxMDI0ODU2NTIzMjI4ODQyXzIwNjA4Njk2NjQ4NDM1Nzc=,Ahmad Tri Sakti,61575070594247,Mau ngirit duitnya tuk aapa tuh di irit amat GK mau bangun jalan,2026-06-02 17:31:52,0,0
Y29tbWVudDoxMDI0ODU2NTIzMjI4ODQyXzE2MjI1NjUxMjIxMzQzNDQ=,Purwo Budi,100026695751115,Gubernur kena batunya pasti dibuly netizen,2026-06-02 17:15:10,0,0
Y29tbWVudDoxMDI0ODU2NTIzMjI4ODQyXzk4MzM5MjU0NzQxMDI1OQ==,Yosef Mego,100088925474625,"Buat apa dibikinkan jalan dulunya klu nga penting buat masyarakat,....sumua jalan itu penting Pak Gub,...salam Waras,...!!!",2026-06-02 17:03:20,0,0
Y29tbWVudDoxMDI0ODU2NTIzMjI4ODQyXzQ0NTcxNTYyNzQ2MDU0OTM=,Asmara Muktar,100027822995076,"Yangnamanya jalan itu penting pak,",2026-06-02 16:58:57,0,0
Y29tbWVudDoxMDI0ODU2NTIzMjI4ODQyXzQ0Mzc0MTc5NDk4NTM3NDE=,Kardi Ansyah,100001718329411,Gubernur ini bisanya nyinyir pada KDM,2026-06-02 16:47:51,0,0
Y29tbWVudDoxMDI0ODU2NTIzMjI4ODQyXzgyMjM0MDExNDAzNjIxNg==,Ideng,100085451775026,Gubernur pilah pilih,2026-06-02 16:42:29,0,0
Y29tbWVudDoxMDI0ODU2NTIzMjI4ODQyXzEyODMxODAxMDM1NTI4MjE=,Tiur Samosir,100004517688717,"Padahal jalan itu, salah satu penggerak roda perekonomian di sudut manapun manusia itu tinggal",2026-06-02 16:40:26,0,0
Y29tbWVudDoxMDI0ODU2NTIzMjI4ODQyXzE1MTc0Mjg5Mzk5MjE2MTU=,Riziola Novita Novita,100007096632310,Bapaknya yg tau uang masuk. Jalan utk masyarakat tidak penting toh g dapat uang saku😅😅. Utk apa byr pajak. Uang pajak kemn dong,2026-06-02 16:36:43,0,0
Y29tbWVudDoxMDI0ODU2NTIzMjI4ODQyXzEzNDU1OTg3NDQxNDM2NTk=,Ruhyadi Bedun,100053132503449,La ini lebih pekok lgi,2026-06-02 16:30:49,0,0
Y29tbWVudDoxMDI0ODU2NTIzMjI4ODQyXzM0NzkyMjA5MTg5MjU1ODQ=,Enjang Kuswara,100052639428345,Mantap sekali  pa gubernur ini jos lah,2026-06-02 16:30:29,0,0
Y29tbWVudDoxMDI0ODU2NTIzMjI4ODQyXzI3OTkzODgwMTk2ODY2ODA1,Mimin Sri,100071561410373,"tik weneh,i masuk,an kok mlh ngotot muter2 mlh Ra jelas",2026-06-02 15:55:31,0,0
Y29tbWVudDoxMDI0ODU2NTIzMjI4ODQyXzEyMDk5NTc0Nzc4MDU2Mzc=,Onekarya,100070923650422,Beda kelassssssssss,2026-06-02 15:49:40,0,0
Y29tbWVudDoxMDI0ODU2NTIzMjI4ODQyXzEyODYyNzU5MzAyNDE1ODM=,Zahra Ocktaviani,100014167037653,Bhahahahahaha,2026-06-02 15:48:53,0,0
Y29tbWVudDoxMDI0ODU2NTIzMjI4ODQyXzQ1MDMxMTMzMTMzMDU5NTc=,Edi Torett,61574908526882,pemikiran yg luar angkasa,2026-06-02 15:40:04,0,0
Y29tbWVudDoxMDI0ODU2NTIzMjI4ODQyXzIyNTAwNzAyNzU4MDMwNjU=,Nuryadi Prepet,100020374024016,Kobisa jadi gubenur terbaik ya😭😭😭😭,2026-06-02 15:30:24,0,0
Y29tbWVudDoxMDI0ODU2NTIzMjI4ODQyXzE1MDY3MjIwNDc3OTAxNTI=,Sulaiman Aman,100079870149074,Gimana KLO gak viral kemakan omongan nya sendiri,2026-06-02 15:29:15,0,0
Y29tbWVudDoxMDI0ODU2NTIzMjI4ODQyXzIxNDY0NDAxNDk1MzA2Mzg=,Adi Sandika,61553024325766,Jgn remeh kan rakyat pak skrg rakyat sdh pintar smuanya jd kami bisa belakang mana jln propensi sama jln kabupaten sama desa lo,2026-06-02 15:29:11,0,0
Y29tbWVudDoxMDI0ODU2NTIzMjI4ODQyXzE1MjU3OTc1ODI1Mzg5OTU=,Tommy Tea,61560315167396,"Gua aneh ko ada ya gubernur kayak gitu, siapa yg pilih sih",2026-06-02 15:25:44,0,0
Y29tbWVudDoxMDI0ODU2NTIzMjI4ODQyXzE2OTM0MzExNzE5NDU3MTM=,Anwar S Anwar S,100088168931847,Jawabanya orra nyambung,2026-06-02 15:24:34,0,0
Y29tbWVudDoxMDI0ODU2NTIzMjI4ODQyXzMyMTE5NDY1MDU2NzE3NTA=,S'guex,100003652122151,"Kasian rakyat jwa tengah punya gubernur pemikiran nya kaya gitu, astgfrllh",2026-06-02 14:59:47,0,0
Y29tbWVudDoxMDI0ODU2NTIzMjI4ODQyXzExNzA3MTk1ODg1MjU3Mzk=,Bang Fey,100074464285026,Kok pendek banget yaa pemikiran nyaa...,2026-06-02 14:54:21,0,0
Y29tbWVudDoxMDI0ODU2NTIzMjI4ODQyXzIwODY4MDAwMDYwNDI3NTk=,Wawa Tok Itok,100088043205409,Gubernur jateng bodol,2026-06-02 14:48:00,0,0
Y29tbWVudDoxMDI0ODU2NTIzMjI4ODQyXzgzNTY2NDExNTkzMDYzNg==,Erna Kiswanti,100003512103691,Di kira masa rakat goblok kaya Lutfi ya,2026-06-02 14:46:54,0,0
Y29tbWVudDoxMDI0ODU2NTIzMjI4ODQyXzMzOTkzOTc3MDA0NTI3MTM=,Heru Wahyudi,100005288525347,Gubernur malu2in,2026-06-02 14:32:28,0,0
Y29tbWVudDoxMDI0ODU2NTIzMjI4ODQyXzE3Mzc1ODQxMjc2ODI1NTc=,Frangkibirahim,100090375203290,"Gubernur jawa tengah, pikirannya kayak anak SD, jalan itu lebih penting karena membantu ekonomi daerah, klau jalannya tidak diperbaiki maka ekonomi daerah juga berkurang, jalan sudah rusak nggk mau diperbaiki...ibu bupati sudah melaporkan bahwa jalan tersebut akses sangat penting, cuma jawaban gubenur bikin ketawa....😁😁😁😁😁",2026-06-02 14:26:17,0,0
Y29tbWVudDoxMDI0ODU2NTIzMjI4ODQyXzE1MDc2NzQ2NzQ0ODQ3OTA=,Jonas,100024011929936,"Kata dai mah TDK mnpaat kerna uang nyH di korup ..oleh nyH .. 
Jadi pemimpin TDK dengan rasa ati masarakat ..",2026-06-02 14:25:36,0,0
Y29tbWVudDoxMDI0ODU2NTIzMjI4ODQyXzE0ODkwMzk3MzYzMDIyMjg=,Muhammad Firadaus,100082097691560,Pertahankan org spt ini....hbs itu. Anjlepke...😂😂😂,2026-06-02 14:23:19,0,0
Y29tbWVudDoxMDI0ODU2NTIzMjI4ODQyXzIyNDk3MzgzNjI0Mzc0MDE=,Rahmandha Kenzie Septian,100024052102998,Ngga nyambung,2026-06-02 14:19:01,0,0
Y29tbWVudDoxMDI0ODU2NTIzMjI4ODQyXzEzODU3OTA4OTY3MTU1OTA=,Kahar Majid,100001380814780,Dmn mn jln utama dong...😅,2026-06-02 14:17:09,0,0
Y29tbWVudDoxMDI0ODU2NTIzMjI4ODQyXzkzMzg1OTI5OTcwNDE2NA==,Ajisolid,100027625937140,"Antara pembelaan diri & pesimis dg kemampuan diri😂😂, kocak gubernur ini,,alhamdulillah urg mh boga #KDM #jabarbersih #jabarostimewa #bpkaing",2026-06-02 14:02:20,0,0
Y29tbWVudDoxMDI0ODU2NTIzMjI4ODQyXzg0NzIxNTQ3NDY2Nzk4NQ==,Ade Rachman,100002199350761,Isi otaknya OPO iki,2026-06-02 13:49:54,0,0
Y29tbWVudDoxMDI0ODU2NTIzMjI4ODQyXzEzNDI3NzMzNTEwOTg2NTA=,Iyan Suryana,100042335926236,haha 😂 jln ko di pilah pilah .kl jelek jln bangun dong .,2026-06-02 13:08:19,0,0
Y29tbWVudDoxMDI0ODU2NTIzMjI4ODQyXzEzODkyMTM5OTY1OTc4MTA=,Hari Yn,100073594350733,Warga jateng kayaknya nyesal pilih Luthfi...,2026-06-02 12:59:42,0,0
Y29tbWVudDoxMDI0ODU2NTIzMjI4ODQyXzMxMTQ1NzM5NzIwNjExMjE=,Mas Sarik Bengkel,100085003877486,Gubernure geblek....,2026-06-02 12:57:47,0,0
Y29tbWVudDoxMDI0ODU2NTIzMjI4ODQyXzkzMTEyNTM3OTk1NDA1Ng==,Risky Prasetiya,100048717845005,Gubernur pea 🤣🤣🤣🤣,2026-06-02 12:55:19,0,0
Y29tbWVudDoxMDI0ODU2NTIzMjI4ODQyXzM5OTIzNDkyMjc3Mjk1NDY=,Rosidi Ezi,100052499152898,Congore koyo selet babi,2026-06-02 12:53:40,0,0
Y29tbWVudDoxMDI0ODU2NTIzMjI4ODQyXzIxNzYzMDQxODMxMjQ4NDY=,Pakdhe Heri Heri,100020941326440,Jabar jateng beda kelas laa...jabar pancen oye.....jateng argumen tok.....hasile nglotok...,2026-06-02 12:47:02,0,0
Y29tbWVudDoxMDI0ODU2NTIzMjI4ODQyXzgzMDI0OTk2NjgzMjcyNA==,Arkana Wahyudin,61561580127914,Ohh yo wess sakerep mu ea mas,2026-06-02 12:29:36,0,0
Y29tbWVudDoxMDI0ODU2NTIzMjI4ODQyXzEyNjUyNjgyOTIzNDk4Njg=,Hari Wiguna,100073230127404,Pajak dari rakyat bukan masalah ada atau ga ada efek keuntungan semata tapi disinikan rakyat harus merasakan dampak dari pembangunan ya seperti itu jalan minimal diperbaiki meskipun tidak mulus okey,2026-06-02 12:23:19,0,0
Y29tbWVudDoxMDI0ODU2NTIzMjI4ODQyXzEzMzQ3MDAyNTg4MTU3MDQ=,Jaga Wana,100082437805669,"Banyak bicara gub, jateng mah hasil gawe ora ono .",2026-06-02 12:09:16,0,0
Y29tbWVudDoxMDI0ODU2NTIzMjI4ODQyXzk5NzM5NzcyOTM0NTk4Nw==,Ridwan Syafari,100041959572183,Ngemeng bae,2026-06-02 11:44:28,0,0
Y29tbWVudDoxMDI0ODU2NTIzMjI4ODQyXzI3MzMxNTYzMTUzMTIyMTkz,Mamah Yani,100023249504749,"Bapa ,Aing pak KDM 👍👍❤️❤️❤️❤️🥰🙏🙏🙏🙏🙏🙏",2026-06-02 11:44:15,0,0
Y29tbWVudDoxMDI0ODU2NTIzMjI4ODQyXzE3MzU1MzMwOTc4ODU0MTM=,Muaya Ronny,100000847354079,Rakyat Jawa Tengah sangat pintar memilih pemimpin dearah,2026-06-02 11:43:42,0,0
Y29tbWVudDoxMDI0ODU2NTIzMjI4ODQyXzE0MDQwMjY0NTQ4OTQ1OTg=,Imam Fahrodin,100069733184160,Jempoool 4 lngsung buat Bpk josjis pokoe,2026-06-02 11:42:59,0,0
Y29tbWVudDoxMDI0ODU2NTIzMjI4ODQyXzEwMDYzOTQwMjg3MDg3Nzg=,Yusep Nunu,100043402542119,Asa loba lieurna...,2026-06-02 11:16:29,0,0
Y29tbWVudDoxMDI0ODU2NTIzMjI4ODQyXzIyMTY4NTM4MjI0MTYyODY=,Adian Boed,100006641351118,Buat pertimbuhanekonomi bari Bu ya ekonomi lama antepin aja,2026-06-02 11:06:38,0,0
Y29tbWVudDoxMDI0ODU2NTIzMjI4ODQyXzE4NzY5OTM1NjYzMTM5NTI=,Sadi Bey,100085316291095,Gubernur cangkeme ubet ubetan,2026-06-02 11:01:13,0,0
Y29tbWVudDoxMDI0ODU2NTIzMjI4ODQyXzg1NzMxODE2NDA5MjI1NA==,Rubyanto Dey,100095146685921,Gubernur pemikiran nya dangkal,2026-06-02 10:49:22,0,0
Y29tbWVudDoxMDI0ODU2NTIzMjI4ODQyXzg3ODI5OTE0NTMxNjk1MQ==,Dadang Jaenudin,100036552229263,Semoga Allah menunjukan jalan yang benar,2026-06-02 10:34:30,0,0
Y29tbWVudDoxMDI0ODU2NTIzMjI4ODQyXzEzNTI3MjM3NTM0NTg1Mjg=,Jamal Husen,100024820986694,Beginilah pejabat dari hasil kecurangan. Pasti otaknya kosong,2026-06-02 10:05:30,0,0
Y29tbWVudDoxMDI0ODU2NTIzMjI4ODQyXzEzMTk5NjQ1NjI5MTYwOTg=,Achmad Badri,100002424500310,klu begitu penduduk yg ada di pelosok klu ada pemilihan gubernur gak milih gak apa soalnya gak ada manfaatnya kira2 begitu 😄,2026-06-02 09:48:34,0,0
Y29tbWVudDoxMDI0ODU2NTIzMjI4ODQyXzEzNzg1ODM0Njc2NTg2Nzc=,Siti Koriah,100008572426864,Lucu gubernur nya,2026-06-02 09:12:21,0,0
Y29tbWVudDoxMDI0ODU2NTIzMjI4ODQyXzEwMTI5MjUxNzgwODkwNzY=,Bang Debleng,100015424416671,"Seakan rakyat di anggap oon ,masa katanya Ega tau jalan lab ,sama jln propinsi ,ini pejabat apa",2026-06-02 08:56:45,0,0
Y29tbWVudDoxMDI0ODU2NTIzMjI4ODQyXzE4OTg5OTY4Njc0NTQ1NzA=,Ahmad Sarifudin,100064379436044,"Banyak omong emang GUB in,,alasan nya muter² kya kincir angin ya 😅",2026-06-02 08:20:40,0,0
Y29tbWVudDoxMDI0ODU2NTIzMjI4ODQyXzI3MzUwNTU3NTUxMjQ3NzAy,Penutup,100040660030612,"Maka nya jgn di tambal pak  langsing kontruksi biar ngk ancur trus ,",2026-06-02 07:51:07,0,0
Y29tbWVudDoxMDI0ODU2NTIzMjI4ODQyXzE1NDY1NzIwMDM3Njc1OTY=,M. Ade Udut,100015006150426,Gubernur cuma butuh jabatan doang tapi ga pinter orang jawa tengah salah memilih,2026-06-02 07:49:43,0,0
Y29tbWVudDoxMDI0ODU2NTIzMjI4ODQyXzk5NTI2NTAwMjk4NTE3Ng==,Star Mari,100032070876345,Huuuh ituh bapa nya siapa yaaa  jauuuh banget dengan bapa aing mh  duuh payah deh penduduk yg ada di desa juga buruh jalan glowing  justru pangan  datang nya dari desa . apa orang desa gaboleh punya jalan bagus  aduuuh sibapa ini...😠,2026-06-02 07:46:27,0,0
Y29tbWVudDoxMDI0ODU2NTIzMjI4ODQyXzI3MTQyNDA2MjE4NzExOTM0,Kasimin Smart,61572543748210,"Urip wong kuto kui Mergo Seko ndeso,ora ko kota Nyang ndeso pak gubbbbbb",2026-06-02 07:46:15,0,0
Y29tbWVudDoxMDI0ODU2NTIzMjI4ODQyXzE1NTQ0NjI4NzI5OTMyODE=,Ali Imron Imron,100028358421360,Gulingno ae pemikirane gk masuk blas..,2026-06-02 07:41:22,0,0
Y29tbWVudDoxMDI0ODU2NTIzMjI4ODQyXzEzMTk0ODA5NTk1NTkwMTQ=,Hady Kinanty Hady,100015398682403,Mbulet koyo entut,2026-06-02 07:11:06,0,0
Y29tbWVudDoxMDI0ODU2NTIzMjI4ODQyXzgxODIwNjg0NzgzNzAyNA==,Samsudin Tengki,100000399568945,"Memang Beda, pemimpin yg cuma modal duit",2026-06-02 06:40:09,0,0
Y29tbWVudDoxMDI0ODU2NTIzMjI4ODQyXzE3MzQ0MzgzNDExMzk4NDE=,Soleh Rahmat,100038097281614,Omongane kyok wong bodo,2026-06-02 06:28:19,0,0
Y29tbWVudDoxMDI0ODU2NTIzMjI4ODQyXzIwNjkwOTEzMzQwMDE5MzY=,Hasan Syadili,61577882345537,BP Saha eta,2026-06-02 06:06:19,0,0
Y29tbWVudDoxMDI0ODU2NTIzMjI4ODQyXzE0NzY2NDQzODAzMjUxMzg=,Kasatu Rassa,100077165029497,"Kok.di.pilih.sama.masrakatya.wong
G.gitu",2026-06-02 05:52:27,0,0
Y29tbWVudDoxMDI0ODU2NTIzMjI4ODQyXzE2NTY3MDc1ODg5NjU1MDA=,Andi Suyono,100046223770251,Gubernur OPO Iki,2026-06-02 05:31:12,0,0
Y29tbWVudDoxMDI0ODU2NTIzMjI4ODQyXzE3Njg1NTk2NjA4MDY5MDc=,Faiza Shafiya,61552289236556,Lutfi mbulet AE koyo entut,2026-06-02 05:22:08,0,0
Y29tbWVudDoxMDI0ODU2NTIzMjI4ODQyXzE4NTcyNzQ5NTgyNzgyMjI=,Halil Adhan Ghifari,100004349551145,Koplak koplak...,2026-06-03 05:43:34,0,0
Y29tbWVudDoxMDI0ODU2NTIzMjI4ODQyXzE0MjcxMDMzODkxNzM2MjI=,Bang Joo,100023985294083,"Ya Allah kok masih ada ya gubernur kyak gtu, goblok nya se Indonesia",2026-06-02 21:00:10,0,0
Y29tbWVudDoxMDI0ODU2NTIzMjI4ODQyXzk5MTI4MDE4MDQzMzc1Ng==,Areisone Alaydrus,100073412852715,"Alesanne soko biyen gak enek biayane, preet....!!! pajak kendaraan arep dienggo opo, arep diemplok kabeh karo konco2mu.",2026-06-02 20:56:58,0,0
Y29tbWVudDoxMDI0ODU2NTIzMjI4ODQyXzE1NTc4OTQxNjkwNDI4MzU=,Hafiza Nurrahayu,100092297652559,Gubernur apaan,2026-06-02 20:54:26,0,0
Y29tbWVudDoxMDI0ODU2NTIzMjI4ODQyXzI3MTAwNzc1MDQ2MjUwNzkz,Abdul Karim,61556576513395,Jawaban gak mutu..jawaban yg bikin gaduh masyarakat. .,2026-06-02 20:47:17,0,0
Y29tbWVudDoxMDI0ODU2NTIzMjI4ODQyXzEwNTg4ODg5MDM5ODQxMzU=,Suhada Renal,100090678102176,Lutfi beda kesalahan dengan kdm.,2026-06-02 20:46:18,0,0
Y29tbWVudDoxMDI0ODU2NTIzMjI4ODQyXzEzMjU2MzQ5Mjk1NjA5Mjk=,Endang Suryana,100088980271101,Pantesan Jateng ga maju gubernur nya aja pemikiran dan pemahamannya aja gaya gitu,2026-06-02 20:17:30,0,0
Y29tbWVudDoxMDI0ODU2NTIzMjI4ODQyXzk2MTQ0NDI3Njg4Nzg0Ng==,Komala Sari,61551866327818,"Ya allah tabahkan... Beri sabar yang luas untuk masyarakat Jawa Tengah........ 🤣🤣🤣🤣 kok otaknya masih anak paut.... 

😂😂",2026-06-02 20:03:54,0,0
Y29tbWVudDoxMDI0ODU2NTIzMjI4ODQyXzI2MjA2NjQyMTUwOTA4MTI=,Asda Sutriadi,100033693431092,yahhh nyari yg nguntungin.....huhhhh,2026-06-02 19:38:40,0,0
Y29tbWVudDoxMDI0ODU2NTIzMjI4ODQyXzE0ODU2MzE3NzY2OTE1MzQ=,Kenzy Al Fariq,100047877018117,4 jari tengah kanggo lutfi,2026-06-02 19:16:23,0,0
Y29tbWVudDoxMDI0ODU2NTIzMjI4ODQyXzk2NzExNDAzOTY0Mzg2Nw==,PakNdah,100091771792836,Demo aja gubernur nya,2026-06-02 18:56:37,0,0
Y29tbWVudDoxMDI0ODU2NTIzMjI4ODQyXzE3MDUzMjcwOTc0NTczMTM=,Ayu Amelia,100040321490194,pejabat itu hatinya iblis semua jahat semua cuma kdm yang baik,2026-06-02 17:41:29,0,0
Y29tbWVudDoxMDI0ODU2NTIzMjI4ODQyXzIyMzk3MTQzOTY3ODA4NTA=,Santri Oleng,100048894977589,Pemimpin yg merendahkan martabat rakyatnya itu penghianat amanat....setiap jalan banyak manfaatnya bahkan jalan tikuspun itu ada manfaatnya...inikah pemimpin karbitan x seragam itu,2026-06-02 15:33:46,0,0
Y29tbWVudDoxMDI0ODU2NTIzMjI4ODQyXzEzMjEzMDM1MjI2OTYxMDg=,Mahfud Al - Ghofiqi,100044317470217,Kata pak Lutfi jalan yg ada manfaatnya itu jalan si jabang bayi,2026-06-02 14:57:37,0,0
Y29tbWVudDoxMDI0ODU2NTIzMjI4ODQyXzg4MTQ4ODI2NDIxMDg0OQ==,Antonius Bong,100000910435117,Pejabat seperti anda yang ga ada guna nya,2026-06-02 14:03:34,0,0
Y29tbWVudDoxMDI0ODU2NTIzMjI4ODQyXzI4NTk5MTE1Mjc2NzgyMjY=,Akung Bima,100043812665031,Pejabat kurang gaul,2026-06-02 13:39:28,0,0
Y29tbWVudDoxMDI0ODU2NTIzMjI4ODQyXzk3OTE0ODg2MTUzMjcxMQ==,Gopel Gopel,100066908739802,Wong model kuwi sg marakke indonesia tambah mundur,2026-06-02 13:21:38,0,0
Y29tbWVudDoxMDI0ODU2NTIzMjI4ODQyXzEzMTY5NjE2NTA0MDMxNjg=,A'Yudi Pohay Pohay,100044595067590,KDM emang jauh lebih baik dari yg banyak bacot,2026-06-02 13:14:45,0,0
Y29tbWVudDoxMDI0ODU2NTIzMjI4ODQyXzk4Mzg1ODEwMTAzMTM3NA==,Juhana Heru,100029698713886,"Iyeu Saha NU milih sih gubernur kos kie ,ampun Gusti",2026-06-02 12:44:58,0,0
Y29tbWVudDoxMDI0ODU2NTIzMjI4ODQyXzE1NTc5Mzk0MDI2NDU5NTQ=,Nirwan Maulana,100080269462057,"Dikira pinter, ternyata mudeng",2026-06-02 12:43:10,0,0
Y29tbWVudDoxMDI0ODU2NTIzMjI4ODQyXzE1NTY2NjY3ODI2MTI0MTA=,Surahman Rama,100000177906373,Parah ni gubernur... 😂😂😂😂,2026-06-02 12:19:21,0,0
Y29tbWVudDoxMDI0ODU2NTIzMjI4ODQyXzE3NzkwMTEzMjMyMzU4MTg=,Sutarto Tarto,61561638196259,Gubernure pekok dalaori dalan bodol jawabane kaya celeng asu asu,2026-06-02 11:48:01,0,0
Y29tbWVudDoxMDI0ODU2NTIzMjI4ODQyXzE2ODQ2OTY5NDI4NDA1OTA=,Budi Subiakto,100066818177474,Wis gak pantes dadi gupenur.gupenur koplak,2026-06-02 11:18:57,0,0
Y29tbWVudDoxMDI0ODU2NTIzMjI4ODQyXzE1Mjc4OTAyNjg4MjA1MDY=,Esih Sukarsih,61564158206386,Daripda  benerin jalan mnding buat isi perut sama kebutuhn nya 😂,2026-06-02 09:47:20,0,0
Y29tbWVudDoxMDI0ODU2NTIzMjI4ODQyXzU0MzA4NjQ3NzA0NzEwODU=,Asep Tomtom Diliana,100093647506881,TADINYA BEKAS ORANG BERBELIT MELILIT RAKYAT .TAU KAN  .......PASTI DI PAKE LAGI .POLISI,2026-06-02 09:36:42,0,0
Y29tbWVudDoxMDI0ODU2NTIzMjI4ODQyXzE3NDMyMjk1MjM1MDY5NDE=,Asep Saripudin,61569783441381,Pejabat edan wong gendeng,2026-06-02 09:14:32,0,0
Y29tbWVudDoxMDI0ODU2NTIzMjI4ODQyXzE2OTkzMDEzMTQ0MzY5NjI=,Al Ghifari,61576777592669,Dgn jln mulus dn bgus mka d stu psti akn tumbuh perekonomian yg bgus ...lain dgn pa gub ini hrs melihat dlu yg skrang ad potensi ekonomi yg brjalan bru tu jalan d tambal² kalau kya gni pertumbuhan ekonomi gk akan bertambah ..bnr gk?,2026-06-02 07:38:57,0,0
Y29tbWVudDoxMDI0ODU2NTIzMjI4ODQyXzIyMzE0NTgwOTQyOTU1OTg=,Mimin April,100036246855690,"Otak nya di mana ini pemingpin ,parah",2026-06-02 07:10:36,0,0
Y29tbWVudDoxMDI0ODU2NTIzMjI4ODQyXzE2Mjc2NTE5MjkzNjY0MDI=,Rury Refleksi,100094172348989,"Ws g masok pk pikiran mu,jauh sama KDM sat set lsg beres ,py ndwe gubernur ngene ki ora dwite dwe kok eman arep gae mbangon pak2",2026-06-02 06:56:25,0,0
Y29tbWVudDoxMDI0ODU2NTIzMjI4ODQyXzEwNTE3MDQ3MDc0MjM1NzU=,Datok Attalah Skm,61551825041794,Hahahaha punya masyarakat kok pilih kasih,2026-06-02 06:52:52,0,0
Y29tbWVudDoxMDI0ODU2NTIzMjI4ODQyXzIwMzk0MTM3NTk5OTEwNTk=,Halimatu Sa'diyah,100082583589380,Sak karepmu pak... Kebanyakan teori tapi prakteknya 0,2026-06-02 05:58:51,0,0
Y29tbWVudDoxMDI0ODU2NTIzMjI4ODQyXzE2MjIwODgxNzk0NzczNzc=,Ibar New,100045773284199,Gubernur lucu,2026-06-02 05:18:23,0,0
Y29tbWVudDoxMDI0ODU2NTIzMjI4ODQyXzExODk5Mjc4ODk4OTA5NzA=,Al Azam,61573453975624,Gubernur asu,2026-06-03 04:44:56,0,0
Y29tbWVudDoxMDI0ODU2NTIzMjI4ODQyXzE1MzM2NTEyMTUxMTgxMzY=,Vergo,100009684725418,Setiap pembangunan pasti ada manfaat kecuali pembangunannya dikorupsi 🤷‍♂️,2026-06-02 22:20:32,0,0
Y29tbWVudDoxMDI0ODU2NTIzMjI4ODQyXzE1NjQxOTM4OTE5MzgxMTg=,Eko Riyanto,100028795487566,pinter ngomong doang ...kerja nyata kaya kdm,2026-06-02 21:27:23,0,0
Y29tbWVudDoxMDI0ODU2NTIzMjI4ODQyXzIwNDgwNDU2NDk0NTEzNjI=,Raka Wijaya,100039858752892,Lengserkan,2026-06-02 21:26:23,0,0
Y29tbWVudDoxMDI0ODU2NTIzMjI4ODQyXzEwMTQwOTM3NTQ2MTkzNTk=,Odink Kpk,100004059440211,Calon RI 1 2029 🥺🥹😭,2026-06-02 21:20:18,0,0
Y29tbWVudDoxMDI0ODU2NTIzMjI4ODQyXzIwNjM2NjIxODc1MTUzMjI=,Agus Noah,100049619527791,Kdm terbaik ♥️♥️♥️♥️,2026-06-02 21:14:40,0,0
Y29tbWVudDoxMDI0ODU2NTIzMjI4ODQyXzg1MzIwODEzMDY3MDM1OQ==,Udin Ariga Ariga,100093519873172,"OMONG kosong""😁😁😁",2026-06-02 20:43:21,0,0
Y29tbWVudDoxMDI0ODU2NTIzMjI4ODQyXzE3MzMxNjA0MjQ3ODQwOTQ=,Erni Gefillia,61550935635740,Bilang sja Kao TDK sanggup karna takut uang Kao berkurang SDH jelas2jln tuh penting malah ngomong TDK bermampaat gmna pemikiran Kao dasar oon,2026-06-02 19:56:14,0,0
Y29tbWVudDoxMDI0ODU2NTIzMjI4ODQyXzIwOTE5MDM1NTE3MTA2NzM=,Rony Nation,100063071475140,Omon omon gu jateng,2026-06-02 18:45:05,0,0
Y29tbWVudDoxMDI0ODU2NTIzMjI4ODQyXzI1Mzg1MzA3NzMyNDU4MzA=,Ade Pangesti Adi,100019269673098,"Kakean cangkem Kowe lah,Ra pantes dadi gubernur Kowe woy",2026-06-02 18:02:36,0,0
Y29tbWVudDoxMDI0ODU2NTIzMjI4ODQyXzEyODg2ODU0NjAwOTkzOTg=,Dupe Pe,61566869451609,"Ko jln ga ada manpaatnya pak,igimana ini justru ada jln akses ekonomi lancar",2026-06-02 17:49:16,0,0
Y29tbWVudDoxMDI0ODU2NTIzMjI4ODQyXzk4MDE4MTQxMTY2MzkxNg==,Ike Supomo,100063615826800,Koyo cah angon mbulet pak,2026-06-02 17:46:56,0,0
Y29tbWVudDoxMDI0ODU2NTIzMjI4ODQyXzI3MTU0NzAyNzA3NTI4Nzk3,Rlan Alfandi,100056754224662,Itu gubernur siapa yg milih nya,2026-06-02 15:53:53,0,0
Y29tbWVudDoxMDI0ODU2NTIzMjI4ODQyXzEzMzQ2NjQ1NTU0MjYwODM=,Polget Polget Oget,100032677097849,Gubernur komedi,2026-06-02 15:41:44,0,0
Y29tbWVudDoxMDI0ODU2NTIzMjI4ODQyXzE1MTM4MjAxMzcxMTg2MDE=,Gandek Lombok,100089966765465,"Gubernur kebanggaan warga Jateng,ayok dukung sampai 10 periode😂",2026-06-02 14:59:16,0,0
Y29tbWVudDoxMDI0ODU2NTIzMjI4ODQyXzIxMDIwOTk0MDcxODc0NDQ=,Ika Jatnika,100013898177232,"Untung bukan gubernur Jabar, hadeuh ...",2026-06-02 14:55:48,0,0
Y29tbWVudDoxMDI0ODU2NTIzMjI4ODQyXzEwMjIxMzk2MzQwODE0MDE=,Saepul Uyun Reel,100003790712661,Owalah ko pikirane kaya wong gedeng ya inftastruktur bagus ketahanan pangan bagus kenpa biyaya ongkos gak mahal kalo jalan nya bagus coba bapa ke plosok desa yang seharus nya harga jagung itu kisaran 6.100 jadi 5.700 kenpa biyaya ongkos nya dari ladang ke bandar mahal karna jalan nya jelek beda jalan bagus harga ongkos lebih ringan,2026-06-02 13:55:53,0,0
Y29tbWVudDoxMDI0ODU2NTIzMjI4ODQyXzE4OTQ4NDQ4MDExNzc3Njk=,Cucu Sutarja,100016628443471,Cangkem mu,2026-06-02 12:17:44,0,0
Y29tbWVudDoxMDI0ODU2NTIzMjI4ODQyXzE2NzU3ODQ5NDM3Mjc3MzY=,Sawol Wagishab Bike's,100019558082679,Gubernure nek bangun jalan kui males soale ra ono batine wkwkwkwk,2026-06-02 11:28:45,0,0
Y29tbWVudDoxMDI0ODU2NTIzMjI4ODQyXzEzMzAzMTg1MTI0MTAwOTU=,Dedi Prasetyo,61576106871501,"Stresss,,, aku g nyobos dia lhoooo🤣",2026-06-02 11:00:06,0,0
Y29tbWVudDoxMDI0ODU2NTIzMjI4ODQyXzE2MzgwMDQ3NDA2MDcwMjY=,Takokak Adyalis,61566874082289,"jng samakan lagi dng kdm ,,saya mohon buat gub Jateng kritik aza diri sendiri,, jng libatkan kdm",2026-06-02 10:14:14,0,0
Y29tbWVudDoxMDI0ODU2NTIzMjI4ODQyXzEyODIxNTk4NzA3NDYzMTY=,Lihar Yanto,100057262573859,.geton milih mileh kuwe.huuuuuh,2026-06-02 08:52:27,0,0
Y29tbWVudDoxMDI0ODU2NTIzMjI4ODQyXzE3NDY1MTU4MDMzOTI5NjE=,Rohmat Ikeww,100065167590037,Oalah pantesan mikir nya kayagini🤣,2026-06-02 08:40:24,0,0
Y29tbWVudDoxMDI0ODU2NTIzMjI4ODQyXzE5OTc2NzIxOTc2MTE1MjM=,Nurul Hadi,61554553314531,Begini lah kalau salah pilih pemimpin,2026-06-02 08:22:11,0,0
Y29tbWVudDoxMDI0ODU2NTIzMjI4ODQyXzIxNjE5MDk1NTQ2NjA3NDc=,Hamda,61551625844871,Ws di usulno ijeh pekok,2026-06-02 08:00:38,0,0
Y29tbWVudDoxMDI0ODU2NTIzMjI4ODQyXzE0MDM2NDc0NDE2MTY2NTI=,Ade Hamdan,100015749493512,Udah warga blora-CEPU keluar aja dr propinsi Jateng 😇😇😇,2026-06-02 07:52:05,0,0
Y29tbWVudDoxMDI0ODU2NTIzMjI4ODQyXzIyMTc4ODk0MTg3NTQzNjA=,Akbar Dwi,61580891605355,Opo ono dalan seng gak ono manfaate... Ngomong kok nglantur,2026-06-02 05:25:22,0,0
Y29tbWVudDoxMDI0ODU2NTIzMjI4ODQyXzE3MjYwNTE4MTE3NDAzMzI=,Juli Koi,100057883897449,bingung rakyat nanggapix mbuh kemana arahx iki cangkeme,2026-06-03 05:57:00,0,0
Y29tbWVudDoxMDI0ODU2NTIzMjI4ODQyXzEwMjIzNDcwMzY5Mjg1NTc=,Ahmad Bng Jok,61559322731367,Banyak igak ngomong  huhh,2026-06-02 22:26:09,0,0
Y29tbWVudDoxMDI0ODU2NTIzMjI4ODQyXzI0ODcwMTc2MDUwNjkyMDA=,Suryana Suryana,100066196852470,orng ini blm bisa krj lbih bnyak ngomong y,2026-06-02 22:00:44,0,0
Y29tbWVudDoxMDI0ODU2NTIzMjI4ODQyXzE4OTE1NjQ5MDQ4NDM4OTE=,Mujiono Bin Achmad,100023027541833,Gubernur paling goblok sepasang sejarah Jawa tengah,2026-06-02 21:05:50,0,0
Y29tbWVudDoxMDI0ODU2NTIzMjI4ODQyXzk5NzYyOTIzMjk5Nzk1NQ==,Piping,100095385189912,Wlaupun bukn sya  punyak ngubenner  turunin ini gubennor,2026-06-02 18:45:32,0,0
Y29tbWVudDoxMDI0ODU2NTIzMjI4ODQyXzE1NDc4NDgyNzY5NDQyMzQ=,Ariya Wijaya,100089066529234,Anggap aja semut yang ngomong pak,2026-06-02 18:35:32,0,0
Y29tbWVudDoxMDI0ODU2NTIzMjI4ODQyXzE4NTE3OTEyNjkzNjM3NDA=,Banyu Langit,61550794856645,"Tambah tuo jans enak nikmati urip pensiunan
Lah ngene di di elek"" wargane dewe.. durung besok ono kisaf akherat sbg pemimpin",2026-06-02 18:16:33,0,0
Y29tbWVudDoxMDI0ODU2NTIzMjI4ODQyXzEwMTc1MDgyMDczODc4MDc=,Bang Abdul Kharim,100004346287861,Wes Gedhe kok jek goblog,2026-06-02 17:44:35,0,0
Y29tbWVudDoxMDI0ODU2NTIzMjI4ODQyXzE2MDAwMjc3Nzg0NjgwOTI=,Ago Hermansyah,100030112517493,Koplak,2026-06-02 17:08:44,0,0
Y29tbWVudDoxMDI0ODU2NTIzMjI4ODQyXzE2MjM0ODMxMjg3MTMxNjA=,Anton Heryanto,100060701173663,"Kenapa debat dulu, bagusnya turun kelapangan ...",2026-06-02 16:29:52,0,0
Y29tbWVudDoxMDI0ODU2NTIzMjI4ODQyXzk4NjY4NTM1NDI5MDg5MA==,Alghiefari Herbs,100008230932451,Ini Gubernur nya warga mana  ya pola pikir nya masih kebelakang😂😂,2026-06-02 15:46:02,0,0
Y29tbWVudDoxMDI0ODU2NTIzMjI4ODQyXzEyOTE4MzcyNTk3ODMzNjk=,Siti Nuraidah,100076632685602,Muksud ngomong eta gubernur make pikiran teunya,2026-06-02 15:21:13,0,0
Y29tbWVudDoxMDI0ODU2NTIzMjI4ODQyXzE1MTI0Mjg1MTM2NjY1MjU=,Abo Sanjaya,61555840585289,Anggap manusia Bodh rayat 😝😝😝😝😝😝,2026-06-02 14:14:13,0,0
Y29tbWVudDoxMDI0ODU2NTIzMjI4ODQyXzIzNTc3NjcyMzE0MTQyNTk=,Budi Tri P,61565440845734,Mantap kdm,2026-06-02 13:28:08,0,0
Y29tbWVudDoxMDI0ODU2NTIzMjI4ODQyXzk3MzMxNDUxMjE2MDA0Mg==,Rafi Akbar,61557649935797,Biyuh2 jawaban nggak masuk akal,2026-06-02 12:15:58,0,0
Y29tbWVudDoxMDI0ODU2NTIzMjI4ODQyXzE2OTc3MjY5NDE1Mzg1ODg=,Gunawan Oci,61569606639132,ADUH,2026-06-02 12:11:46,0,0
Y29tbWVudDoxMDI0ODU2NTIzMjI4ODQyXzk5NDU5NjEyMzE3NTIzOA==,Andi Sahra,100056174732858,"dari vidio ini kita bisa menilai Bedanya gubernur Jateng  di orkes oleh bupatinya untuk pembangunan 
bedanya gubernur Jabar KDM nya yang mengorkes kepada para bupatinya untuk pembangunan smpe ke pelosok desa",2026-06-02 10:41:23,0,0
Y29tbWVudDoxMDI0ODU2NTIzMjI4ODQyXzE0OTExMzIzODkzNzkxOTQ=,Emil Yusuf,61579291701624,Makannya otak dungu jangan ditaru didengkul ..beda banget mah ama kdm...,2026-06-02 09:37:09,0,0
Y29tbWVudDoxMDI0ODU2NTIzMjI4ODQyXzI1MzM5NTUxNTAzNjc5NDk=,Meteor Farming,100090776437771,Kenapa model pejabat kaya begini diharuskan jadi Gubernur sih...? Yaa Alloh naha teu lenyapkeun wae jelema model kieu...,2026-06-02 08:09:33,0,0
Y29tbWVudDoxMDI0ODU2NTIzMjI4ODQyXzg4NTY1Nzk2MTIzMjQ3OQ==,Alfa Risi,100084621114256,Si lutfi takut kluar duit.tak mau rugi..takut gk cukup duitnya masuk poket,2026-06-02 08:08:44,0,0
Y29tbWVudDoxMDI0ODU2NTIzMjI4ODQyXzEzMDQ0MzQ1Mjc5NDE1ODc=,Andi Prabu,100028671859722,Alah pret lho .,2026-06-02 06:46:16,0,0
Y29tbWVudDoxMDI0ODU2NTIzMjI4ODQyXzE2ODIzMzQ0OTk2NzQ5Nzk=,Sukiman,100015356107020,Kakean cangkem,2026-06-02 05:06:44,0,0
Y29tbWVudDoxMDI0ODU2NTIzMjI4ODQyXzE3MzI0NTYxMzQ3NzQ3MDI=,Egi Setiawan,100044870979462,"Intinya nnti saya gk bisa korupsi,ngomong gt aja ko susah",2026-06-02 15:44:46,0,0
Y29tbWVudDoxMDI0ODU2NTIzMjI4ODQyXzE4Nzc5MjY5NjYyMTcxNzA=,Amsori,100013649556589,"Yang salah yang memilih Gubernur masa orang begitu d pilih , d kembalikan saja pada alam jahil iya😂😂😂😂😂😂",2026-06-02 19:50:26,0,0
Y29tbWVudDoxMDI0ODU2NTIzMjI4ODQyXzEzNjY5NjE5MjE5MTM0MTc=,Joke Sidi Langkawe,61551484107286,Ngalor ngidul camkem besar ilmu dangkal gubenor Jateng,2026-06-03 12:25:05,0,0
Y29tbWVudDoxMDI0ODU2NTIzMjI4ODQyXzE3MTE4MjE4ODAxNTI0OTU=,Dika Aprillo,61583780496965,"Mendukung sepenuhnya gubernur Jateng, karna gubernur seperti itu tidak ada lagi stoknya,. Tanpa adanya pak gubernur Jateng yg sekarang, masyarakat Jateng kga bakalan sejahtera.   Lanjutkan pak sampai rakyatmu menangis...😆😆🤭",2026-06-03 08:01:03,0,0
Y29tbWVudDoxMDI0ODU2NTIzMjI4ODQyXzEzMTc1MTA1ODA1MTAxMTc=,Tri Yono,61552696851882,Banyak cocot gk bisa kerja  gubernur gini kok di bandingkan kan sama gubernur jabar😂😂,2026-06-03 06:39:38,0,0
Y29tbWVudDoxMDI0ODU2NTIzMjI4ODQyXzEyOTI3OTE4MDk2ODc0MTQ=,Naimar Adhinata,100092689976185,Ngomong apasih.....ga jelas sekolahnya tamatan apasih......,2026-06-03 06:11:33,0,0
Y29tbWVudDoxMDI0ODU2NTIzMjI4ODQyXzE0MzMwMjcwMDU1MjAyMTI=,Udin Bengkel,61577278520746,Patut gubernur seumur hidup 😂😂,2026-06-02 21:52:58,0,0
Y29tbWVudDoxMDI0ODU2NTIzMjI4ODQyXzQ1NzU1NDM1NTYwMDk4NjU=,Ridhoilahi,61552092687760,Jangan nyesel kan masarakat yg milih,2026-06-02 21:43:08,0,0
Y29tbWVudDoxMDI0ODU2NTIzMjI4ODQyXzI3NDY1NDg5NzM5NzUzNTMy,Tatang Hidayat,100060681229647,Ah banyak bicara kerja di lapangan 0 besar ....udah kompak. Aja jangan bayar pajak kendaraan susah amat sih jalan ancur mah,2026-06-02 21:38:05,0,0
Y29tbWVudDoxMDI0ODU2NTIzMjI4ODQyXzM2MDQ2Mjc5ODc1MDE2NDIx,Muhammad Mistam,100052301354790,"Jalan dulu baru ekonomi jalan pa de, jangan d beda bedakan",2026-06-02 21:22:51,0,0
Y29tbWVudDoxMDI0ODU2NTIzMjI4ODQyXzIxMTExNTAxNTYxNDk4NzU=,Ahmad Efendy,61567238473602,"Si Lutfi kalo di komen sm rakyat nya kebanyakan drama omongan nya muter2
Mirip Rk banget..
Gak mau di komen",2026-06-02 21:08:38,0,0
Y29tbWVudDoxMDI0ODU2NTIzMjI4ODQyXzIwMjI2NjkwOTgzNDc3Mzk=,Norinto,100039988315451,Gubernurnya bloon lutfi,2026-06-02 21:05:52,0,0
Y29tbWVudDoxMDI0ODU2NTIzMjI4ODQyXzk2Njc3NjEwMjgyNDU2OA==,Dedi Doank,61583607603761,gubernur kaya gitu masih di pilih,2026-06-02 21:01:14,0,0
Y29tbWVudDoxMDI0ODU2NTIzMjI4ODQyXzI0NTM4MjM5OTUwOTgzMjQ=,Arjuna Rampal,100024380250768,ini pejabat hanya mikirin perutnya sendiri pejabat goblok,2026-06-02 20:58:36,0,0
Y29tbWVudDoxMDI0ODU2NTIzMjI4ODQyXzk5ODAyNTIyMjg3NzQ2Mg==,Inharis Sulistiyo,61564481795482,Koen iku lutfi gubernur si mbone ancuk,2026-06-02 20:43:14,0,0
Y29tbWVudDoxMDI0ODU2NTIzMjI4ODQyXzIxNjc3NTgwNjA3NDI2NDQ=,Sendalcepit,100040436740456,"lutfi yang gak ada manfaatnya،giliran bahas soal pajak cepet banget ngomong nya.
salah apa sih jateng punya gubernur kok gini amat",2026-06-02 20:36:29,0,0
Y29tbWVudDoxMDI0ODU2NTIzMjI4ODQyXzkzNDcwMzQ3NjI4ODQ3NQ==,Sahrul Suaedi,100056361634677,Aneh tapi nyata.,2026-06-02 19:47:03,0,0
Y29tbWVudDoxMDI0ODU2NTIzMjI4ODQyXzE2OTUwMTcyMzE1Mjc3NTI=,Aghnia NurSyarif,100048690367161,la itu eweknya buat rakyat,2026-06-02 19:24:01,0,0
Y29tbWVudDoxMDI0ODU2NTIzMjI4ODQyXzE5ODcwNDI0OTIyMDU5NzA=,Ilham Jr.,100026587683270,Besok yqlon lagi pak,2026-06-02 19:18:29,0,0
Y29tbWVudDoxMDI0ODU2NTIzMjI4ODQyXzE1NjYwNDQxMjE4MDMxMDQ=,Memet Hadiyanto,100034510311105,"Enak dong warga Jateng, jalan yang gak ada manfaatnya bisa di bikin tempat tinggal kek warung kek .tinggal di manfaatkan aja sama warganya,gubernur kan yang bilang jalanya gak ada manfaatnya.",2026-06-02 19:10:17,0,0
Y29tbWVudDoxMDI0ODU2NTIzMjI4ODQyXzEzNDIyNzYxNjc4MjU3Mjc=,Gustian Depp,100000873466938,😂😂 kocak,2026-06-02 19:08:09,0,0
Y29tbWVudDoxMDI0ODU2NTIzMjI4ODQyXzc5NTI1OTcwMDIwNzU1OQ==,Mohamad Jaelani,100023294112169,"Hayo yang milih siapa ya..? 
Besok besok ada pemilihan gubernur... ???Ya tau lah dan cerdaslah",2026-06-02 18:45:20,0,0
Y29tbWVudDoxMDI0ODU2NTIzMjI4ODQyXzE3MzM0MjQ3MTQzMTY3MjA=,Porath Putra,61582454407593,Ini bus jadi kaya sudewo ini kasusnya .omongan nya,2026-06-02 16:43:48,0,0
Y29tbWVudDoxMDI0ODU2NTIzMjI4ODQyXzk4MDMxNjM3MTY1MzE3MA==,Acanudin Ode,100070888825669,Malas liat wajamu,2026-06-02 15:00:37,0,0
Y29tbWVudDoxMDI0ODU2NTIzMjI4ODQyXzE2NjM0NzU0NTQ4ODQ5MjU=,Mamat Rendy Dompu,61550597356612,Ng usah jdi gubernur koe nek bodoh,2026-06-02 14:45:23,0,0
Y29tbWVudDoxMDI0ODU2NTIzMjI4ODQyXzE2NzU1MTY4MTM2ODg4MzI=,Nurcholis Sackhmy,100021497162878,Gubernur ko gitu ngomongnya,2026-06-02 13:40:15,0,0
Y29tbWVudDoxMDI0ODU2NTIzMjI4ODQyXzE1MjYzNjY3MDkwMjEzMTA=,Iyef Thohendhi,100087579601304,baru x ini ada gub SE tolol gub jateng,2026-06-02 13:05:12,0,0
Y29tbWVudDoxMDI0ODU2NTIzMjI4ODQyXzIwMTUyMDM1MzI1MjE0MDE=,Pasukin Bonceng Angin,100007735306276,"Kan ente pemimpinnya bahlul, aneh wkwkwk",2026-06-02 13:00:38,0,0
Y29tbWVudDoxMDI0ODU2NTIzMjI4ODQyXzE5ODI4MDg5OTU2Nzc4MTk=,Gil Ang,61556881916886,Kasian c ibunya😭,2026-06-02 11:48:08,0,0
Y29tbWVudDoxMDI0ODU2NTIzMjI4ODQyXzE2NTc1OTQzNjU0OTkwNDU=,Rahmat Ramadhan,100075027804044,Kolo ada ksulitn Berguru sm kdm pak ...gk usa malu...,2026-06-02 11:36:55,0,0
Y29tbWVudDoxMDI0ODU2NTIzMjI4ODQyXzEwMDEwMjQ2MzkwNzgyMzk=,Arifin Ari,100057056835072,Ke banyakan mikir bapa,2026-06-02 11:30:47,0,0
Y29tbWVudDoxMDI0ODU2NTIzMjI4ODQyXzE1OTQ4NDkyNDIxNjM0MDc=,Muhammad Risman,100004398557259,Ciri pejabat mikirin diri sendiri dan keluarganya tidak pantas jadi pejabat,2026-06-02 10:46:39,0,0
Y29tbWVudDoxMDI0ODU2NTIzMjI4ODQyXzIyNTgxNDM5MjUwMTAxMDg=,Ezza,100054810586377,Hahahhaa entar jugaa meleduk prutnya kebanyakan nyerut,2026-06-02 10:30:18,0,0
Y29tbWVudDoxMDI0ODU2NTIzMjI4ODQyXzEwMTI4OTY2NzEyMjQ1ODY=,Yani Bule,100016033440560,Pemimpin yg aneh,2026-06-02 08:58:06,0,0
Y29tbWVudDoxMDI0ODU2NTIzMjI4ODQyXzEyODY3MjAyNjAzMDE4NTk=,Suhendar Suhendar,100048147915233,Kalo jalan gak ada manfaatnya la gubernur ada manfaatnya gak utk rakyat kali gak ada mundur aja,2026-06-02 08:32:43,0,0
Y29tbWVudDoxMDI0ODU2NTIzMjI4ODQyXzc2MTM2NDUzNjk5NzgzNA==,Tajudin Ajun,100034646224958,"Ko omongan gubernur gitu yah, harusnya berpikir pak luhfi.",2026-06-02 07:07:48,0,0
Y29tbWVudDoxMDI0ODU2NTIzMjI4ODQyXzE1NTk3MjgxNTU3MjMzNzE=,Apa Ai Apa Ai,61583801609709,Adduh aku jadi merasa kasian ma warga Jateng ya Allah ya Rahman ya rahim ampuun deeeeh ?,2026-06-02 06:32:55,0,0
Y29tbWVudDoxMDI0ODU2NTIzMjI4ODQyXzg3MjA2NzI0NTk1NjI3MQ==,Achmad Muharam,100006947050996,Yg jawa tengah itu woalah...kasihan rakyat pedesaan nya..,2026-06-02 06:27:54,0,0
Y29tbWVudDoxMDI0ODU2NTIzMjI4ODQyXzk3NzE5MDEyNTAyMjg0Mw==,Ningsih,100006829743915,Massukna ?,2026-06-02 06:17:51,0,0
Y29tbWVudDoxMDI0ODU2NTIzMjI4ODQyXzE1MjEzODQ1NDI3NjgyMjA=,Wasito Ali,100000524064250,"Moso jalan gak ada manfaatnya, piye to ki, kok blas gak bermutu solusinya, mesakne rakyat karo pejabat sing neng ngisor",2026-06-02 06:11:13,0,0
Y29tbWVudDoxMDI0ODU2NTIzMjI4ODQyXzI0NjU5ODE0ODcxNTgyMjE=,Bokapalif Bokapalif,100027096790443,"Wong otak nya kaya gitu ko, dulu d pilih jd gubenur, kapan mau maju Jawa Tengah, le pemikirane picis kaya gitu,",2026-06-02 05:37:18,0,0
Y29tbWVudDoxMDI0ODU2NTIzMjI4ODQyXzEwMDI3Mzk3NDU0MzM5Njk=,Suparno Riyanto,100068603597011,"Salah  milh biyen ,, dadine  menyesal,,",2026-06-02 05:25:13,0,0
Y29tbWVudDoxMDI0ODU2NTIzMjI4ODQyXzE0NzAxOTY3NTA5ODM0Mzc=,Hana Alhadidi,61555157068263,Angel.    Jlnn. Kooo.  GA Ada mangng.   Paatnyah😁😁😁😁😁😁😁😁😁,2026-06-02 05:01:56,0,0
Y29tbWVudDoxMDI0ODU2NTIzMjI4ODQyXzE3MDYwNzExMTA1MjcwMTk=,Wahyu Teknik,100093067211610,Pecat waeee,2026-06-03 13:06:04,0,0
Y29tbWVudDoxMDI0ODU2NTIzMjI4ODQyXzIzNDAxMzU5NDMxNDczNjk=,Bang Lay,61573913203311,"Buat aja jalan kaya Malaysia ga pilih pilih 
Mada bikin jalan hitug hitungan bodohhh",2026-06-03 12:59:57,0,0
Y29tbWVudDoxMDI0ODU2NTIzMjI4ODQyXzEwMzI5OTQyMTI3MTQ1NTA=,Noey Incu Zeus,100002622345084,"Kl saya sih JD warga yg jalan nya gak bermanfaat,, mendingan stop aja pajak nya ,,gak usah d bayar...gitu aja ko repot...🤣🤣🤣",2026-06-03 01:46:59,0,0
Y29tbWVudDoxMDI0ODU2NTIzMjI4ODQyXzI1MDM5NzE1NTAwMzA5MTA=,Ashar Decil,100039150439987,Gubernur tai laso,2026-06-03 00:24:34,0,0
Y29tbWVudDoxMDI0ODU2NTIzMjI4ODQyXzE2NjYxMzc1NTc5OTE5ODk=,Angkara Murka,61576707322848,Orang ga waras jadi gubernur ya begini,2026-06-02 22:15:47,0,0
Y29tbWVudDoxMDI0ODU2NTIzMjI4ODQyXzE0Nzk2MTAxNzM2Mzc4MDE=,Ndoro Kakung Goen,100040047350882,Kalau begitu cerita nya yg salah siapa yang milih.,2026-06-02 22:11:22,0,0
Y29tbWVudDoxMDI0ODU2NTIzMjI4ODQyXzE2NTYyNjAzOTg5MTc5NjA=,Masmu Rianto,100026724413576,"Bpk aing hebat
Sehat sll KDM. Gubernur hebat jabar. Istri adek saya orang jabar. Isrtri ponakan saya orang jawa tengah.bpk KDM hebat. Gubernur jabar hebat. Semangat kita semua",2026-06-02 22:02:00,0,0
Y29tbWVudDoxMDI0ODU2NTIzMjI4ODQyXzIyOTMwNTUyNzgxMjI1MTE=,Meiymeiy Meilia,100003135246737,"Y jelas beda kelas
Gak sebanding gubernur jaten sama Jabar disamakan
Klu memang mau disamakan Jateng hampir mirip lah sama gubernur Kaltim.",2026-06-02 21:47:08,0,0
Y29tbWVudDoxMDI0ODU2NTIzMjI4ODQyXzEyOTk0MjQxMTg1NzEyMTM=,Sutrisno Sutris,61563205261338,"Pak GUBERNUR ...... , TINGGAL NGASIH PERINTAH KOK REPOT .......OJO MANE METU DUIET , LA GUNA NE DUIT PAJAK RAKYAT KANGGO ......OPO ....., OPO AREP DI BADOK DEWE .....😁😁😁🤣🤣🤣🤣🤣",2026-06-02 21:19:59,0,0
Y29tbWVudDoxMDI0ODU2NTIzMjI4ODQyXzIwOTU1NTE3NDQ3MDQzMzc=,Iwan Tea Wantea,100027069948511,Knp PD salah pilih pemimpin .,2026-06-02 21:03:43,0,0
Y29tbWVudDoxMDI0ODU2NTIzMjI4ODQyXzIwNTMxODc2MTIyNDgyMTg=,Monzza AK,100013154405091,Pake naon atuh maneh ngajabat kehed.... Maneh ngajabat teh pake gawe mensejahterakan rakyat Jateng.... Buat apa ada pajak .... Dan lari kemana pajak itu....... Geus lmn sekira na maneh teu sanggup mending resign weh........ Percuma Aya gubernur oge.... Jalan itu infrastruktur no 1.....berarti omongan si ibu ora mudeng....,2026-06-02 20:59:10,0,0
Y29tbWVudDoxMDI0ODU2NTIzMjI4ODQyXzE2NjUyNjEwMTQ4MDQ3OTk=,Jhony Ac,100052626312811,Orang kaya gini ko bisa jadi gebenur nongong ga ada kemajuan,2026-06-02 20:58:00,0,0
Y29tbWVudDoxMDI0ODU2NTIzMjI4ODQyXzEzMjEyMjUzODI2NzAwMDA=,Blackpearl Prawira Alkazus,100008609833283,Ngeyel nih pemimpin,2026-06-02 20:50:38,0,0
Y29tbWVudDoxMDI0ODU2NTIzMjI4ODQyXzE2NjQ1NDE3MTQ3ODQ1MTk=,Nofal Aljabar,61550196561775,Mantan coklat dipilih ya gini gendeng pikiran nya,2026-06-02 20:43:18,0,0
Y29tbWVudDoxMDI0ODU2NTIzMjI4ODQyXzg0ODcxMDE3MTYzNTQ5Mg==,Imunk Anto,100001232008082,Wes d usulke gari d cek jln mana asu tenan kok gubernure,2026-06-02 20:32:43,0,0
Y29tbWVudDoxMDI0ODU2NTIzMjI4ODQyXzE5Nzk2Mjg5NDI2NTU0MTY=,Putu Suwin Bali,100000539220284,Muter2 sampai pusing...pura2 gak tau aja,2026-06-02 20:27:09,0,0
Y29tbWVudDoxMDI0ODU2NTIzMjI4ODQyXzEzODA3NTM0NzQxMDk1NDE=,Eri Nafitriyani,100003486369034,Jln bagus kok GK DA manfaatnya eror,2026-06-02 20:03:20,0,0
Y29tbWVudDoxMDI0ODU2NTIzMjI4ODQyXzI1NTY5MDMwMzgwNTk3MDU=,Tri Atmojo,1442403174,cangkem asu,2026-06-02 20:03:13,0,0
Y29tbWVudDoxMDI0ODU2NTIzMjI4ODQyXzk0MDM2MTYxOTAzMjkwMA==,Purwantoadv,100067990624234,Jan Ra nyambong blas ..,2026-06-02 19:46:09,0,0
Y29tbWVudDoxMDI0ODU2NTIzMjI4ODQyXzkyNTU5NjM4MDUwNzAyOA==,Bungsu Sema II,100011334729378,Telekee jawabane lahh muakk sayaa,2026-06-02 19:45:55,0,0
Y29tbWVudDoxMDI0ODU2NTIzMjI4ODQyXzE1MzU4Mjk4MTQ2MjA5Nzk=,Sungkono,100039607025318,Kok beda ya min pemikiran gubernur ini dg KDM  klo beda dikit dikit ndak papa tapi ini jauh padahal deketan lho apa salahnya tanyak ee malah mencemooh,2026-06-02 19:31:30,0,0
Y29tbWVudDoxMDI0ODU2NTIzMjI4ODQyXzEzMzc0NTA0NTExODk0MjU=,Sahrul Sahrul,100094913847636,Saya dari jabar dukung kuwu hoho jdi gub jateng,2026-06-02 19:22:10,0,0
Y29tbWVudDoxMDI0ODU2NTIzMjI4ODQyXzE1NDE0MTMwMDA4NzU0ODQ=,Novi Betersyah,100012447909663,Yg kayak gini di pilih lolo,2026-06-02 19:21:10,0,0
Y29tbWVudDoxMDI0ODU2NTIzMjI4ODQyXzMwNDY4NTIxNDU1MjE4ODQ=,Wisnu Bawa,100082733252445,Ini gubernur ngak cinta rakyat... 😭😭😭😭,2026-06-02 19:13:05,0,0
Y29tbWVudDoxMDI0ODU2NTIzMjI4ODQyXzEwMDE5NzgxODk0MzYwNDE=,Hany Nanusella,100013164309714,Beda klas sama KDM,2026-06-02 19:09:06,0,0
Y29tbWVudDoxMDI0ODU2NTIzMjI4ODQyXzIwMTIyMDI5NzI3NTIxMDY=,Aldi Adi,100026769033531,Jadi gubernur ko goblok kali ya jalan GK ada manpaat nya otak e nande,2026-06-02 18:59:19,0,0
Y29tbWVudDoxMDI0ODU2NTIzMjI4ODQyXzE0NzY5MzAzOTA3ODYyNjU=,Mawan,100087415602188,Gubenur katrok...🤣,2026-06-02 18:53:06,0,0
Y29tbWVudDoxMDI0ODU2NTIzMjI4ODQyXzk3OTYwMjE5ODE1MTk1OQ==,Frds Tilubelas Genepopat,100009422909627,Seumur hidup aja,2026-06-02 18:51:58,0,0
Y29tbWVudDoxMDI0ODU2NTIzMjI4ODQyXzEyNzAxNTUyMTgyMjY4ODA=,Fredi,100040978961022,Wong goblok ko jadi gubernur,2026-06-02 18:39:17,0,0
Y29tbWVudDoxMDI0ODU2NTIzMjI4ODQyXzE2ODUzODIxMjU5MTkzMDQ=,Mario Ferdinandus,100033152980429,Bljar bnya dr KDM,2026-06-02 18:18:38,0,0
Y29tbWVudDoxMDI0ODU2NTIzMjI4ODQyXzIyMzEzMzA2NTc2Mzg0OTQ=,Deddy Blackorwhite,100002330037355,Masyarakat jabar cuma bisa ketawa...hahahaaa,2026-06-02 18:05:23,0,0
Y29tbWVudDoxMDI0ODU2NTIzMjI4ODQyXzk5NDUxMjU5NjMyNjE4OQ==,Oskar Setiawan,100026603977428,Tong kosong nyaring bunyinya,2026-06-02 16:40:27,0,0
Y29tbWVudDoxMDI0ODU2NTIzMjI4ODQyXzE1ODcxMTYzMzYyNzk1ODI=,Wawaw Maulana,100082664913197,Gubernur Jateng gemees beut dah liatnyaa😁👏,2026-06-02 16:31:03,0,0
Y29tbWVudDoxMDI0ODU2NTIzMjI4ODQyXzEzNzk1MzQzMTA2NTA3ODM=,Dadiansah Saputra,100054966674849,"Kl jalan desa rusak otomatis logistik harganya juga naik karena jalannya susah , harga dari petani murah sampai konsumen mahal , berarti kesalah satu  pihak tapi merugikan ke dua pihak ,",2026-06-02 16:17:09,0,0
Y29tbWVudDoxMDI0ODU2NTIzMjI4ODQyXzE0Nzk4Mzk2ODY2MDgyNTc=,Nanan Nurjaman,100076205556918,"Gubernur Jateng sangat pintar memilah dan mimilihnya untuk kantong masing"" posnya",2026-06-02 15:59:07,0,0
Y29tbWVudDoxMDI0ODU2NTIzMjI4ODQyXzQzMzk0OTM5MTYzMzgzNjY=,Haji Acep Saepudin,100001896339094,"Buat bapa mah yg bermangpatn jajan,, keluarnegri begitu kan",2026-06-02 15:55:49,0,0
Y29tbWVudDoxMDI0ODU2NTIzMjI4ODQyXzIwMjEwMzIzMzUyMDIzMjU=,Tirta Agung,100006641522546,Lutfii gendeng jabatane tok ora mikir ndandani infakturure dalan duwite di korupsi memperkaya diri sendiri,2026-06-02 15:51:38,0,0
Y29tbWVudDoxMDI0ODU2NTIzMjI4ODQyXzEzNTgwNzkxNzk1MDY3OTE=,Juan Leo Tarigan,1190229992,"Mana rakyat Jawa Tengah 
Ini kebanggaan kalian 🤣🤣🤣🤣🤣☝️",2026-06-02 15:48:21,0,0
Y29tbWVudDoxMDI0ODU2NTIzMjI4ODQyXzk5ODU4MjUzNjMyNzA1MQ==,Raja R Almasyifa,100007540429252,"Masak jalan tdk ada manfaat nya,wahai rakyat RAKYAT JATENG gubernur nya kok githu,",2026-06-02 15:41:30,0,0
Y29tbWVudDoxMDI0ODU2NTIzMjI4ODQyXzE1MzM3NTkyOTE2Njg1NzI=,Risky Samaranthu,100003535040786,Yang memilih harus bangga dengan kinerjanya,2026-06-02 15:33:11,0,0
Y29tbWVudDoxMDI0ODU2NTIzMjI4ODQyXzEwMDc5NDU5OTg4NDUyODQ=,HermanNz,100051859787189,"Iya,, itu benar pak gubernur, kalau jalan² itu dibangun jadi uangnya tidak bisa masuk kantong lagi?? jadi bagaimana bapak gubernur untuk menafkahi keluarganya dengan uang haram tsb🤣🤣🤣",2026-06-02 15:06:48,0,0
Y29tbWVudDoxMDI0ODU2NTIzMjI4ODQyXzEzOTM2MjA1MDk0NjQzOTU=,Anton Wong New,100081538942276,Seng milih yo pekok,2026-06-02 14:59:30,0,0
Y29tbWVudDoxMDI0ODU2NTIzMjI4ODQyXzE3NDQwNzA5MDM0MzUxODA=,Kang Ayi,100080956608098,Mulutna dah penuh uang korup jadi ngomong nya ngawur...,2026-06-02 14:20:19,0,0
Y29tbWVudDoxMDI0ODU2NTIzMjI4ODQyXzIyMTk0MzQwNTg4MDIwODk=,Yahya Jainuddin Yahya,100023042774082,Beginilah gubenur tau makan duit rakyat kalau tiada jalan bagai manah ekonomi mau maju,2026-06-02 14:07:09,0,0
Y29tbWVudDoxMDI0ODU2NTIzMjI4ODQyXzIyOTIzNTM5NTE1Mzk3MTQ=,Amin Sanjay Dut,1834847368,Lebih pintar dan peduli kades ohho,2026-06-02 14:06:20,0,0
Y29tbWVudDoxMDI0ODU2NTIzMjI4ODQyXzEwMjE3ODU4NzAzNDM5NzI=,Gerhana Matahari,100069606200106,Giginya coplok lagi awas..,2026-06-02 13:59:43,0,0
Y29tbWVudDoxMDI0ODU2NTIzMjI4ODQyXzE5ODMxNjg0MTIzMzExNzA=,Riez Internisti,100002151363187,"Mungkin yg dimaksud gubernur  jalan ke neraka yg gak ada manfaatnya...
Anak kecil juga tau semua jalan pasti ada manfaatnya",2026-06-02 13:42:46,0,0
Y29tbWVudDoxMDI0ODU2NTIzMjI4ODQyXzk3NzI1NjgxODM5ODA4Mw==,Putra Kidul,100018149325976,Sayang duit nya di pake jalan mending korupsi aja pak 🤣🤣,2026-06-02 13:32:46,0,0
Y29tbWVudDoxMDI0ODU2NTIzMjI4ODQyXzI1Mjg2MTQxNzA5NDE5NTQ=,Suwarto,100061259948811,Gk Ono gunne pakkkk,2026-06-02 12:47:19,0,0
Y29tbWVudDoxMDI0ODU2NTIzMjI4ODQyXzIyMzMwODM1NDc1MDYxMjU=,Pupung Supriyatno,100012053202537,Pak KDM calon presiden RI ke 9 aamiin...,2026-06-02 12:33:01,0,0
Y29tbWVudDoxMDI0ODU2NTIzMjI4ODQyXzIxNjI0NzM1MjExOTYwMzU=,Syahdan Ali Mukti,100019707279451,pasti bangga banget warga jateng punya gub yg sangat sayng ke rakyat nya.. 😁,2026-06-02 12:17:32,0,0
Y29tbWVudDoxMDI0ODU2NTIzMjI4ODQyXzk2OTkyNjk5OTI3MjE1Mg==,Ghepeng Tea,100046679557674,Ah eweh ka becus etamah gubernur na. Jawa Barat atuh turutan..duit pribadi GE eweuh ka nyaah. Bapa aing d lawan🤣🤣🤣,2026-06-02 11:53:28,0,0
Y29tbWVudDoxMDI0ODU2NTIzMjI4ODQyXzI2OTk2ODY5Mzk5OTM0MDEz,Dio,100020538373176,Yang begini kenapa dipilih bolo....,2026-06-02 11:48:29,0,0
Y29tbWVudDoxMDI0ODU2NTIzMjI4ODQyXzIwMTI3NjA0NzkzMzM0MjQ=,Hudori,100023931750307,Tu dengar tu gubernur nya ngomong klu ngebangun jalan ngk menghasil kan ekonomi atau tidak menghasil kan ngk usah di bangun udah jelas kan sehat selalu bapak gubernur  mudah mudahan selalu sehat waras,2026-06-02 11:42:22,0,0
Y29tbWVudDoxMDI0ODU2NTIzMjI4ODQyXzE3NTMyOTQ5MzI1MDQ1NDY=,Anne Maria Ryansyah,100000235958352,Angaell angellll,2026-06-02 11:29:41,0,0
Y29tbWVudDoxMDI0ODU2NTIzMjI4ODQyXzIyNDcxMzMzNzk0Mzg1MDk=,Nemin Z,100095432317891,"Ah NU kos kie d pilih...   

Dari nada bicara.y pengen menang sendiri",2026-06-02 11:27:57,0,0
Y29tbWVudDoxMDI0ODU2NTIzMjI4ODQyXzE3MDg1MTc1MjM0OTY3MTQ=,Mimi Nopi,61574807391263,Bapak KDM sehat selalu 🥰🥰🥰,2026-06-02 09:50:29,0,0
Y29tbWVudDoxMDI0ODU2NTIzMjI4ODQyXzk2MjgwNDkwOTcyMDc5NA==,Enjang Suherman,100052026852725,Ya allah ko bisa yh orang jateng milih gubernur kaya ginih yg sabar yh warga jateng yg ga pilih lutpi jadi kebawa imbasnya,2026-06-02 09:49:14,0,0
Y29tbWVudDoxMDI0ODU2NTIzMjI4ODQyXzE2NDcyODc1Njk3MjI3ODk=,Zahwan Alim,100068076738689,Memang bener jalan tidak ada manfaat nya bagi mahluk halus .,2026-06-02 09:41:06,0,0
Y29tbWVudDoxMDI0ODU2NTIzMjI4ODQyXzEwMzg3MjUxOTE5NDA1Mjg=,Yudi Ach,100002955662343,"Ya namanya modal jabatan, mantal jendral jadinya",2026-06-02 07:46:44,0,0
Y29tbWVudDoxMDI0ODU2NTIzMjI4ODQyXzI4NjEzNDc0MjA4ODMwODk=,Om Bens Pratama,100081974703187,"hebat iye pamingpin  aset itu penting rakyat kecil banting tulang tidak mengenal lelah yang dia dapat haya nominal kecil sehari,, blom dibagi dengan kebutuhan pemerintah tiap taunya tapi di mematuhinya karna yang orang kecil harapkan hanya kedepannya pemerintah bisa memberikan yang terbaik tapi klw jawaban pejabat gubelnur seperti ituh dia otak nya mati yang ada diotak nya hanya makan enak hidup mewah mungkin di dulunya waktu sekolah ngambil jurusan rakus makan",2026-06-02 07:33:46,0,0
Y29tbWVudDoxMDI0ODU2NTIzMjI4ODQyXzIwNjEwNzQ5OTQ3ODQ1NTg=,Lara Santang,100025018883792,Gubernur molor,2026-06-02 06:18:31,0,0
Y29tbWVudDoxMDI0ODU2NTIzMjI4ODQyXzI0MDA5MzYyODM3MDU4NDk=,Rudi Kren,61564024850399,Otak kewan,2026-06-02 06:12:28,0,0
Y29tbWVudDoxMDI0ODU2NTIzMjI4ODQyXzEwMDczNjQ4NDU1Nzk4NDY=,Gatot R Widodo,100054974434995,Gubernur koplak,2026-06-02 17:33:32,0,0
Y29tbWVudDoxMDI0ODU2NTIzMjI4ODQyXzEzNDk2MDA4ODAzNDc2NDY=,Morries Mechanical,100063347213562,"Ini klo merek hp nmanya hp mito suaranya keras sekali, Wajib di pertahankan jarang ad gubernur kya gini....!!!🤣🤣🤣",2026-06-02 20:40:53,0,0
Y29tbWVudDoxMDI0ODU2NTIzMjI4ODQyXzIyNTE1NTQyNTg3MTI2NjE=,Um Haydar Alhaetami,100052365382418,Nyebeliiiiin sumpah 😂,2026-06-03 04:31:57,0,0
Y29tbWVudDoxMDI0ODU2NTIzMjI4ODQyXzEzMTY2MDM5MTk4NTQ1MTU=,Adi Cemani,100081971282683,"Kok iso wong sek di dadekke pemimpin ko pikirane ngono, tobat",2026-06-03 07:00:00,0,0
Y29tbWVudDoxMDI0ODU2NTIzMjI4ODQyXzE1NDA0Mjg3Mzc3NDcwOTE=,Tajip Tajip,61574164784630,Asu tenan,2026-06-03 03:47:44,0,0
Y29tbWVudDoxMDI0ODU2NTIzMjI4ODQyXzE3NTU2OTc1NTg5Mzc0OTY=,Aji S,100005000586857,Gabernur kebanggaan Jawa tengah.👍🤭,2026-06-03 03:34:21,0,0
Y29tbWVudDoxMDI0ODU2NTIzMjI4ODQyXzEzMTY4NzE3MTA1NzAzMzM=,Nandar Ric,61575084091232,Ayo rame rame gak usah bayar pajak,2026-06-03 02:51:47,0,0
Y29tbWVudDoxMDI0ODU2NTIzMjI4ODQyXzE1MzcwNjg4NTQ2NTk4NDU=,Rhido Rhido,61571612063237,KDM yg paling mantap,2026-06-02 22:37:18,0,0
Y29tbWVudDoxMDI0ODU2NTIzMjI4ODQyXzI3NTQzMTEzMjQ1MzUzNDIy,Tak Eberik Nyamah,100025108849455,D era prabowo banyak korupsi terang terangan😭😭😭,2026-06-02 22:21:04,0,0
Y29tbWVudDoxMDI0ODU2NTIzMjI4ODQyXzc1ODk4MjQxMzkwOTgwOQ==,Dhonie Pamungkas,100063815316535,ni pejabat yg tolol apa masarakat yg bego ko pnya pemimpin model begini masarakat diem bae turunin dong msa ia klah ama orang satu katanya 30 jt warganya ah payah,2026-06-02 22:18:07,0,0
Y29tbWVudDoxMDI0ODU2NTIzMjI4ODQyXzE0NzI0NjYxNDQwNDg5NjQ=,IGede Putra Semadi,100001834730954,Beda kelas broo,2026-06-02 21:54:29,0,0
Y29tbWVudDoxMDI0ODU2NTIzMjI4ODQyXzk1MTA3Mzc2Nzk3NTg5NA==,Ferryansyah Ferry,100002180019880,"Jalan kok ,tidak ada gunanya ,pemikiran Aneh .broooo",2026-06-02 21:46:33,0,0
Y29tbWVudDoxMDI0ODU2NTIzMjI4ODQyXzIxNDg5ODc2NjI2MjEzNTY=,Kaharatila,100029042372158,Pemimpin yg tdk tau ya bgni byk nyongor sj namax membangun pak psti masyarakat senang,2026-06-02 21:22:05,0,0
Y29tbWVudDoxMDI0ODU2NTIzMjI4ODQyXzIwNzI1NzY1MzM2MTIxMDY=,Aditya Fahmi Cahyat,1591367554,"Beda level euy, hampura nya gaes.. 🙏🏻",2026-06-02 21:21:29,0,0
Y29tbWVudDoxMDI0ODU2NTIzMjI4ODQyXzI0MDQ5MjEwNzMzMjQ2NTQ=,Waslim Lim,100078424234535,🤣🤣🤣 jln bagus ga ada efek untuk masyarakat piye ikih gubernur ora jelas  lamon jln jelek y ada efeknya lah  . Akan membutuhkan lama dan menghabiskan  solar atau bensin lh gubernur kaya kue di pilih,2026-06-02 21:16:30,0,0
Y29tbWVudDoxMDI0ODU2NTIzMjI4ODQyXzI4NjIyMjQ3NTA3ODI2NzA=,DoSa,100001486797662,"Mudah ya JD pejabat di Konoha 
Yg penting bisa ngeles 😂",2026-06-02 21:11:33,0,0
Y29tbWVudDoxMDI0ODU2NTIzMjI4ODQyXzEwMTM3ODM0Njc5NzA0MzA=,Arif Nurdin,100023644688509,Kelihatan sekali kebodohan nya...,2026-06-02 21:06:21,0,0
Y29tbWVudDoxMDI0ODU2NTIzMjI4ODQyXzEwMDg2MzU4NTUwMzA2MDk=,Muhamad Hasim Asari,100015490365716,Angel ws ora masuk akal kudu di lengser,2026-06-02 21:04:00,0,0
Y29tbWVudDoxMDI0ODU2NTIzMjI4ODQyXzIwNjcyNDY4OTA4ODk0MzY=,Ajo Ajo,61571558916180,"Oon ,siapa yg milih ni y wkwkwk",2026-06-02 20:56:05,0,0
Y29tbWVudDoxMDI0ODU2NTIzMjI4ODQyXzQ1OTA4NjQxNjExODUwNTQ=,Aapdanu,61551123156068,Gubernur nonok,2026-06-02 20:45:45,0,0
Y29tbWVudDoxMDI0ODU2NTIzMjI4ODQyXzk0MDYwOTA1OTAyMzA5Nw==,Adon Sadewo,100044535563784,Wie,2026-06-02 20:03:17,0,0
Y29tbWVudDoxMDI0ODU2NTIzMjI4ODQyXzI0NTgzNjAzMjc5Nzg4NzU=,Ugik Terra,100004730563289,Koyok nGunu kok di pilih.jenenge dalan pasti ada manfaatnya.gubenur goblok kuwi,2026-06-02 19:57:45,0,0
Y29tbWVudDoxMDI0ODU2NTIzMjI4ODQyXzE1MTk1NDQyMjY0MjA0OTY=,Wawan Gunawan,100007159021765,Teu ngartiii,2026-06-02 19:57:07,0,0
Y29tbWVudDoxMDI0ODU2NTIzMjI4ODQyXzI2NzgzNTM5MzE4MDA1NjQ3,Alipuad,100052911193812,Ijazahnya pasti sekolah Paket.,2026-06-02 19:54:10,0,0
Y29tbWVudDoxMDI0ODU2NTIzMjI4ODQyXzE0NjcyMDQ0NjE4NzMzODM=,Heru Raditya,100094533194315,bpak aing mh moal ngejat,2026-06-02 19:53:47,0,0
Y29tbWVudDoxMDI0ODU2NTIzMjI4ODQyXzg1MTc4NDg1Nzk3OTk4MQ==,Edi Afandi,100003675416362,Pilih pilih jalan mana yg mau di bangun yg akhir nya meeting meeting berkali kali sampe abis anggaran nya pada akhir nya GK satu pun jalan yg terbangun,2026-06-02 19:36:05,0,0
Y29tbWVudDoxMDI0ODU2NTIzMjI4ODQyXzk2MTc2NDM0MzUxNzY5MA==,Mayur Jagung,61568158544704,"ngk biisa seperti KDM,, KDM emang debesss",2026-06-02 19:34:55,0,0
Y29tbWVudDoxMDI0ODU2NTIzMjI4ODQyXzE1MzczNjc0NTc5OTE2NTc=,Dedi,100052400014786,"Gubernur OPO ko jln g ada manfaat nya
Seee riren dadi gubernure",2026-06-02 19:27:36,0,0
Y29tbWVudDoxMDI0ODU2NTIzMjI4ODQyXzEwMTg1NDk3OTA2NTM1MDk=,Bang Sule Sule,100074717348134,Mata mu Kuwi gak tau jok,2026-06-02 19:22:00,0,0
Y29tbWVudDoxMDI0ODU2NTIzMjI4ODQyXzg5OTE5OTc1NjUzNDc3OQ==,Khubil Tea,100011620966913,Ko bisa ya orang seperti ini jadi gubernur 😂😂😂😂,2026-06-02 19:20:45,0,0
Y29tbWVudDoxMDI0ODU2NTIzMjI4ODQyXzE3MjgwNjM0MjQ4NjczMTc=,Nu Abi,100073578757687,😂 gubernur sengklek,2026-06-02 19:13:06,0,0
Y29tbWVudDoxMDI0ODU2NTIzMjI4ODQyXzI5MjA5MTMzNTQ5NDE5MTM=,Bagus Pribadi Bagus,61558545448618,Ws2 nk pemikirane kok koyo ngono pemimpin wes2 orak iso mju negorone to ngono y d pilih.,2026-06-02 18:28:12,0,0
Y29tbWVudDoxMDI0ODU2NTIzMjI4ODQyXzEwMTQ1NzA5NzEwNjIxNDA=,Ismail,100089785201538,Gubernur koplak,2026-06-02 18:05:23,0,0
Y29tbWVudDoxMDI0ODU2NTIzMjI4ODQyXzEwMTI2Nzk5Nzc5MjcxMzY=,Gon Struggle,100005812927718,"Itu org dulu TK sama SD nya tamat ga sih
Ko kosong banget otak nya dan bisa2 nya lg org yg punya pemikiran kaya gitu di pilih jd gubernur
Mana bisa masyarakat nya seneng klo pemikiran gubernurnya kaya gitu",2026-06-02 17:44:01,0,0
Y29tbWVudDoxMDI0ODU2NTIzMjI4ODQyXzIxMDM1Njc3MjAyMTg4ODM=,Tuti Sri Rahayu,100029293308564,"Ini gubernur Jateng .setingkat RT ya ngomong masalah jalan ko gitu 
Kalo gubernur semua pemikiranya kaya gitu .ya udah jalan yg ga dibangun ga usah bayar pajak .",2026-06-02 17:42:01,0,0
Y29tbWVudDoxMDI0ODU2NTIzMjI4ODQyXzE1MDgzMTEwOTA5MTQ2MDU=,Mulyadi,100023693990937,Jangan milih2 dong Saiki dalan WIS rusak Ono penghunie ora mikiiiir,2026-06-02 17:35:02,0,0
Y29tbWVudDoxMDI0ODU2NTIzMjI4ODQyXzIyMjk4MzE5MzQ0ODUyNzY=,R-threebike,100056181668617,Teori nya melambung..seng arane jalan yo pasti bermanfaat..kui..gon masyarakat..,2026-06-02 16:59:42,0,0
Y29tbWVudDoxMDI0ODU2NTIzMjI4ODQyXzk5OTkwODczMjc1MzA1MQ==,Anto Ahmad,100054965407766,"Ini kachoooo amiiit "" .",2026-06-02 16:31:30,0,0
Y29tbWVudDoxMDI0ODU2NTIzMjI4ODQyXzE3MTQyMjE5ODY0MjU4ODA=,Omen Tarik Jabrig,100013616343807,"Dh tau kan,kita harus gmn",2026-06-02 16:02:23,0,0
Y29tbWVudDoxMDI0ODU2NTIzMjI4ODQyXzg0NzQ0NDA2MTc2Njg2OQ==,Pal Pel Pol,61555304186215,Semua Titipan molyono iya begini modelnya,2026-06-02 15:45:02,0,0
Y29tbWVudDoxMDI0ODU2NTIzMjI4ODQyXzM2NTczOTg2NzM4ODgyNDgy,Sangkuriang,100078335907382,Masyaallah. Gubernur ko otaknya dangkal bngt yaa,2026-06-02 15:41:57,0,0
Y29tbWVudDoxMDI0ODU2NTIzMjI4ODQyXzEwMTIzMzYxNTExNTExMDY=,Dedi Somantri Ucok,100018499876689,Anu puguh mah eweh kabegug g kaya KDM mantaf Jawa Barat udah pada mantaf,2026-06-02 15:27:49,0,0
Y29tbWVudDoxMDI0ODU2NTIzMjI4ODQyXzEyOTIyMjY3NDU5NTM3Njk=,Ajay Ajh,61557727830801,Pajabat otak tai ya begini jawaban ny,2026-06-02 14:46:17,0,0
Y29tbWVudDoxMDI0ODU2NTIzMjI4ODQyXzE1MDcwMTA4MjA4MDE3MDI=,Sa'yu ZAman,100007657151884,Gubernur jos tenan🐵🐵🐵,2026-06-02 14:28:18,0,0
Y29tbWVudDoxMDI0ODU2NTIzMjI4ODQyXzgwMzY2NjAxMjY3Nzc3NA==,Agus Supratman,100011214763314,Piye piye orang model begini yang penting bisa beragumen faktanya bermanfaat BODO NANAN,2026-06-02 14:21:30,0,0
Y29tbWVudDoxMDI0ODU2NTIzMjI4ODQyXzEwMTYxNTkwOTc1NTAxNzg=,Odah,100088498580913,"Dia kan terbang ,gak pernah nginjak jalanan, makanya ngomong begitu 🤣🤣🤣 rakyat nya gak di anggep",2026-06-02 14:15:38,0,0
Y29tbWVudDoxMDI0ODU2NTIzMjI4ODQyXzE1NTM2MDI3MzYwOTM2MTQ=,Topik Hidayat,61574979947140,"Banyak omong ini itu. So soan ajj.
Somplakkk",2026-06-02 14:12:57,0,0
Y29tbWVudDoxMDI0ODU2NTIzMjI4ODQyXzE0NzcwNzcwNzAzOTE2Mjg=,Deni Sukmana,100001567610538,"Sok pintar, jawabane muter muter.. Jawa barat pembanguan jalan desa di ambil alih oleh pemprof pak...",2026-06-02 14:11:56,0,0
Y29tbWVudDoxMDI0ODU2NTIzMjI4ODQyXzEwMzc3NzU2NTU1NzgxMzk=,Wawan Dermawan,1447125003,Gustiiiii ieu pamingpiiin sampai boga pikiran kituuu beuuuhhh.... jauh pisan jeung bapak aing Kang Dedi Mulyadi dasar pamingpin nu teu boga pemikiran intelektual !!!! Bisana nyinyir hungkul ka batur .... 😂🤣😂🤣,2026-06-02 14:08:45,0,0
Y29tbWVudDoxMDI0ODU2NTIzMjI4ODQyXzEzMTY4MDczNjY2MzczMDI=,Haidar Ammar,100022469019087,Gubernur kurang mnsuport....,2026-06-02 14:01:56,0,0
Y29tbWVudDoxMDI0ODU2NTIzMjI4ODQyXzk0ODk3MjQwNDY4Mjc0Ng==,Gunawan,100013687597628,Otak Lutfi dobol,2026-06-02 13:03:08,0,0
Y29tbWVudDoxMDI0ODU2NTIzMjI4ODQyXzk4MDE5OTU3ODIzOTA2MQ==,Dedy Muldiana,722286556,Koplakkkkkk,2026-06-02 12:42:06,0,0
Y29tbWVudDoxMDI0ODU2NTIzMjI4ODQyXzEwMTExNjQzNzgwNTQ0MjI=,Wellgimin Well,100035866903263,Preeeeeeey ah ararateul,2026-06-02 12:16:31,0,0
Y29tbWVudDoxMDI0ODU2NTIzMjI4ODQyXzIxODU4ODA0MTU1MjIzNjU=,Agung X Silalahi,61576196183364,"Kalau ingin hidup bahagia dunia akhirat, dukunglah pak dedi mulyadi..
Kalau ingin hidupnya sengsara dan penuh dengan dosa , dukunglah orang lain",2026-06-02 12:05:43,0,0
Y29tbWVudDoxMDI0ODU2NTIzMjI4ODQyXzIwNzQ4MTM4OTk3OTY0Mzc=,Agus Pohank Karisma,100004866369992,Ko ada yg pilih ni org,2026-06-02 12:02:08,0,0
Y29tbWVudDoxMDI0ODU2NTIzMjI4ODQyXzE2NTcxNDQyODIxNzQwNDk=,Riffan Iron,100049371432184,Kukut,2026-06-02 11:47:34,0,0
Y29tbWVudDoxMDI0ODU2NTIzMjI4ODQyXzE3NDE3NzkxNzAzMTQzMTA=,Hasan Sawwir,61566146200061,2 Perpaduan Antara Tolol Dan Serakah,2026-06-02 11:47:27,0,0
Y29tbWVudDoxMDI0ODU2NTIzMjI4ODQyXzIwODAxMTkwNDY3MjI2Mjk=,Gogon Ijal,100004950424436,Jawaban nya gak kelas👎,2026-06-02 10:24:04,0,0
Y29tbWVudDoxMDI0ODU2NTIzMjI4ODQyXzE4ODMxMDgxODkwNTE4OTM=,Agus Zamhuri,61565695986251,"kalo ga salah saat pemilihan saingannya sama pa andika yah...
coba kalo misalkan pa andika...
mungkin beda cerita ,,, 🤣🤣🤣
lah kalo udh gini yo sing sabar wae,,, 
dukung sampe anumerta🤣🤣🤣",2026-06-02 10:22:21,0,0
Y29tbWVudDoxMDI0ODU2NTIzMjI4ODQyXzE1NDcyMzk4NjAzMjU2Mjc=,Nanang Ridwan,100010457822916,"Tidak ada yg tidak mungkin kalo kita punya keyakinan,itu KDM.
Laen dengan yg suka pakai baju dinas jawabannya masarakat kasi alasan aja 😀",2026-06-02 09:30:33,0,0
Y29tbWVudDoxMDI0ODU2NTIzMjI4ODQyXzE1NDQ0OTk0MTA1NzYxMjQ=,Kosim Langlang Buana,100054853122361,Inimah bukan aparat tapi keparat masa ngomong kaya gituh,2026-06-02 09:26:14,0,0
Y29tbWVudDoxMDI0ODU2NTIzMjI4ODQyXzg1NDk2NjA4MDQ5MzIwNg==,Ccoplok Hulu,100053316260429,🔥ini gubernur ngocehnya ngawur bikin,2026-06-02 09:16:51,0,0
Y29tbWVudDoxMDI0ODU2NTIzMjI4ODQyXzEyMTEyNzU4MzQzNjE5NDE=,Apang Rosana,100095179255733,"Maindset sekelas gubernur, 😁miris juga ironis.",2026-06-02 08:42:18,0,0
Y29tbWVudDoxMDI0ODU2NTIzMjI4ODQyXzE3NTg0MjIwODUzMjA3MjQ=,Falisha Umaiza Shahia,100086743455033,Ngawur blas,2026-06-02 07:16:35,0,0
Y29tbWVudDoxMDI0ODU2NTIzMjI4ODQyXzE1MTQ5MTE0MDAyNDQ0NzM=,Nusantara Pertiwi,61580459201409,Nih gurbernur mata duitan,2026-06-02 07:12:37,0,0
Y29tbWVudDoxMDI0ODU2NTIzMjI4ODQyXzEzNjg2Nzc0MjUzMTE2NjM=,Indong Lopulalan,100068380946149,Dh cocok jadi pemimpin atau gubernur.mending masyarakat minta diganti saja .masa jalan dh ada manfaat justru dri jalan yg bagus menumbukn ekonomi yg sangat bagus begitu bapak.gimana kalau di tolak terus permintaan masyarakat.sementara ygmilih masayarakat,2026-06-02 06:39:02,0,0
Y29tbWVudDoxMDI0ODU2NTIzMjI4ODQyXzMzNjM5MTQ2ODA0Njg0NDE=,Zunaidi Adi,61559804370526,Gubernur goblok+dancok,2026-06-02 18:57:22,0,0
Y29tbWVudDoxMDI0ODU2NTIzMjI4ODQyXzE1MTgxMjY5NzY2NDQ5Mzk=,Tubagusake Anom,100009255026459,"Ngomongin gubernur Jabar konten... 
Lah sampean boro boro bangunin rumah rakyat , jalan saja susah nya minta ampun... Gubernur ngeyel,🤣",2026-06-03 11:35:09,0,0
Y29tbWVudDoxMDI0ODU2NTIzMjI4ODQyXzk3OTgzMzg2NDg0MTkyMw==,Jurig Sawah,100042824983107,"Bisa aza jawaban pa gub ini, ngeles mulu",2026-06-03 06:00:44,0,0
Y29tbWVudDoxMDI0ODU2NTIzMjI4ODQyXzE0NDU0MzU0NTQwMjM1MDY=,Hamzah,100029682399147,KDM 👍👍👍👍👍👍👍👍👍👍👍👍👍,2026-06-02 19:48:52,0,0
Y29tbWVudDoxMDI0ODU2NTIzMjI4ODQyXzE1MTg2MzYzNDYzOTM5NjM=,Asep Cucu,100048523145699,DABLUN ....,2026-06-03 05:25:45,0,0
Y29tbWVudDoxMDI0ODU2NTIzMjI4ODQyXzQ0NDE1OTEzNTI4MjY3NDU=,Mimih Ila,100025307946808,gubernur ngomong gitumah turunkan... gak becus  kerja...,2026-06-02 19:24:47,0,0
Y29tbWVudDoxMDI0ODU2NTIzMjI4ODQyXzE2NDgyNjQ1MTczMDI4Mzc=,Irfan Zaenal,100054697904973,"Asa rada lieur,masa jln teu mangfaat,hhaa",2026-06-02 11:15:29,0,0
Y29tbWVudDoxMDI0ODU2NTIzMjI4ODQyXzIxOTQzNDk0NzExMDM2MzM=,Kang Zawi,61585141851338,Masarakat Saiki ranok seng bodo pak,2026-06-02 06:05:24,0,0
Y29tbWVudDoxMDI0ODU2NTIzMjI4ODQyXzIyMTgzNTE4MzIzMTE2ODM=,Agus Cikal,61561671710046,"Yang penting jalan menjuu rumah dia,bagus,mulus..buat waarga jateng mah gpp jelk jgaa...
Untung urang orang sunda",2026-06-03 00:22:20,0,0
Y29tbWVudDoxMDI0ODU2NTIzMjI4ODQyXzE3MDU2NTY2MjcyNzUwMzY=,Iip Cungkring,100075701223576,Huuuuhhh Ari duit pajak darimana kk,2026-06-02 23:53:09,0,0
Y29tbWVudDoxMDI0ODU2NTIzMjI4ODQyXzE2OTE1NTg3MDE5ODMzODQ=,Wantoaja,100083106170135,"Gub.ga niat bangun,sayang duitnya kl buat bangun jln..mending buat uang saku..",2026-06-02 22:08:57,0,0
Y29tbWVudDoxMDI0ODU2NTIzMjI4ODQyXzk2MDYzMDU4NjczNDY5Nw==,Sarju Cah Bodok,61587879119925,Gubenur NK untune pasangan iy ngunuku GK jlas,2026-06-02 22:03:30,0,0
Y29tbWVudDoxMDI0ODU2NTIzMjI4ODQyXzExNjM1NDEyNjAxNzI4ODQ=,Redo Afrizal,100028676223014,Gota ajo bapak ini.,2026-06-02 21:16:42,0,0
Y29tbWVudDoxMDI0ODU2NTIzMjI4ODQyXzE1MTcwNDY5MDY4MjM5Nzg=,Kangendthethea,61575850000051,Pak gub sangat bertele tele ...🤣🤣🤣 Bukanya lsng d iyakan malah bahas teori dan dana ....gak belajar dari Jabar tuh bisa dan gercep klau masyarakatnya memvirakkan jalan yg rusak,2026-06-02 20:48:18,0,0
Y29tbWVudDoxMDI0ODU2NTIzMjI4ODQyXzE2NTQ2NzA3MDI0ODg4MDc=,Hendra Herlambang,100023486884063,"Siapa yg pilih sih, ini Gubernur tolol banget, ya dr polisi biasa korupsi",2026-06-02 20:39:17,0,0
Y29tbWVudDoxMDI0ODU2NTIzMjI4ODQyXzkzNzE3NDg0NjAxMzMyMg==,Saleh Adung,100090131596123,Gubernur dungu,2026-06-02 20:14:37,0,0
Y29tbWVudDoxMDI0ODU2NTIzMjI4ODQyXzEzNjk5ODc2NTE3MDQxMzg=,Ayu Sherman,100000854675453,Aduh pak terlalu pd dengan omongannya pak jgn terlalu ngotot pak kalau udah nga bisa nyelesaikan masalah pak,2026-06-02 20:12:36,0,0
Y29tbWVudDoxMDI0ODU2NTIzMjI4ODQyXzEzODQ1Mzc4MzAxOTIxMDY=,Zazat Ahenk,100005930675781,Jln tikus saja ada manfaatnya,2026-06-02 19:38:21,0,0
Y29tbWVudDoxMDI0ODU2NTIzMjI4ODQyXzg3NjQzOTc2MTQ0MzYwNw==,Yafi Yaqin,100041203790695,Terlalu banyak bacot tdk lihat lapangan,2026-06-02 19:22:12,0,0
Y29tbWVudDoxMDI0ODU2NTIzMjI4ODQyXzI4MTMxNjQ3OTIzNjg1NTc=,Cemi,100057804233302,SELSE  AJA  SEKARANG  APA  TERUNIN  LENSER  UDA,2026-06-02 18:45:03,0,0
Y29tbWVudDoxMDI0ODU2NTIzMjI4ODQyXzE0NzA0Njc0Mjc2NzE4ODA=,Ahmad Suja'i,100051752385955,Gedabrus,2026-06-02 18:19:47,0,0
Y29tbWVudDoxMDI0ODU2NTIzMjI4ODQyXzEwMDE4NTQxNjkwMTc0MTk=,Galih Reza Erlangga,100002337010678,Goblok jalan bagus itu memperlancar ekonomi.,2026-06-02 18:06:45,0,0
Y29tbWVudDoxMDI0ODU2NTIzMjI4ODQyXzEzOTU2NTc5MDU4MjY3MDQ=,Dasrony,100089180764271,mmmmuuuuuaaaaakk...!  lihatnya..!,2026-06-02 17:33:29,0,0
Y29tbWVudDoxMDI0ODU2NTIzMjI4ODQyXzIyMzI0MDk4NDA5MDExMjc=,Irwan Pape,100084841693920,Gubernur mana  ini gendeng,2026-06-02 13:40:33,0,0
Y29tbWVudDoxMDI0ODU2NTIzMjI4ODQyXzEwNDgxNTMzNDc3NzY4Mjc=,Luxius Jr.,61555722655594,"Gausah bayar pajak ,gada manfaatnya",2026-06-02 11:58:26,0,0
Y29tbWVudDoxMDI0ODU2NTIzMjI4ODQyXzE5MDU0ODU0NjY2NTc1Nzc=,Paguyuban Pasundan Msi Ppkmsi,61580349982052,"Halo gaesss........
Ra aku banget...!",2026-06-02 11:41:36,0,0
Y29tbWVudDoxMDI0ODU2NTIzMjI4ODQyXzEwMjMxNzcxOTY3Mjc5NjQ=,Reyal Ferdiansyah,100046236363696,Jangan di samakan dengan KDM dulu dibandingkan dengan lurah hoho aja gubernur nya kalah jauh kinerja nya.,2026-06-02 11:20:46,0,0
Y29tbWVudDoxMDI0ODU2NTIzMjI4ODQyXzE2OTU3MjQxMTQ5NTU3MzU=,Noval Anja,100057644498542,Sampean koppak pak alias tolol,2026-06-02 09:25:29,0,0
Y29tbWVudDoxMDI0ODU2NTIzMjI4ODQyXzE0NzA2MjgyMTA5MzU3NTc=,Iwanridwan Ridwan,100049935621137,Kalo gitu gubernur jateng rakyat nya di bodoh bodohin  jln yang harus di benerin malah ngapain di benerinngabisin anggaran  gimana jadi pemimpin,2026-06-02 09:00:09,0,0
Y29tbWVudDoxMDI0ODU2NTIzMjI4ODQyXzIzNzAyNDYxMjAxNjcyNzU=,Sri Moelyati Rudi,100076306937626,"Amit"" gub jateng",2026-06-02 08:56:59,0,0
Y29tbWVudDoxMDI0ODU2NTIzMjI4ODQyXzg2OTI2Njg0MjIzMjk1Ng==,Kake Abi Kake Abi,61556793491979,"Koplak ...masa bangun jalan ga ada MANFAATNYA 
ANAK SD AJA FAHAM",2026-06-02 06:36:49,0,0
Y29tbWVudDoxMDI0ODU2NTIzMjI4ODQyXzI4NDc2NTY3MDIyNDc2MDk=,Chakkyr Opdist,100003746957853,TDK jelas,2026-06-02 06:34:27,0,0
Y29tbWVudDoxMDI0ODU2NTIzMjI4ODQyXzEzMDg5MDcxNjQxNDQ3NDM=,Delai Lanai Delai,100060433915309,Mo jln yg mna pun desa kota pelosok semua rakyat kena pajak mo yg miskin kaya kota desa kena pajak lah emang g blh org desa jg nikmatin tuh hasil pajak jaman SDH merdeka berhak semua d bangun rakyat LBH senang jln pelosok jg d perbaiki merata,2026-06-02 05:21:36,0,0
Y29tbWVudDoxMDI0ODU2NTIzMjI4ODQyXzMxMzQ0NTA2OTM0MjIxNzY=,Vendy Mboyop,100027535843785,Alah ape korupsi ae koc kakean cocot,2026-06-02 20:20:11,0,0
Y29tbWVudDoxMDI0ODU2NTIzMjI4ODQyXzMzNzU5Mzc3MDU4OTI2NTU=,Anisya Nurul Aeni,100055352853344,Pagub Jateng ko goblok ya  cmn banyak bacot doank,2026-06-02 05:54:21,0,0
Y29tbWVudDoxMDI0ODU2NTIzMjI4ODQyXzE0NjEwNjQzODkxMDQ3OTY=,Jajat Bastaman,100094577238702,Ini baru Gubernur mantap Bapa Aing,2026-06-03 09:39:37,0,0
Y29tbWVudDoxMDI0ODU2NTIzMjI4ODQyXzE0NzE1NjI0NzA4NzYyMjQ=,Ali Usman,61568219258842,Mundur aja pak kalo gitu sampean blom mampuh menjalankan amanah. Blom mampuh sosoan mau jadi pemimpin.,2026-06-03 00:05:54,0,0
Y29tbWVudDoxMDI0ODU2NTIzMjI4ODQyXzEyOTgzNTIwNTUyNjUzOTg=,Agus Mbenk,100065575110670,Pak gub klw jln ny mulus perekonomian bakal maju gmn pemikiran ny nih pak gub lihat KDM.jln tuh banyak manfaat ny ...org dungu d jadiin gub otok sengklek,2026-06-02 22:25:49,0,0
Y29tbWVudDoxMDI0ODU2NTIzMjI4ODQyXzk3MjAxNjk0ODkzNDUxMw==,Sutarno Riadi,100003094544899,Lanjut bangun Pak dari Desa. Yakin #pemprovjabar bisa.,2026-06-02 22:00:32,0,0
Y29tbWVudDoxMDI0ODU2NTIzMjI4ODQyXzkzMjc4MzM1MzEzOTEwMw==,Mahdani Ayub Rahman,100001921123260,Ne orang kl jdi presiden hancur udh,2026-06-02 20:21:09,0,0
Y29tbWVudDoxMDI0ODU2NTIzMjI4ODQyXzk5NDcyNDQwOTY3NTg0MQ==,Dho Dho-dho,100000102557208,Kasian nih punya gubernur kaya dia.untung aing mah orang Bogor boga gubenur kdm,2026-06-02 20:20:03,0,0
Y29tbWVudDoxMDI0ODU2NTIzMjI4ODQyXzEwMTE5MTk2NjEzNjcxODQ=,Galih Ramdani,100054118459631,Enggak usah buat jalan pak gub luman uangnya tuk bagi2jan warrak dewe,2026-06-02 19:49:21,0,0
Y29tbWVudDoxMDI0ODU2NTIzMjI4ODQyXzIxOTQxNjU2NjQ3MTMwMDg=,Yoez Berhati Gimbal,100001040247115,"Saya dengerin saya cerna omongan nya, ujung2 ny pngen muntah",2026-06-02 19:36:52,0,0
Y29tbWVudDoxMDI0ODU2NTIzMjI4ODQyXzIxODgxODE4NjUyODU5NTM=,Didi Wahyudi,100014840581340,Mendng jangan banyak omong dari pada malu pak,2026-06-02 19:12:34,0,0
Y29tbWVudDoxMDI0ODU2NTIzMjI4ODQyXzg1Mzg0MDcyNDQzNDI5Mw==,Arny Tanti,100083132678419,Mana ada jalan yg tidak bermanfaat pak pak...coba klo jalan bagus halus otomatis pada lewat ekonomi juga bisa jalan dan berkembang .. utekmu lho pak mbok dibuka dikit..Kya y seneng bget liat masyarakat y susah👹,2026-06-02 18:35:26,0,0
Y29tbWVudDoxMDI0ODU2NTIzMjI4ODQyXzEzMDg4NTkwNDE0MDQ5NTE=,Heri Andi,61570550593321,Gebernur tak beres.walah bodoh x ya.,2026-06-02 16:58:01,0,0
Y29tbWVudDoxMDI0ODU2NTIzMjI4ODQyXzIxNjIxNDQ4NzQ1Nzc2Njk=,Putra Dessa,61574461704082,"Gubernurnya ga pernah turun ke desa,,maka tidak tau apa,,.",2026-06-02 15:03:29,0,0
Y29tbWVudDoxMDI0ODU2NTIzMjI4ODQyXzE3Mzc1NzgxNjc0MDg3NzQ=,Hendra Jimz,100001210281494,Parah ini pemikirannya ko bisa jadi pemimpin ya agak sengklek ini org 😅,2026-06-02 13:56:18,0,0
Y29tbWVudDoxMDI0ODU2NTIzMjI4ODQyXzQ1MjU0NTc0MDQ0MDI5NjA=,Ruddie Hoerudin,100002697370038,Gubtol,2026-06-02 13:39:59,0,0
Y29tbWVudDoxMDI0ODU2NTIzMjI4ODQyXzIxMDI3MjQxMjM5OTk2NzE=,Sugi Ginanjar Usman,100005330260013,"Masyarakat ga peduli itu jalan punya jin atau iblis, pokonya tugas lu pada benerin..",2026-06-02 12:31:28,0,0
Y29tbWVudDoxMDI0ODU2NTIzMjI4ODQyXzE1NTk5Njg5MTIxMjY5MzI=,Dadan Ibra,100017251778616,Bisana nyinyir gawe kosong .. mending sinah konten wae..pemimpin jadul,2026-06-02 12:14:53,0,0
Y29tbWVudDoxMDI0ODU2NTIzMjI4ODQyXzIwMTYxNDk1OTU2Nzc4ODE=,Ujang Ebes,100006272047659,Kalo memang ga penting bangun jalan coba bapa gubernur nya tingal di gunung,2026-06-02 12:11:33,0,0
Y29tbWVudDoxMDI0ODU2NTIzMjI4ODQyXzIxNTc4NDY4ODgzOTI1NzA=,Rayi Rusmana,100002419997742,Pemimpin koyo nginiki wajib seumur hidup Ndak usah ganti apik soal e 🤣🤣🤣,2026-06-02 10:16:37,0,0
Y29tbWVudDoxMDI0ODU2NTIzMjI4ODQyXzE1NDExNjk5NDc1MzA5NTE=,Suratno Ateng,100062555072189,"Ooo ,la wong pinter cerdasnya melebihi orang awam gitu cara kerjanya gub Jateng ,maklum saya cuman rakyat masyarakat kecil ya GK nyampe pemikiran Kya gitu",2026-06-02 08:13:20,0,0
Y29tbWVudDoxMDI0ODU2NTIzMjI4ODQyXzE3MDI0Mzk5NDQ0MjE4NzY=,Ogo Permana,61577744495500,Duh geb yg pinter ga mau di usik usulan .....ko pie toh jln nya ga ada artinya aneh gub ini ada usulan di tolak,2026-06-02 07:54:34,0,0
Y29tbWVudDoxMDI0ODU2NTIzMjI4ODQyXzI2NDU3ODY1NDkzODkzMzIz,Agussaguss,100075092832992,gubenur ini otak nyah di mana yah naro nyah,2026-06-02 06:59:01,0,0
Y29tbWVudDoxMDI0ODU2NTIzMjI4ODQyXzQ0NTc0MDc0Njc4NjQ5ODk=,Ditu Salama,100034042921133,Koyo ngono ko mbok pilih wong2.tapuen cocote kui,2026-06-02 06:04:16,0,0
Y29tbWVudDoxMDI0ODU2NTIzMjI4ODQyXzE2NzQxNjQxNjM4OTMwNDI=,Nyoman Elendiana,100002428882747,KDM RI 1 d 2029,2026-06-02 05:50:00,0,0
Y29tbWVudDoxMDI0ODU2NTIzMjI4ODQyXzE5MDAxNjM3MTczNjExNjk=,Ijuh Baim,100078113521912,"Seso ora dadi menehhh,,,, kueeeeeee😂😂😂😂😂",2026-06-03 09:07:46,0,0
Y29tbWVudDoxMDI0ODU2NTIzMjI4ODQyXzE1MTQ5OTczMzAyNjY2MDI=,Abinya Shaqila,100014319846538,Sangat beda jauh cara kerja dan berpikirnya gubernur Jabar dan Jateng.,2026-06-02 22:14:48,0,0
Y29tbWVudDoxMDI0ODU2NTIzMjI4ODQyXzI2MzAwNzgwNjQwNTQ1OTQ=,Andre R,100034772281949,Trs duit pajak nya.   Lari kmna pak boss,2026-06-02 22:09:53,0,0
Y29tbWVudDoxMDI0ODU2NTIzMjI4ODQyXzE4MzYzNjMwMzQwMDcyNDI=,Rian Nawawi,100006250323784,Gubernur tolol amat jawaban nya,2026-06-02 21:15:41,0,0
Y29tbWVudDoxMDI0ODU2NTIzMjI4ODQyXzk5NjY2MjQ0Mjk0MjU2Ng==,Ari Yono,100008948280076,"mikirmu kok koyo wong gemblung,gubernur cap opo modele kyo lutfi iki",2026-06-02 21:00:09,0,0
Y29tbWVudDoxMDI0ODU2NTIzMjI4ODQyXzEwMDMwMjY0NTI2ODMzMjE=,Ahmad Rifa'i,100016972273074,Tai,2026-06-02 20:44:44,0,0
Y29tbWVudDoxMDI0ODU2NTIzMjI4ODQyXzEwMTE2Njk1NjQ2MTY2MDI=,NengEga,100008635659248,Mabok kcubung,2026-06-02 20:40:02,0,0
Y29tbWVudDoxMDI0ODU2NTIzMjI4ODQyXzI0MDUwMDcyOTk5OTE3OTM=,Antok Wijaya,100088328226833,Ngubernurrrr taaaeeeeekkkkk,2026-06-02 20:29:51,0,0
Y29tbWVudDoxMDI0ODU2NTIzMjI4ODQyXzkwMzI1Mzg2OTQ2MjIwMQ==,Blekoks Ngenyoh,100056427293716,Bacot teruuuuus kerja minim,2026-06-02 20:13:09,0,0
Y29tbWVudDoxMDI0ODU2NTIzMjI4ODQyXzE1MDkxNDc0NDA4MDY3MjI=,Ari Kicel Kicel,100051404910297,"Bener Lutfi jalan 2 th hancur lha wong Dee bangune tambal sulam
Pemimpin kok guoblok ngendi Ono dalan 2 th hancur nk Dee bangun y hancur anggaran 1milyar SG d cake mong 100jt Yo cor-coran pasir tok",2026-06-02 20:08:10,0,0
Y29tbWVudDoxMDI0ODU2NTIzMjI4ODQyXzIwNDg0NjIxNDY1NTI1NTA=,E L Bucitreuk,100092216653498,Hehehehe cara menggunakan bahasa aja udah beda kelas bravo kdm,2026-06-02 20:04:46,0,0
Y29tbWVudDoxMDI0ODU2NTIzMjI4ODQyXzM2MjE4MDgxMjc5NzA5MTc=,Mahadewa,100084247676960,GUBERNUR FAVORIT seINDONESIA,2026-06-02 19:51:16,0,0
Y29tbWVudDoxMDI0ODU2NTIzMjI4ODQyXzIzMDkzNzc2NjY1NjAwNDE=,Kang Molod,100053449005612,Ko bisa rakyatnya milih dia😁😁😁😁😁 pasti sekarang lagi nyesel kenapa dulu milih dia,2026-06-02 19:48:16,0,0
Y29tbWVudDoxMDI0ODU2NTIzMjI4ODQyXzk4NjQ1NDgwMDkwMDA5Ng==,Putra Marvin,100042733882645,Bapa aing lebih cerdas da lebih merakyat .apa yg di ingin kan  rakyat nya  bapa aing lebih memahami.dan bapa aing bekerja untuk rakyat bukan untuk pejabat,2026-06-02 18:50:29,0,0
Y29tbWVudDoxMDI0ODU2NTIzMjI4ODQyXzIxODIxNDUyNjkyOTUwNDI=,Mas Uyo Waliyo,100041418485061,Ampun ya gubernur kaya kuwe..gulingna bae,2026-06-02 18:33:48,0,0
Y29tbWVudDoxMDI0ODU2NTIzMjI4ODQyXzEwMjA5OTIzMzAzNTA3MjA=,Delia Okta,100077738741585,Ini gubernur ngomong opo....ngk jelas....,2026-06-02 18:31:01,0,0
Y29tbWVudDoxMDI0ODU2NTIzMjI4ODQyXzEyMDcxNDU4MzgxMDg5OTc=,Jagad Samudro,100059714476369,"Mereka dulu nya juga taat bayar pajak pak, kenapa tidak mendapatkan perhatian yg sama akhirnya masyarakat males bayar pajak",2026-06-02 18:18:52,0,0
Y29tbWVudDoxMDI0ODU2NTIzMjI4ODQyXzIwNDI0OTUwMTMxMzY1MjE=,Rupinic P,573577537,Gak ada visi ACTION nya 😂,2026-06-02 18:02:59,0,0
Y29tbWVudDoxMDI0ODU2NTIzMjI4ODQyXzE1MDI3NzQwMjEyNTM1MDA=,Ranto,100033105710844,Dianggap masyarakat nya goblok semua gak bisa bedakan jln kebangetan to Pak Gub,2026-06-02 17:57:14,0,0
Y29tbWVudDoxMDI0ODU2NTIzMjI4ODQyXzQ0MTQ2OTE2MTU0NzEwNDA=,Bah Empi,100079721992155,Jangan di pilih lagi pejabat kaya giti mah,2026-06-02 17:32:55,0,0
Y29tbWVudDoxMDI0ODU2NTIzMjI4ODQyXzEyMTIzNzYxMTc1OTcxNzc=,Mas Jack Jos,61589919461355,"Bagaimana perasaan yg dulu milih Lutfi jadi gubernur,kira kira nyesel gak yaa😂😂😂",2026-06-02 17:09:09,0,0
Y29tbWVudDoxMDI0ODU2NTIzMjI4ODQyXzEyNzY2OTkxMjExNTU1OTM=,Dadan Hidayatulloh Turrohmanurwahidin,100005562159922,"Kalau ada yg usul ke bp aing mah..
Langsung gercep moal loba teori ..",2026-06-02 17:07:00,0,0
Y29tbWVudDoxMDI0ODU2NTIzMjI4ODQyXzE2NDAwNjY4MzcyODA1NTc=,Nadzar Adriansyah,100054859643596,"Mending  tanami  jati  dan pisang  , ga ada gunanya  apalagi  rayat  dianggap  orang  tolol bloon  ga tau  jalan  apa  taunya  mulus",2026-06-02 16:48:29,0,0
Y29tbWVudDoxMDI0ODU2NTIzMjI4ODQyXzQ1NDgwMjUwMjIxMzg3MDg=,Zarley Bedu,100009579123199,Ini lah klo gubernurnya kebanyakan teori,2026-06-02 16:18:24,0,0
Y29tbWVudDoxMDI0ODU2NTIzMjI4ODQyXzIyMDYwNTgxOTAxNDUyNjc=,Wikuntoro,100024604540248,Gubernur Jateng Goblokkk kaya Persiden Prabowo....,2026-06-02 16:13:18,0,0
Y29tbWVudDoxMDI0ODU2NTIzMjI4ODQyXzEwMjc4MTQxNzMyMjUzOTg=,Priyo Setiyo,61552348911033,"Cangkeme kok penak men le nylongop ngono kuwi, omongane koyo ora tau sekolah,",2026-06-02 15:02:02,0,0
Y29tbWVudDoxMDI0ODU2NTIzMjI4ODQyXzk3MzkzOTI0MjIyNDI1Mg==,Mas To,100079512563156,gubernur sok pinter asal mlongo saja,2026-06-02 14:50:58,0,0
Y29tbWVudDoxMDI0ODU2NTIzMjI4ODQyXzE1NjA4NzcxMjg3MjY2MzQ=,Bohim,100009225199781,Gubernur lierrrrrrrr,2026-06-02 14:29:58,0,0
Y29tbWVudDoxMDI0ODU2NTIzMjI4ODQyXzE4NzI2MjY3NDY3NjI2MDU=,Fajar Hadi Sugianto,100007784652729,Jalan pangan tuh duit bua bikin jalan malah dipangan 😂😂😂,2026-06-02 14:13:51,0,0
Y29tbWVudDoxMDI0ODU2NTIzMjI4ODQyXzg1OTkyODA1NjU3OTM4Nw==,Dedi Hernandi,100074872735963,Seorang pemimpin yg pikirannya dangkal tidak bisa melihat keadaan di sekitarnya hanya bisa memilah keadaan yg bisa menguntungkan mau orang desa atau orang kota itu wajib pajak pak jd berhak orang desa pun mempunyai keadilan dan menikmati kemajuan dan bantuan untuk daerahnya,2026-06-02 14:11:43,0,0
Y29tbWVudDoxMDI0ODU2NTIzMjI4ODQyXzEyODk5NDQ2MDY1ODQyMDE=,Adul Layau,100014716026372,Keliwat pentet jadi kelihatan bodoh nya,2026-06-02 13:05:01,0,0
Y29tbWVudDoxMDI0ODU2NTIzMjI4ODQyXzk4MDYwNDg4ODEyMDIwNg==,Dimas Wongfen,100005593849488,Banyak bacot gk ada paedahnya,2026-06-02 12:00:54,0,0
Y29tbWVudDoxMDI0ODU2NTIzMjI4ODQyXzEzOTY3MjQyOTI0OTA3NDE=,Maulid Barnas Herdiansyah,100083620363955,"Jalan ko teori ???
Beginilah kalau GUBERNUR yg dihasilkan dari manifulasi bukan dri tes and profrtis
Manusia bgini ko bisa Dipilih Jadi GUBERNUR 😤😁",2026-06-02 11:58:40,0,0
Y29tbWVudDoxMDI0ODU2NTIzMjI4ODQyXzMwNTEzNDkxMzUwNjA5NjE=,Jais Deni,100092639991782,Asuhhh bodokk betul,2026-06-02 11:53:26,0,0
Y29tbWVudDoxMDI0ODU2NTIzMjI4ODQyXzE1MjYyNzU4MjU3OTU1MTc=,Ripal Ripal,100089803595320,Padahal jawa tengah provinsi yg pling besar masa  iya ngga mampu,2026-06-02 11:41:27,0,0
Y29tbWVudDoxMDI0ODU2NTIzMjI4ODQyXzE1Mzc1MDUxNzc5MjY3NTA=,Dani Hadi,100022772166369,Anggap masyarakatnya bodoh ni bapk,2026-06-02 10:56:36,0,0
Y29tbWVudDoxMDI0ODU2NTIzMjI4ODQyXzE1MTkxMjIxMzI5NTU0MTk=,Bintar Junaedie Dee,100011151916832,"Gini kok dipilih JD gubernur , yang milih mesti bertanggung jawab .",2026-06-02 09:45:39,0,0
Y29tbWVudDoxMDI0ODU2NTIzMjI4ODQyXzI4NzA0ODA4NTMzMTcwNzA=,Amanda Putra Gorden,100074002276510,Modal omong kerja ngga becus ngomong doang mikir dulu lah bos,2026-06-02 09:39:23,0,0
Y29tbWVudDoxMDI0ODU2NTIzMjI4ODQyXzE1NTQ5MzQwNDI3MzUxMjQ=,Fudin Ramdhani Lubis,100029491986229,ini yang dinamakan gubernur TOLOl.,2026-06-02 08:28:30,0,0
Y29tbWVudDoxMDI0ODU2NTIzMjI4ODQyXzI0NjUzMTU1MDA2MTA3NDY=,Braham Pratama,100050249441872,Guoblok nya JD gubernur ...,2026-06-02 07:33:56,0,0
Y29tbWVudDoxMDI0ODU2NTIzMjI4ODQyXzgzOTQ2MjM0NTQ5MDAxMw==,Hayati Yati,100046817411942,",,jauuuuuh beda sama Bapak Abdi/Bapak aing mah,ibarat langit dgn bumi,, Allahu Akbar,,sehat selalu Bp Gubernur KDM panjang umur, dilindungi Allah dimana pun Bp Gubernur KDM berada, dipermudahkan segala urusan tugas  didalam Negri JABAR,,, Aamiin 🤲",2026-06-02 07:28:33,0,0
Y29tbWVudDoxMDI0ODU2NTIzMjI4ODQyXzEwMTA5NDgxMzgwNDgzNzQ=,Joy Klinder,61564648540740,"cukup satu priode aja 🤭
beda kelas sama kdm mah ✌️",2026-06-02 07:28:05,0,0
Y29tbWVudDoxMDI0ODU2NTIzMjI4ODQyXzE4MDUxOTE3OTA2NzUxMzQ=,Yudi Seventree,100073854588556,Ora usah dipilih eneh,2026-06-02 07:17:46,0,0
Y29tbWVudDoxMDI0ODU2NTIzMjI4ODQyXzI4NjQxMTAzMjM5Mzk4Mzg=,Hendi Gencel,100015641255133,Pjabat edan,2026-06-02 06:18:53,0,0
Y29tbWVudDoxMDI0ODU2NTIzMjI4ODQyXzE2NzQ1ODgzNjM1OTA5NDM=,Indah Pada Waktunya Syah,100006733597587,Ganti aja gubernur,2026-06-02 06:09:30,0,0
Y29tbWVudDoxMDI0ODU2NTIzMjI4ODQyXzE3MjEyMDAxOTU2ODE2MTc=,Abdul Kodir,100015766595896,"Tak bolan Baleni ngrungokne cocokte wong Iki tambah pedes mripat q, kuping q Yo tambah bengung ora karu-karuan. Kok Yo iso Ono pejabat omongane nglantur koyok ngono",2026-06-02 06:06:34,0,0
Y29tbWVudDoxMDI0ODU2NTIzMjI4ODQyXzE5MzczOTYzOTAxMDMyNjI=,Babah Darussalam,61573989996922,Waduh ini ko bisa jadi gubernur ya,2026-06-02 15:57:09,0,0
Y29tbWVudDoxMDI0ODU2NTIzMjI4ODQyXzgzMjcwMDkwMjkxMjA1Mg==,Aziskia Boim,100001164770169,Tolol inimh,2026-06-03 04:26:14,0,0
Y29tbWVudDoxMDI0ODU2NTIzMjI4ODQyXzEyNTMwOTIyNjM0OTg1MTk=,Akbar,100010699652998,Yg di bangun di depak rumah gubernur saja kan kalo di desa ngak ada gunanya,2026-06-02 22:02:16,0,0
Y29tbWVudDoxMDI0ODU2NTIzMjI4ODQyXzkwMDAwNzU5OTc3ODAxNg==,Boni Koplaks,100093323820217,Wong nek pekok,2026-06-02 21:37:17,0,0
Y29tbWVudDoxMDI0ODU2NTIzMjI4ODQyXzI3MTc0NTczOTQyMTk3NjYw,Oces Joledar,100023767661912,Koplak koplak,2026-06-02 21:27:53,0,0
Y29tbWVudDoxMDI0ODU2NTIzMjI4ODQyXzIzNDI3ODg4OTk1ODA0OTg=,Kirana Shaka Sulya,61564968727951,gubernur gedebrus..hoby ngibul suka nyinyir..wkkkk,2026-06-02 21:16:52,0,0
Y29tbWVudDoxMDI0ODU2NTIzMjI4ODQyXzE1MDQ5Mzg2MDQ0Mzk2MjI=,Agoest Agoest,100014001465469,Apa susah nya bangun saja lutvi.  Itu kan duit bareng2.  .,2026-06-02 21:02:58,0,0
Y29tbWVudDoxMDI0ODU2NTIzMjI4ODQyXzIwNTQxMDg4NDE4Njk0NDg=,Dewi Rahayu,100038628690214,Itu lho sebelahnya pada dukung gubernurnya ntar loe kena batunya,2026-06-02 20:48:47,0,0
Y29tbWVudDoxMDI0ODU2NTIzMjI4ODQyXzI0NDg0MTE1MDIyNzAxMzU=,Putra Putra,61583011846072,"Silahkan di nikmati rakyat Jateng, jln anda itu tidak bermanfaat, lebih baik buat lc😂",2026-06-02 20:43:00,0,0
Y29tbWVudDoxMDI0ODU2NTIzMjI4ODQyXzIwOTQ3NDc5OTc3NDgxMjY=,Cece Saeful,100078404015074,Kalo bisa di tambal kenapa di perhalus,2026-06-02 20:11:49,0,0
Y29tbWVudDoxMDI0ODU2NTIzMjI4ODQyXzE1MTE2NTM0MzcwOTcxOTI=,Asep Apandi Sragi,100054760341204,Kasih tau aj jalan ke makan buat pa gubernur,2026-06-02 19:47:54,0,0
Y29tbWVudDoxMDI0ODU2NTIzMjI4ODQyXzc5MDMwODE2MDcxMzk2OQ==,Mujarianto O,100093646337219,Lupi..gendeng.,2026-06-02 18:26:15,0,0
Y29tbWVudDoxMDI0ODU2NTIzMjI4ODQyXzE1NjQ4NzIzODIwMTMzMDE=,Bokir,61582057236636,"Oka oke oka oke taek asu raimu kwi fi lutfi.
Gubernur lambe tempek bosok....",2026-06-02 18:20:41,0,0
Y29tbWVudDoxMDI0ODU2NTIzMjI4ODQyXzE1MTIxMjI1MjcxMTY1Njc=,Rumah Tanah Bojong Soang,100085210442992,inimah calon presiden 2030,2026-06-02 18:08:04,0,0
Y29tbWVudDoxMDI0ODU2NTIzMjI4ODQyXzEzMjExODM0NTY4MjUxMTE=,Yon Kemot,100042440717640,Terlalu,2026-06-02 17:30:00,0,0
Y29tbWVudDoxMDI0ODU2NTIzMjI4ODQyXzE4MjM3Njc5Mjg3ODI3NzE=,Rendi Setiawan,100022161077254,"Tolong yah jangan bandingkan sama gurbernur kami bapak kdm .. karna mau jalan desa,kabupaten atu propinsi semua harus mulus agar ekonomi bisa berjalan lancar itu tujuan bapak kdm",2026-06-02 14:33:45,0,0
Y29tbWVudDoxMDI0ODU2NTIzMjI4ODQyXzM1NTYxOTI1Nzc4Nzg5MzQ=,Sandi Tias,100086019579310,Ini kah gubeenur jawa tengah..bikin malu aja.udah lupa sma jangji2 nya waktu minta di pilih sama rakyat udah parah parah,2026-06-02 13:09:42,0,0
Y29tbWVudDoxMDI0ODU2NTIzMjI4ODQyXzE3NjI5MjM4MzUwNjI3ODM=,Nardi Didi,100088562375698,"Mantan polisi ini...,",2026-06-02 12:39:55,0,0
Y29tbWVudDoxMDI0ODU2NTIzMjI4ODQyXzEzNTU1ODQzNjk4MDAxNDA=,Bhulexs Alvin Kusuma,100071068899007,"Tidak ada manfaat nya klo jln bagus,, mnding jelek AZ jln nya,, gwa kan jdi punya duit",2026-06-02 12:31:03,0,0
Y29tbWVudDoxMDI0ODU2NTIzMjI4ODQyXzQxNzU3MzIyNjI2NDkxNTQ=,Salsa Akso,100028596262864,Gubernur tambal ban g akan mampu mnjlankan tugas dgn baik Krn dia TDK mau bljar dari KDM,2026-06-02 12:30:22,0,0
Y29tbWVudDoxMDI0ODU2NTIzMjI4ODQyXzE2Nzc2ODg1NTAyMTcxMTg=,Fahrii Doank,100003494445379,Bener juga sih...kalo anggaran buat jalan di salurkan buat bantuan ekonomi masyarakat ..UMKM petani atw masyarakat kurang mampu...tapi kalo itu juga gadisalurkan...terus kemana lari uang nya...😁😁🙏🙏,2026-06-02 12:11:54,0,0
Y29tbWVudDoxMDI0ODU2NTIzMjI4ODQyXzE2NzUxMjQzNjcwMTg1MDg=,Beta Tadin,61586160003236,Banyak omong doang kenyataanya... 0..,2026-06-02 11:53:31,0,0
Y29tbWVudDoxMDI0ODU2NTIzMjI4ODQyXzEzODQzNTIyODM1MzA0ODc=,Anto s,61564471307667,Gubenur oon,2026-06-02 11:35:18,0,0
Y29tbWVudDoxMDI0ODU2NTIzMjI4ODQyXzEzODEzNjg4MTcyMTg1NDU=,Ahin Zimah,100011376671799,Hadehh ripuh wa,2026-06-02 11:15:49,0,0
Y29tbWVudDoxMDI0ODU2NTIzMjI4ODQyXzc0NzE1MTAwMTc4OTgyMg==,Fu Aditya Robbani,100003866382409,Oh jadi milih2 ya.. ok dah...,2026-06-02 11:15:13,0,0
Y29tbWVudDoxMDI0ODU2NTIzMjI4ODQyXzEzMDIzNDY3MjQ5MDc3ODI=,Boeim DenniBoiem,1600404034,Yang bodo ini siapa jelas kan....?,2026-06-02 10:50:29,0,0
Y29tbWVudDoxMDI0ODU2NTIzMjI4ODQyXzIyMTU0OTcwMzkyMTcyOTM=,Zay Tea,100073891834554,Bangun jln ko pilih²,2026-06-02 10:49:06,0,0
Y29tbWVudDoxMDI0ODU2NTIzMjI4ODQyXzk2NTcyNDc0MzAxNTUwNw==,Erwan Syah,100041875323686,Tai kucig,2026-06-02 08:57:41,0,0
Y29tbWVudDoxMDI0ODU2NTIzMjI4ODQyXzE4ODQ4NjI4OTUzOTk0MzU=,Roisbeko Akubtm,100050397347516,Kalao memang sudah nggak bisa di perbaiki gubernur nya...mending ora usah bayar pajak...duit pajak nya di kumpulin Bae Nang masarakte langsung go mbangun dalan Bae bos kompak se-Jawa Tengah apa ???,2026-06-02 08:18:35,0,0
Y29tbWVudDoxMDI0ODU2NTIzMjI4ODQyXzM5NjM2MDU2MzA0NDI5NzY=,Carlitos Ingkiriwang,61566942570876,Gubernur sok pintar 😂😂😂,2026-06-02 08:08:43,0,0
Y29tbWVudDoxMDI0ODU2NTIzMjI4ODQyXzE1MTk0NDA5MDMwNDgyODM=,Junaedi Hambali,100055306486776,Ini harus melakukan demo langsung,2026-06-02 05:32:00,0,0
Y29tbWVudDoxMDI0ODU2NTIzMjI4ODQyXzExOTc2ODczNTM0MTY5NTk=,Dde Ayhe,100000491211497,Mengeluarkan dana buat jalan kok ribet kan udah ada anggaran nya .. mungkin anggaran nya ke yg bohay 😂😂,2026-06-02 22:00:44,0,0
Y29tbWVudDoxMDI0ODU2NTIzMjI4ODQyXzk1MTk0MzQyNzY3Nzg3OA==,Cak Kartolo Dozer,100041647940701,🤣🤣🤣🤣🤣 inilah contoh pemimpin cangkem comberan cangkem gedablus cangkem nyinyir nek goblok yo panggah goblok...,2026-06-02 21:47:08,0,0
Y29tbWVudDoxMDI0ODU2NTIzMjI4ODQyXzE2MjYwODA2MjU2ODkxNjc=,Rojo Palu,100026466757853,Goblak bin pekok di plihara ngaret ae,2026-06-02 21:43:52,0,0
Y29tbWVudDoxMDI0ODU2NTIzMjI4ODQyXzEzNTY1MjI1NjYzMzU1MDQ=,Hendra Kurniawan,100079593863835,Yang sabar ya warga Jawa Tengah ..,2026-06-02 21:33:19,0,0
Y29tbWVudDoxMDI0ODU2NTIzMjI4ODQyXzM4NDk4NTQwMjE4MzA3Mzc=,Cah Bagozt Dwe,100002270156101,Cangkem gubernur kog ra mutu blas.viralmu mergo caturanmu sing ra mbejaji pi lupi,2026-06-02 21:22:46,0,0
Y29tbWVudDoxMDI0ODU2NTIzMjI4ODQyXzI0MTIzNDk5NDkyNDY4MTU=,Kusmanto Ksmn,100034827322089,"Waaah kucluuk alias bodooh skali P Lutfi , duuuh salah pilih p ltfi",2026-06-02 21:20:15,0,0
Y29tbWVudDoxMDI0ODU2NTIzMjI4ODQyXzE4NTk5OTI4NDQ2Njg0NjM=,Adevbastos Bastos,61560356517264,KLO gitu gausah bayar pajak yg jalan nya ga diperbaiki..simpel..gaussh taat bayar pajak baik kendaraan maupun PBB..biar tau rasa tuh,2026-06-02 20:36:46,0,0
Y29tbWVudDoxMDI0ODU2NTIzMjI4ODQyXzc2MDc5NzM0MDM4NzU3Nw==,Ardikoces Kaylafaranisa,100013837295119,Gup kakean cangkeem.,2026-06-02 20:35:57,0,0
Y29tbWVudDoxMDI0ODU2NTIzMjI4ODQyXzI4NDIwNzU0NzI4MDczODQ=,Tony Grc,61560874224455,Lebih bermanfaat jalan ketimbang lutfi ga da manfaatnya.,2026-06-02 20:30:13,0,0
Y29tbWVudDoxMDI0ODU2NTIzMjI4ODQyXzk4NTIxODE1NDE1MzY1Mw==,Maman Firmansyah,100058869707753,"Gubernur apaan ini........
Kok  Fikiran nya  sempit",2026-06-02 20:10:35,0,0
Y29tbWVudDoxMDI0ODU2NTIzMjI4ODQyXzEwMDA4OTQzNTU3NDYyODQ=,Tianah Tianah,100094194601242,Lutfi gk punya kompetensi di pos gubnur,2026-06-02 20:07:34,0,0
Y29tbWVudDoxMDI0ODU2NTIzMjI4ODQyXzk0NjgxNjIzMTY4NDMwOA==,Ipung Al Kafiey,100008311813806,Orang itu siapa.? Maap bertanya.,2026-06-02 20:05:49,0,0
Y29tbWVudDoxMDI0ODU2NTIzMjI4ODQyXzEzMzU0NjA5MDg1MjkyNDg=,Mustar,61561347748987,Huuuuhhh,2026-06-02 20:01:16,0,0
Y29tbWVudDoxMDI0ODU2NTIzMjI4ODQyXzEzMTMwNzIxMzQzMzk2MzY=,Rachmad Santoso,1041510579,Pimpinan kok fesimis,2026-06-02 19:55:49,0,0
Y29tbWVudDoxMDI0ODU2NTIzMjI4ODQyXzEwMzI3MDg5ODYwNzkzMTk=,Fatih Falimbani,61572594779130,"gimna orang jateng,gitu aja kok di pilih",2026-06-02 19:25:42,0,0
Y29tbWVudDoxMDI0ODU2NTIzMjI4ODQyXzE3NTExMjcxMTk1MzY2NjU=,Kamijan Tmp,100065068242358,Ora kudu milih gubenur wong iki neh ..di kei ngerti  dalan rusak malah jawabanne ngono,2026-06-02 18:52:45,0,0
Y29tbWVudDoxMDI0ODU2NTIzMjI4ODQyXzE1NTQ5NzA0Mjk1MTY3NDE=,Pengamat Amat,100092027546361,Betul..KLO jalan buat BPK ga manfaat.. 👍.....Bikin yg manfaatkan aja pak misal saya saran sepanjang jalan digali buat tambak ikan lele...per 3 bulan panen pak..👍👍👍👍🤣,2026-06-02 18:27:24,0,0
Y29tbWVudDoxMDI0ODU2NTIzMjI4ODQyXzEzMTI5MTM5NzAyODU5NjA=,Yan Mulyana,100080884737328,Kalo begitumah mnding kompak ajah jangan bayar pajak,2026-06-02 17:26:10,0,0
Y29tbWVudDoxMDI0ODU2NTIzMjI4ODQyXzE0NjQxODE5OTUzOTI3MzA=,Sakimen Anja,61584272187899,Oalah gubenur koyok ngono kok pilih wong koclok,2026-06-02 17:24:14,0,0
Y29tbWVudDoxMDI0ODU2NTIzMjI4ODQyXzEwMDQyMDMwNzIxMDM0MDI=,Esky Mo,100028531893737,Gak becus lu tikus cabut tuh jabatan,2026-06-02 16:59:20,0,0
Y29tbWVudDoxMDI0ODU2NTIzMjI4ODQyXzEzMDcwOTk1MDc3MTk3MjY=,Enday Sutiawan,100024674613985,Jawa Tengah gubenur nya setres,2026-06-02 15:54:28,0,0
Y29tbWVudDoxMDI0ODU2NTIzMjI4ODQyXzE1NDg4MzMyMTk5OTIwNzE=,New Gajebo,100080878114918,Yg bilang gitu orang koplak. Jalan makam aja ada manfaatnya kok. Aneh,2026-06-02 15:15:31,0,0
Y29tbWVudDoxMDI0ODU2NTIzMjI4ODQyXzIxNjA4NzI1OTQ0NTQ5MTI=,Khainun Ahmad,100068434063363,Yg tidak ada manfaatkan ya gubernurnya,2026-06-02 14:49:29,0,0
Y29tbWVudDoxMDI0ODU2NTIzMjI4ODQyXzE2Mzg0MDE0Mzc0NTk2MTY=,Arya Danu,100041846686162,Itu jalan jelek aja ada manfaatnya pak apa LG KL bagus,2026-06-02 14:18:57,0,0
Y29tbWVudDoxMDI0ODU2NTIzMjI4ODQyXzg4MDEzOTAwNDM3NTgxNg==,Dimas Saputra,61573999912985,Otaknya kosong..orang kaya gni jadi pejabat hadeh kebanyakan giting ni orang,2026-06-02 14:11:48,0,0
Y29tbWVudDoxMDI0ODU2NTIzMjI4ODQyXzIwNjg1MjQyMDc0MjY1OTM=,Novel Iim's,61550002689564,Hidup KDM,2026-06-02 13:27:13,0,0
Y29tbWVudDoxMDI0ODU2NTIzMjI4ODQyXzIwNjYwNDU4OTA2Nzc0NTc=,Nur Hadi,100031054746454,Lutvi yg dipikirkan haya keuntungan pribadi,2026-06-02 13:15:32,0,0
Y29tbWVudDoxMDI0ODU2NTIzMjI4ODQyXzE5NjE3NjAzMjc4Nzc2OTg=,Don's Lgs,61563829814627,Gubernur mna itu pengen ketawa saaya🤣😂😀🤦,2026-06-02 13:06:42,0,0
Y29tbWVudDoxMDI0ODU2NTIzMjI4ODQyXzE0MDQ2Mzc5ODE3MDg5MjQ=,S Ve,100020875609919,Banyak bacot banget wkwkwk ngelawak terus,2026-06-02 12:08:52,0,0
Y29tbWVudDoxMDI0ODU2NTIzMjI4ODQyXzIyMTgwOTgwMDU2MTIyODI=,Ahmad Matin,61576629374205,Gubernur ini jarang main ke desa yaaa??,2026-06-02 11:44:50,0,0
Y29tbWVudDoxMDI0ODU2NTIzMjI4ODQyXzI3MjI5OTYyMTUzMzExMDEy,Bim-Bim BiMa,100001285424307,Gak ada untung ya ngapain di bangun... Kata pak gubernur,2026-06-02 11:00:44,0,0
Y29tbWVudDoxMDI0ODU2NTIzMjI4ODQyXzE1NjIzNDkyMjU0NjczMzA=,Oblay Oblay,61558973212322,Klu punya gubernur kaya gitu masarakat nya ga bakal maju,2026-06-02 10:41:57,0,0
Y29tbWVudDoxMDI0ODU2NTIzMjI4ODQyXzQ0NTE0NDk4ODUxMzc3NzE=,Fiki Faisal,61562046628105,Pecat nohh pejabat goblog kaya gini di pilih,2026-06-02 10:00:26,0,0
Y29tbWVudDoxMDI0ODU2NTIzMjI4ODQyXzEzNzY1ODgyNDEwNTU5ODk=,Frd Atx Martin,100001622430720,Ayo masarakat yg pilih gubernur ini mau pilih lagi engga hayo hayo wkwkwkw,2026-06-02 08:09:04,0,0
Y29tbWVudDoxMDI0ODU2NTIzMjI4ODQyXzE0NDI5ODEyNjc2MzIxMjY=,Aan Andri,100026587325037,Cukup 1 period aja ya pak,2026-06-02 06:54:48,0,0
Y29tbWVudDoxMDI0ODU2NTIzMjI4ODQyXzIxODMzMzAyODU3OTg4MzY=,Akit Algifari,61559584103487,"Oon d piara 
Kacauuuuu",2026-06-02 06:27:10,0,0
Y29tbWVudDoxMDI0ODU2NTIzMjI4ODQyXzEwMjQ1MjM1ODMzNDM5NDE=,Mujiono,100052985256112,Ajur2,2026-06-02 06:21:38,0,0
Y29tbWVudDoxMDI0ODU2NTIzMjI4ODQyXzE1MjAwNTc4ODI4NDI4MDQ=,Eli Amelia,61551676477619,"ganti secepat ya ,lutfi jalan amuradul",2026-06-02 06:05:27,0,0
Y29tbWVudDoxMDI0ODU2NTIzMjI4ODQyXzE4MzI1OTI2NDQzNjgwOTk=,Kang Ary,61555181483966,Dah ketawain aja klw gubernur molor,2026-06-02 05:30:43,0,0
Y29tbWVudDoxMDI0ODU2NTIzMjI4ODQyXzE2NjIwOTIwOTQ4NDUyMjA=,Adi Wijaya,100003294830074,Pie to pa endas wis somplak,2026-06-02 22:22:23,0,0
Y29tbWVudDoxMDI0ODU2NTIzMjI4ODQyXzI2NTE5NjE4ODcxMDUxMDU3,Sopiyan Ngaprak,100081044656220,Ah goblok kabeh daerahge berhak Jalan alus tai da mayar pajak,2026-06-02 21:35:08,0,0
Y29tbWVudDoxMDI0ODU2NTIzMjI4ODQyXzk2NzQzNTIzOTYxMTkyNg==,Aing Maung,61555543600978,"Banyak cocot doang... 
Ora bisa gawe...... 🤣🤣🤣🤣",2026-06-02 21:28:10,0,0
Y29tbWVudDoxMDI0ODU2NTIzMjI4ODQyXzIwNTIyNDIwMzg2ODgxOTU=,Ariaz Satriani,100012306583422,Gubernur dobol,2026-06-02 20:48:44,0,0
Y29tbWVudDoxMDI0ODU2NTIzMjI4ODQyXzE1MjIwODk2OTYxMDc1Nzk=,Handry New,61586383100641,Ternyata ABAH ada SOHIB KEMBARAN yg sama HANYA DGN kata²  MULUK  yg Harus Mengikuti PROSUDUR Kesenangan Elit bukan Utk Rakyat🤣🤣,2026-06-02 20:11:40,0,0
Y29tbWVudDoxMDI0ODU2NTIzMjI4ODQyXzIwNTI3Njk1ODg5OTkyMjc=,Tono Tw,61579377231791,Kaya gitu ko di jadikan pemimpin... Memalukan,2026-06-02 19:55:38,0,0
Y29tbWVudDoxMDI0ODU2NTIzMjI4ODQyXzkwNzY5MzgwNTYxODcwNw==,Ki Among Rogo Rogo,61570828498998,Cocok lutfi calon presiden wakilnya anis,2026-06-02 19:17:05,0,0
Y29tbWVudDoxMDI0ODU2NTIzMjI4ODQyXzE1NTY0MjQ1MjkxNzQ2MDc=,Subur Buyung,100080822066489,Gubernur kga berpungsi turukan sj,2026-06-02 18:21:17,0,0
Y29tbWVudDoxMDI0ODU2NTIzMjI4ODQyXzI4MjYyMTQ3ODc3MTMyNDM=,Imam Sutikno,61553428185906,Gubernure kakean cangkem,2026-06-02 18:07:13,0,0
Y29tbWVudDoxMDI0ODU2NTIzMjI4ODQyXzIxNTE5MjQ4Nzg5MjM2NDU=,Dans Suhendar,100051734720639,"Hahahha ngakak, otak nya D mana yaaa",2026-06-02 18:00:34,0,0
Y29tbWVudDoxMDI0ODU2NTIzMjI4ODQyXzk4MzIxOTgxNzY3MDI2Mg==,Murid Famungkas,100034316381356,ada gubenur begini ya. pa setiap jln ada mangpaatnya buat masarakat jangankan jln raya.jalan gang saja mangpaat,2026-06-02 17:37:36,0,0
Y29tbWVudDoxMDI0ODU2NTIzMjI4ODQyXzkyODU1MzYxNjg2NzY3MQ==,Sharda Shopyan Sharda Shopyan,61561069649418,"Ngomong ngalor ngidul gak jelas,",2026-06-02 16:43:52,0,0
Y29tbWVudDoxMDI0ODU2NTIzMjI4ODQyXzEzNDk3MTUyMDA0MDc3MzY=,Ibeng Al-wadud Aenun,100003074395201,Berarti daerah yang tidak memenuhi syarat. Tidak diperbaiki. Berarti di anak tirikan dong🙂,2026-06-02 16:00:41,0,0
Y29tbWVudDoxMDI0ODU2NTIzMjI4ODQyXzEzMjcwMjM2Nzg4NTk3NzA=,Ndr Ian,100013307747390,Ngising,2026-06-02 15:16:03,0,0
Y29tbWVudDoxMDI0ODU2NTIzMjI4ODQyXzE0MDIzMTA4OTE2NTg2NTk=,Infopulauseribu Infopulauseribu,100087237788071,Hadeeeh orang kaya gini jadi GUBERNUR paraaaah...,2026-06-02 14:08:49,0,0
Y29tbWVudDoxMDI0ODU2NTIzMjI4ODQyXzI3NzgzOTY3MTExMTg3NDc4,Dewa Visink,61562000303628,Koplok,2026-06-02 12:24:43,0,0
Y29tbWVudDoxMDI0ODU2NTIzMjI4ODQyXzk5NDkyMjIwNjI1OTAyOA==,Maryam Bab,100025212408087,Pertayaan sama jawaban ga nyambung 🤣🤣🤣,2026-06-02 12:22:12,0,0
Y29tbWVudDoxMDI0ODU2NTIzMjI4ODQyXzQ0NDUyMDAzNjI0MjMyNzU=,Hengz,100028006260300,Kebanyakan ceramah ...satset dong kaya gub Jabar..keburu abis masa jabatan nya pak..wkwkkw,2026-06-02 11:13:07,0,0
Y29tbWVudDoxMDI0ODU2NTIzMjI4ODQyXzc3NDQ1OTAzNTY2MTEzMA==,Zae Cool,100000531211654,"Emang kamu yang bayar itu duit pajak yang dipake,,masa dibilang g manfaat kacau kacau ni orang",2026-06-02 10:51:23,0,0
Y29tbWVudDoxMDI0ODU2NTIzMjI4ODQyXzEzMTU3NzY1ODA2NTYzNTE=,Burhan,100064938349322,Haha gak ada jalan ga ada duit,2026-06-02 09:59:26,0,0
Y29tbWVudDoxMDI0ODU2NTIzMjI4ODQyXzE1MTg1OTkzOTY2Mjg3NTA=,Satrio Saputra,61559346582352,Nyesel pilih lutfi.. Orang kaya gitu jadi gubernur. Aneh pendukung nya yang milih,2026-06-02 09:58:09,0,0
Y29tbWVudDoxMDI0ODU2NTIzMjI4ODQyXzgyMzM4NDkyMzkzODU0MA==,Sarijan Ijan,100079315544972,Iyalah masarakat taunya jalan nya bagus soalnya masarakat kan bayar pajak buwat apa uang pajak,2026-06-02 09:27:54,0,0
Y29tbWVudDoxMDI0ODU2NTIzMjI4ODQyXzI0MzM1OTk1MjM3ODQxMDI=,Jupiter Z Jupi,61562855214057,Blunder 😁,2026-06-02 08:59:52,0,0
Y29tbWVudDoxMDI0ODU2NTIzMjI4ODQyXzk5MzExMjEyNjc2MzgyMQ==,Hendrik Napitupulu,61580105024827,"Waduh yang bicara ini mafia korupsi,laki laki pula.",2026-06-02 07:37:01,0,0
Y29tbWVudDoxMDI0ODU2NTIzMjI4ODQyXzQ2NjI2ODkyMzM5NjI1OTk=,Hamdan Nasution,100013070892253,Ngeles melulu bukannya dianalisa buat perencanaan dan kerjakan ... ya maklum mantan merasa duit sendiri setelah terima ...,2026-06-02 06:53:34,0,0
Y29tbWVudDoxMDI0ODU2NTIzMjI4ODQyXzI0MzM1MTQ4ODcxNjE3MTc=,Supriyo Supriyo,61556140146912,Gubenur tai,2026-06-02 06:35:12,0,0
Y29tbWVudDoxMDI0ODU2NTIzMjI4ODQyXzEzMjk4Mjg2ODg3ODAxMDE=,Udin Farid,61585972207036,"Pejabat paling goblok, ngomong pinter tapi otak kosong, terlalu byak argumen, duduk saja di bangku empuk liur2 muncrat pinter berdebat, tapi tada faedah langsung.",2026-06-02 05:43:19,0,0
Y29tbWVudDoxMDI0ODU2NTIzMjI4ODQyXzE3ODQ4MTQwMDkzNDkzMzc=,Pirman Sah Jorag Mania,61551212195489,𝙊𝙩𝙖𝙠 𝙣𝙮𝙖 𝙥𝙞𝙣𝙙𝙖𝙝𝙞𝙣 𝙥𝙖 𝙜𝙪𝙥 𝙅𝙖𝙩𝙚𝙣𝙜 𝙟𝙖𝙣𝙜𝙖𝙣 𝙙𝙞 𝙙𝙚𝙣𝙜𝙠𝙪𝙡𝙡,2026-06-02 18:34:10,0,0
Y29tbWVudDoxMDI0ODU2NTIzMjI4ODQyXzEzNjE0NjM3ODU4ODkyNTQ=,Sura Di,61575247352310,Gupernur Jawa tengah Lupi itu gupernur  koplak salah sing milih.,2026-06-03 09:12:11,0,0
Y29tbWVudDoxMDI0ODU2NTIzMjI4ODQyXzEwNDcwODgzNTgxNzM1NTY=,Suwin Suwin,61579627504251,Jauh beda dari kdm,2026-06-02 22:07:53,0,0
Y29tbWVudDoxMDI0ODU2NTIzMjI4ODQyXzE1MzY0NzY4MzQ3MTg3NjM=,Dawuk Hermawan,100036071709109,Ah tai ucing haseum,2026-06-02 22:03:50,0,0
Y29tbWVudDoxMDI0ODU2NTIzMjI4ODQyXzE3MzE1NjMwNzgyMDE2NTg=,Gayung Gayung,61552681768068,Gubernur koplak isin aku sbgai warga Brebes due gubernur Iki cuihhhhh,2026-06-02 21:53:55,0,0
Y29tbWVudDoxMDI0ODU2NTIzMjI4ODQyXzI0MzE0MzI4OTA3MDQyMjM=,Mbah Sawi Tungu,100009353521577,Gubenirsengdibahascumauang& uangtpikerjanyanol,2026-06-02 20:35:31,0,0
Y29tbWVudDoxMDI0ODU2NTIzMjI4ODQyXzg1MjQ1Mjg0NDYwMDA1Mw==,Dưa Putra Ujang,61557042119371,Hadeeeuh ke banyakan anu,2026-06-02 18:32:28,0,0
Y29tbWVudDoxMDI0ODU2NTIzMjI4ODQyXzE5MTk5MDAyMTIwNjA4NzE=,Den Perky,61556214088404,"Lah lu gubernur berarti gk ada manfaatnya , gk usah jd gubernur kocak😂

Lihat lah konten bapak aing itu sebagai contoh org kek lu 🤭",2026-06-02 14:50:48,0,0
Y29tbWVudDoxMDI0ODU2NTIzMjI4ODQyXzE1NDU0OTc1NjA1NTI4NzA=,Abdur Sangpemimpinsejati,100000593582601,"Kapan demo besar2ran nih , rakyat bisa bersatu ngak ,",2026-06-02 14:44:26,0,0
Y29tbWVudDoxMDI0ODU2NTIzMjI4ODQyXzk2MTQyMTA4MzU4OTI3OA==,Ibams,100000123162495,11 12 karo gur ber nur ja tim,2026-06-02 14:36:33,0,0
Y29tbWVudDoxMDI0ODU2NTIzMjI4ODQyXzkxNjgzNzQzMTM4OTAxMw==,Ujangwarnadi Warnadi,61584200551309,Gubenur aneh,2026-06-02 13:06:02,0,0
Y29tbWVudDoxMDI0ODU2NTIzMjI4ODQyXzk3NDk2NzQzODQ3ODgwMw==,Daeng Jalur,100095214343382,bgni klo alumni polusi jdi pemimpin,2026-06-02 12:53:15,0,0
Y29tbWVudDoxMDI0ODU2NTIzMjI4ODQyXzE4MDMzOTE1MDczMDM0NjE=,Ibenkz Set,100083055773422,"Hidup KDM,,,",2026-06-02 12:17:46,0,0
Y29tbWVudDoxMDI0ODU2NTIzMjI4ODQyXzk5MDQ3NjQ3NzI1MDk2Nw==,Muslim Muslim,100093489366047,Milih das muuu wii,2026-06-02 10:36:00,0,0
Y29tbWVudDoxMDI0ODU2NTIzMjI4ODQyXzE1NDk0NDM0OTk5MzU3Mzk=,Berkah Jaya,100008674260992,Kalau d bikinin jalan uang saku abis,2026-06-02 09:58:42,0,0
Y29tbWVudDoxMDI0ODU2NTIzMjI4ODQyXzg2MDAwMDgyMDQ5MTU5OA==,Juliardi TJ,100003286076609,Ini penjabatnya kok ngk peduli SM raknyatnya lo,2026-06-02 09:07:22,0,0
Y29tbWVudDoxMDI0ODU2NTIzMjI4ODQyXzgyNjY3MjM4MzU4NzMzOA==,Aril Maulana,61573776863778,"Dengerin tuh ,.masa ga paham sih ..hidup pak KDM..",2026-06-02 07:52:15,0,0
Y29tbWVudDoxMDI0ODU2NTIzMjI4ODQyXzEzMjg1MTYzNjE5NDAzMDk=,Rubiyanto,100073067541922,Inilah gambaran orang yang kurang patut sebagai seorang pemimpin untuk membawa Rakyatnya hidup sejahtera.,2026-06-02 06:57:44,0,0
Y29tbWVudDoxMDI0ODU2NTIzMjI4ODQyXzEyOTQ5NjIzNzk0ODczODg=,Mariah Haryani,100070901004127,"Otak'e separo.... Ngomong asal bunyi aje merasa kt"" Nya benar pdhal goblok",2026-06-02 06:35:53,0,0
Y29tbWVudDoxMDI0ODU2NTIzMjI4ODQyXzgyMTYwNzMxMDc4NzA1Mw==,Jorkaef,100068702523174,Sy ga nyesel..krna sy ga milih dia.,2026-06-02 05:24:55,0,0
Y29tbWVudDoxMDI0ODU2NTIzMjI4ODQyXzIwOTQwNDAyMTgxODYyMDQ=,ShanShan DL,61566583149198,Ini gubernur  ko gtu ngomong nya yaaa... Semua jalan. Dri jalan desa sampai jln propinsi.. Itu bermanpat kan... Gx ada jalan umum. Yg gx bermanpaat paaa... Yg gx bermanpatt tuu.. Mulut bp,2026-06-02 19:55:19,0,0
Y29tbWVudDoxMDI0ODU2NTIzMjI4ODQyXzE1MDYxMzg5OTA5OTE4ODQ=,Tentang Semuanya,61567631693465,Dasar pak kontolll,2026-06-02 21:01:43,0,0
Y29tbWVudDoxMDI0ODU2NTIzMjI4ODQyXzExNDUzNDA0MTg2NjMxMzA=,Ewin Erwin Safut,100022123773987,Lupi lupi tolol,2026-06-02 12:08:22,0,0
Y29tbWVudDoxMDI0ODU2NTIzMjI4ODQyXzE4MDI2MjI0MDczODM3NzY=,Amal Amal,100064063597605,Semua jalan itu ada manfaatnya  buat lewat tp klo jalan itu jelek rusak.dampak nya putaran ekonomi iku tersendat bayar pajak harus rutin klo ada bolong di tegur...dn kemna hasil pajaknya klo bkn buat bangung jalan.yg pd rusak.....pak.gub,2026-06-02 07:37:08,0,0
Y29tbWVudDoxMDI0ODU2NTIzMjI4ODQyXzEyNjc0OTg4MjU1OTIwMTU=,Har Nanik,100003208890290,Yo gak maju maju nek ngeni carani,2026-06-03 13:39:37,0,0
Y29tbWVudDoxMDI0ODU2NTIzMjI4ODQyXzE2OTkxMTYxNjQ0MjE5NDg=,Herman Eko,100003176189202,jangankan jalan BERAK AYAM aja ada manfaatnya apa lagi jalan goleti rondo pake jalan gawa mayat pake jalan beli motor pake jalan yang ga pake jalan ngomongin wong iku orak pake jalan,2026-06-02 21:28:44,0,0
Y29tbWVudDoxMDI0ODU2NTIzMjI4ODQyXzI4OTY5NTkzODM5ODQ4MzY=,Garuda,100020888634159,"Aku kok mumet ngrungokne omonganmu, mbulet",2026-06-02 21:09:16,0,0
Y29tbWVudDoxMDI0ODU2NTIzMjI4ODQyXzIzMTk0NzEzNTIxOTI5MzY=,Liechien Bye,100012588312159,Bagaikan langit dan bumi SMA kdm,2026-06-02 21:04:28,0,0
Y29tbWVudDoxMDI0ODU2NTIzMjI4ODQyXzE3NDYyMjUzMzMwMjk5MDY=,Fadly Wwmp Sukabumi,100000895783142,Kanyut siaahh,2026-06-02 20:11:44,0,0
Y29tbWVudDoxMDI0ODU2NTIzMjI4ODQyXzEwMTkyNDUyNzQzODQwODQ=,Elan,100003164970450,Banyak ngeles,2026-06-02 19:49:26,0,0
Y29tbWVudDoxMDI0ODU2NTIzMjI4ODQyXzI1NTcyOTc2MzgwMjI4NzU=,Radim Meja,100023424403591,Pkok jane sopo SG marai maune Kon pilih kui kayane karepe Dewe,2026-06-02 18:41:24,0,0
Y29tbWVudDoxMDI0ODU2NTIzMjI4ODQyXzE0NTI3NjIxNzk5NTc3MDU=,Hendi Mulyadi,100013410377619,Gubernur konyol inimh,2026-06-02 17:10:49,0,0
Y29tbWVudDoxMDI0ODU2NTIzMjI4ODQyXzE3NzY4MTEyNzY4MTM3MjQ=,Supri Yanto,100017636925873,"Endi sing jar ngopeni, ngurusi",2026-06-02 12:31:43,0,0
Y29tbWVudDoxMDI0ODU2NTIzMjI4ODQyXzE2ODc5NzQyNTI0NTYwMDA=,Gie Aza,100057158443463,ko bisa yg jdi pejabat,2026-06-02 12:00:51,0,0
Y29tbWVudDoxMDI0ODU2NTIzMjI4ODQyXzk5NTA1MjY3MjkxMDQ3Mg==,Jota Keandra,61579504829855,Biasanya org sperti ini kalo nyapres 2029 langsung menang 97%,2026-06-02 10:54:08,0,0
Y29tbWVudDoxMDI0ODU2NTIzMjI4ODQyXzI4NTYwNTg3NjEzOTM2NDM=,Dyan Herdiana,100004141154125,Lengserkan ae percuma,2026-06-02 09:54:33,0,0
Y29tbWVudDoxMDI0ODU2NTIzMjI4ODQyXzEyNzgzNTc1NzQ0NDQ4NDU=,Ipang Iyan,100000262751934,"Geblek, kalo memang ga ada manfaatnya daerah tersebut ga usah bayar pajak, inimah pajak d pungut tapi ga ada timbal baliknya kepada warga pengguna jalan tersebut, kan geblek",2026-06-02 09:54:11,0,0
Y29tbWVudDoxMDI0ODU2NTIzMjI4ODQyXzE2OTI1NjA5MzE5ODg4MzY=,Maruli Simanjuntak,61579760935484,Lutfi dangkal bangat cara berpikir anda 👎,2026-06-02 07:14:46,0,0
Y29tbWVudDoxMDI0ODU2NTIzMjI4ODQyXzIyMTE2NDU3OTMxMTgwNTQ=,Baong Oge Motekar,100082112920153,"Yg jls GK bisa nyalahin gubernur lah
Tapi masyarakat Jawa tengah mesti sadar
Klo gubernur nya GK bisa kerja & anda semua sudah salah pilih pimpinan",2026-06-02 06:48:41,0,0
Y29tbWVudDoxMDI0ODU2NTIzMjI4ODQyXzE5MTExMjU4Mzk1NzYzMDQ=,Adone Edi Hariez,100003865299561,"Ko bisa ya se elegan gitu jawaban nya,,,,,",2026-06-02 06:04:32,0,0
Y29tbWVudDoxMDI0ODU2NTIzMjI4ODQyXzEyOTcwNzI4MzIwODcyMTg=,Bambang Widiantoro,61565517220715,𝘿𝙪𝙬𝙚 𝙂𝙪𝙗𝙚𝙧𝙣𝙪𝙧 𝙆𝙊𝙋𝙇𝘼𝙆 𝙔𝙊 𝙎𝙐𝙎𝘼𝙃....!!,2026-06-03 09:00:32,0,0
Y29tbWVudDoxMDI0ODU2NTIzMjI4ODQyXzE1MDk3MjExMjczMDk1MDk=,Zaed,100066914328824,"Lah ngapain bayar pajak boss  kalo jalan warga nya engga penting sia gelo
 kan sama bayar pajak. Edan sugan😂",2026-06-03 04:55:22,0,0
Y29tbWVudDoxMDI0ODU2NTIzMjI4ODQyXzEzODM0MjYyMDA1MTU1MDc=,Sa Di,61586172676565,Wih wong edan,2026-06-03 02:47:25,0,0
Y29tbWVudDoxMDI0ODU2NTIzMjI4ODQyXzE3MDM4ODAyNjA2NDY3MTc=,Jalebet Jalebet,100075868910264,Keplekkkk,2026-06-02 20:43:17,0,0
Y29tbWVudDoxMDI0ODU2NTIzMjI4ODQyXzEwMzk3MDIyOTUwNDk0MDM=,Sri Sulistyaningsih,100067005324121,Oalah due gubernur kok gobloke mintak Apun yg namanya jalan itu semua ada manfaatnya,2026-06-02 19:46:45,0,0
Y29tbWVudDoxMDI0ODU2NTIzMjI4ODQyXzEwMDE0NTk0NzIzMzU2OTQ=,Michael Aprilia,100071017995131,Gebernur peko Yo ngono kui,2026-06-02 18:12:43,0,0
Y29tbWVudDoxMDI0ODU2NTIzMjI4ODQyXzE5NDQwMDkyOTYyNTg4OTE=,Dimas Sapto,61550817480879,Bagus pak gub jangan kaya kdm bangun jalan gak pake apbd kamu harus pakai APBD  biar cepat hancur anggaran nya dan bisa menaikan pajak masyarakat....😂😂😂😂,2026-06-02 16:25:20,0,0
Y29tbWVudDoxMDI0ODU2NTIzMjI4ODQyXzk2Mjc0MzEzNjY2MDkwMQ==,MAngur Balap,100070454576188,"Cangkeme lutfi...jln kok ra pntg
Pengen mabor po kwe fii",2026-06-02 15:00:06,0,0
Y29tbWVudDoxMDI0ODU2NTIzMjI4ODQyXzQ0NjE5NDExNDA3NDAzMzI=,Wawan,100043842662130,Waduh parah ya...parah...parah...,2026-06-02 13:38:12,0,0
Y29tbWVudDoxMDI0ODU2NTIzMjI4ODQyXzgzMjk4OTk1OTUzMzY2OA==,Indry,100044455091958,pejabat geblek yo,2026-06-02 12:55:00,0,0
Y29tbWVudDoxMDI0ODU2NTIzMjI4ODQyXzIxMTY0MjYyMDg5MDQ1OTg=,Musicvlog Ruang,100051869772367,Anjing yg ngomong itu bangsat,2026-06-02 11:49:40,0,0
Y29tbWVudDoxMDI0ODU2NTIzMjI4ODQyXzkxMTYyMTkxNTI3NTc1Ng==,Ardhi Yono,61583653852455,Cocot doang gd lutfi2 pembangunannya ga ada yg beres gateli,2026-06-02 10:51:34,0,0
Y29tbWVudDoxMDI0ODU2NTIzMjI4ODQyXzE3OTAyMTQxNTUyODgxODE=,Mahmud Putra,100010686700022,"Keakean cangkem .
Ngeles Mulu",2026-06-02 07:24:32,0,0
Y29tbWVudDoxMDI0ODU2NTIzMjI4ODQyXzEzNTA1MTE1NDA0NzYzODY=,Wawansetiawan,61552347261777,"Wah gu bernur kaya gini,tunggu lah kehancuran nya",2026-06-02 06:18:36,0,0
Y29tbWVudDoxMDI0ODU2NTIzMjI4ODQyXzIwODc5MzIxNTE3NzA1NzI=,Irwan Mulyanto,1534192554,"Pantesan Indonesia nggak maju pejabatnya pola pikirnya kayak gini , busuk otaknya",2026-06-02 05:31:27,0,0
Y29tbWVudDoxMDI0ODU2NTIzMjI4ODQyXzE3MTU0ODU2MjI5NDA0Nzg=,Aan Hidayat,100084227814744,Bisa bisa ya memilih lutfi ya,2026-06-02 05:28:38,0,0
Y29tbWVudDoxMDI0ODU2NTIzMjI4ODQyXzExNjYwNDYzMjkwMDMzMjI=,Ahmad Kamalu,61580132878875,Anggaranya buatcapa pak ? Klo pajak kendaraan gak dipake jalan? Anda gak layak jadi gubernur pak..,2026-06-03 11:23:39,0,0
Y29tbWVudDoxMDI0ODU2NTIzMjI4ODQyXzE3MzM0NTE4MDQ0ODYwNzY=,J Haeruman,61577814303298,Gunernurnya ora ngerti.,2026-06-03 05:10:53,0,0
Y29tbWVudDoxMDI0ODU2NTIzMjI4ODQyXzE0MDc0MDc1OTc4NjU0MTM=,Rizfa JA,100084025818399,Omongane pejabat g berpihak ke rakyat lambene lamis koyok mambu koyok ntot🤣,2026-06-02 22:14:33,0,0
Y29tbWVudDoxMDI0ODU2NTIzMjI4ODQyXzEzMTM1OTM2NzAyMjEyNjA=,Hien Andri,100050814604833,Iku pejabat pie. Wong seng gawe jalan kui due masarakat. Udu due pribadi mu. Koplok koplok,2026-06-02 21:49:53,0,0
Y29tbWVudDoxMDI0ODU2NTIzMjI4ODQyXzM0ODcxNDc3OTE0NTIwMDU=,Coy Pracoyo,100000418851584,Apesmen wong jateng,2026-06-02 21:47:25,0,0
Y29tbWVudDoxMDI0ODU2NTIzMjI4ODQyXzk5MjEwNTE2MzIzMDMzNg==,Mitoyo Mitoyo,61557978774217,"Dalam nguyuh pk seng mulus , blas ra kcekek",2026-06-02 21:43:01,0,0
Y29tbWVudDoxMDI0ODU2NTIzMjI4ODQyXzk2MTMwMjY1MDIzODA5NA==,Ardi Muharyadi Hasbulloh,61579662208365,Mantap ayey,2026-06-02 21:20:25,0,0
Y29tbWVudDoxMDI0ODU2NTIzMjI4ODQyXzE3MDYwOTA4NDA1MjIzNjA=,Kuswanto Nasipan,61590120406636,"Dia bisa jadi jendral ,,karena lehernya lemes",2026-06-02 20:41:44,0,0
Y29tbWVudDoxMDI0ODU2NTIzMjI4ODQyXzEzMDk5MTg3ODczOTM3NTc=,Agus Winarso,100003530665183,Cor cocote luthfi,2026-06-02 20:08:58,0,0
Y29tbWVudDoxMDI0ODU2NTIzMjI4ODQyXzM0MjY4NDcyNTA4MDg5OTM=,Dirly Majalengka,100080373638104,Eta pemikiran naon ajig Kitu patut,2026-06-02 19:54:30,0,0
Y29tbWVudDoxMDI0ODU2NTIzMjI4ODQyXzEzMDkzNTY1NjA3MTY2NTc=,Agus Tata Materazzi,100011606945434,Saya dukung Pak Lutfi Jadi Gubernur Jateng Seumur Hidup. 😂😂😂,2026-06-02 19:28:43,0,0
Y29tbWVudDoxMDI0ODU2NTIzMjI4ODQyXzE0ODk1MzYxMzU4MDI3NTk=,Supian,100067188251227,Patut d pertahan kn JD gubernur SE umur hidup,2026-06-02 19:23:46,0,0
Y29tbWVudDoxMDI0ODU2NTIzMjI4ODQyXzk5NTc4NjA2NjU4NzgyNQ==,Nano Bae,100081759159749,"𝙠𝙚𝙗𝙖𝙣𝙜𝙜𝙖𝙖𝙣 𝙤𝙧𝙖𝙣𝙜 𝙟𝙖𝙩𝙚𝙣𝙜 
𝙤𝙧𝙖𝙣𝙜 𝙟𝙖𝙗𝙖𝙧 𝙢𝙝 𝙩𝙞𝙣𝙜𝙜𝙖𝙡 𝙨𝙚𝙣𝙮𝙪𝙢 𝙨𝙖𝙟𝙖 𝙢𝙚𝙡𝙞𝙝𝙖𝙩 𝙣𝙮𝙖 ...",2026-06-02 19:15:37,0,0
Y29tbWVudDoxMDI0ODU2NTIzMjI4ODQyXzI3NjU1NTI0NjcxNjM5NjE=,Indi Anto,100075031720797,Percuma bu kasih usulan klu gubernurnya polisi gak bisa.....,2026-06-02 18:36:08,0,0
Y29tbWVudDoxMDI0ODU2NTIzMjI4ODQyXzE4Nzk0MDU4MDkzNDM4MTM=,Habib Rizkillah,100034829104949,"Gimana mau maju pariwisata"" daerahnya dll nya justru utamakan infrastrukturnya  orang bayar pajak kendaraan itu yaa di kerjakan untuk pemeliharaan jalan"" rusak kurang memadai  tidak berlubang lubang  gunanya bayar pajak  dan membukan jalan"" baru agar ekonomi maju",2026-06-02 18:27:12,0,0
Y29tbWVudDoxMDI0ODU2NTIzMjI4ODQyXzEwMzQ0NDgxNTIzOTg0MjI=,Kang Idoy,100004830198973,Ojo bayar pajak ora ono manfaatnya🤭🤣🤣,2026-06-02 17:33:47,0,0
Y29tbWVudDoxMDI0ODU2NTIzMjI4ODQyXzI1MTE3NDgyODE0NjE1Njk3,Dikoy,61563539348360,Cari pempin itu pengusaha yg udh bener kaya jgn cari pempin yg masih butuh uang rakyat,2026-06-02 16:40:03,0,0
Y29tbWVudDoxMDI0ODU2NTIzMjI4ODQyXzExOTY3OTczODAxNzI4MzQ=,Sugi Yatno,61564132199657,"Lutfi asli jowo bukan lur.saya bukan warga Jawa Tengah tapi kok risi lihat tanggapan Gubernurnya, di kira rakyat itu bodoh semua,makanya kamu di protes itu jln utama bos baju coklat.kok ga ngewek Jan opo ora mumet duwe wong kok ora ngerti lur",2026-06-02 16:25:53,0,0
Y29tbWVudDoxMDI0ODU2NTIzMjI4ODQyXzEzNjYyNTUxOTIyMTc3MDM=,Antoni Anton,61587040652405,Sungguh terlaluuuu...... Pusing dengar pk Gub yg berbicara seperti ini😵‍💫😵‍💫,2026-06-02 16:24:57,0,0
Y29tbWVudDoxMDI0ODU2NTIzMjI4ODQyXzE0NzQ4MTk4NjA1NTI1OTU=,Faysal Nana,61580562231724,Otak nya di kasih ke 🐔 ayam saja,2026-06-02 16:16:57,0,0
Y29tbWVudDoxMDI0ODU2NTIzMjI4ODQyXzE2MTgyMTgwNjI2MTMzNDc=,Smsu Samsu,61562940861496,Untung bukan gubernur ku,2026-06-02 16:14:30,0,0
Y29tbWVudDoxMDI0ODU2NTIzMjI4ODQyXzIwOTczMDYxNzc4MDk1NDg=,Golek Semar,100063204517651,Wes masyarakat ORA usah banyak cangkem turunkan lengserkan Bae,2026-06-02 16:06:32,0,0
Y29tbWVudDoxMDI0ODU2NTIzMjI4ODQyXzE1MzA2MTQ5MzUyNDMzNDA=,Apip Ahmad Apandi,100066902598455,Masa jalan ga manfaat!!!???,2026-06-02 15:03:00,0,0
Y29tbWVudDoxMDI0ODU2NTIzMjI4ODQyXzMzOTc2OTYyNTA0MDgwNzg=,M Doell,61578606896766,"Berarti masarakat yang dilewati jalan itu bukan masarakat ya, sampe di pilih2 pembagunanya,,kacaw ni gubernur gomongya,",2026-06-02 14:35:46,0,0
Y29tbWVudDoxMDI0ODU2NTIzMjI4ODQyXzI0NTc3MjczMDgwMDAzMDY=,Vinz Art Tatto,100076652529947,"Koyok ngene Yo mok pileh to ,",2026-06-02 13:56:00,0,0
Y29tbWVudDoxMDI0ODU2NTIzMjI4ODQyXzE3MTIwNTAyMTAxNTEzNzE=,Hidayat Deana,100028631580808,Gubernur setres,2026-06-02 12:39:27,0,0
Y29tbWVudDoxMDI0ODU2NTIzMjI4ODQyXzk5ODUzMzY5NTkwODk4OQ==,Gunawan Joy,61584979822663,Lha bisa jaa luh Lutfi nge'les nya kayak bajay👎👊😂😂😂,2026-06-02 12:35:00,0,0
Y29tbWVudDoxMDI0ODU2NTIzMjI4ODQyXzk4NTEwNDc2NDM4NzU3Ng==,Daim Topan,61581690248287,Cah gemblung😂,2026-06-02 11:25:52,0,0
Y29tbWVudDoxMDI0ODU2NTIzMjI4ODQyXzE0OTk2NDM5NDQ5NzY2NzU=,Hashirama,100089845226196,"Sya pernah menjadi fasilitator desa, prioritas yg slalu utama adalah jalan, Krn untuk memperlancar arus lalu lintas hasil bumi, jdi jelas tidak ada jln dibangun at diperbaiki TIDAK BERMANFAAT...",2026-06-02 11:17:24,0,0
Y29tbWVudDoxMDI0ODU2NTIzMjI4ODQyXzI4MjM1OTQwMTQ2NjQwMjQ=,Ruhiyat,100041799452261,Ni pejabat pemikiran pondok,2026-06-02 09:43:17,0,0
Y29tbWVudDoxMDI0ODU2NTIzMjI4ODQyXzE1NDMzNjg0MTc0OTgyNTA=,Emen Sulaeman,61586102279962,Semua jln ada mnpaatny kecuali air. Deras takut ke seret,2026-06-02 09:19:37,0,0
Y29tbWVudDoxMDI0ODU2NTIzMjI4ODQyXzk2ODQzMTkwNTk2NTk0OA==,Rasno Kelip,100078821130083,Mudur aja ga usah jadi gubernur ga guna,2026-06-02 07:27:01,0,0
Y29tbWVudDoxMDI0ODU2NTIzMjI4ODQyXzI1NTQwMDQ1NDg0MDMwMzk=,Incu Abah,100012618702431,Aneh jalan ke kuburan aja ada manfaat yah apa lagi buwat umum,2026-06-02 06:52:48,0,0
Y29tbWVudDoxMDI0ODU2NTIzMjI4ODQyXzI0NjUyNjg4NzA1NjM5MTY=,Kikih Iri Pirninti,100008167747675,Polisi ... Tau kan polisi ...,2026-06-02 05:57:32,0,0
Y29tbWVudDoxMDI0ODU2NTIzMjI4ODQyXzEwMDM2Mzc2Njg3NDU3NDQ=,Edi Beton,100049550198208,gubernur tai,2026-06-03 11:13:01,0,0
Y29tbWVudDoxMDI0ODU2NTIzMjI4ODQyXzE2MzYxMTEzODQxNDM0MzM=,Dio Afriyudin,100007152125827,Hadeuh doungo ne,2026-06-03 10:23:59,0,0
Y29tbWVudDoxMDI0ODU2NTIzMjI4ODQyXzE2Njc1Mzg0MTc4NjYwMTE=,Mas Zoe,100056348466286,Tertipu x semuah SMA janji manis s rampok lutfi,2026-06-03 05:33:52,0,0
Y29tbWVudDoxMDI0ODU2NTIzMjI4ODQyXzEwMDIwMjYxNDI3NjQzODY=,Dede Hermansyah,100001039981044,Kdm isthebeeessst,2026-06-03 03:38:34,0,0
Y29tbWVudDoxMDI0ODU2NTIzMjI4ODQyXzE2NzYzODYwNTAxNzYzMDU=,Gubrag Gabrug,100013388491543,Apes bgt ya jateng dapet pemimpin,2026-06-03 02:23:35,0,0
Y29tbWVudDoxMDI0ODU2NTIzMjI4ODQyXzI4NzYzMTQ0MjkzODIxNjg=,Prangky Jangky,100056098668441,Teori,2026-06-02 22:42:19,0,0
Y29tbWVudDoxMDI0ODU2NTIzMjI4ODQyXzE2MzgzNzc0NjQxMTM0OTE=,Om Baguz,100005110770566,Jelas beda kelas atuh .tolong jgan d bandingin Gub Jabar ma Jateng. Kasian  malah akan trlihat banget prbedaan  pola pikir para Beliau.. semangat terus Pak Lutfi .,2026-06-02 22:30:12,0,0
Y29tbWVudDoxMDI0ODU2NTIzMjI4ODQyXzk4MzMwMzcxNDMwNDkzMQ==,Tj Ananda Soehardisalam,100000010166192,"Kok dengernya kaya gak pernah banyak literasi gitu
Berasa lihat karbitan 😄😄",2026-06-02 21:59:16,0,0
Y29tbWVudDoxMDI0ODU2NTIzMjI4ODQyXzE1MzA2NDQwOTg3MzI2MDE=,BoeBike,100057730653554,"Koplak , atasan taunya dari mn klw bkn dari bawah  orang atasan gk pernah main kebawah",2026-06-02 21:35:01,0,0
Y29tbWVudDoxMDI0ODU2NTIzMjI4ODQyXzE1MTI2Nzc1NzA1ODQ1MzY=,Moch Supri Andi,100039196504103,Yang penting pas pemlihan ngasih duit bro...klou urusan pembangunan bodo amat..suara di bayar bukan di pilih buat harapan hidup rakayat jadi layak untuk menjadi budak bukan tuan.,2026-06-02 21:22:06,0,0
Y29tbWVudDoxMDI0ODU2NTIzMjI4ODQyXzE1NjQ1MjA2NzE5NTU5MTA=,Eman Servus,100016281725276,Gubernur kok pemikirannya gini😃,2026-06-02 21:19:52,0,0
Y29tbWVudDoxMDI0ODU2NTIzMjI4ODQyXzk3MzE2MTYxNTY5Mzg3Ng==,Ajidanu,100054467985730,"Hallo gaesss 
Adakah jalan menujjuu roma gaes 🤪🤣",2026-06-02 21:00:57,0,0
Y29tbWVudDoxMDI0ODU2NTIzMjI4ODQyXzgyNzA1NjI2MzUzMzcxMQ==,Abdul Karim,100080952717448,Denger tuh gubernur walikota Pandeglang,2026-06-02 20:59:13,0,0
Y29tbWVudDoxMDI0ODU2NTIzMjI4ODQyXzIyMTAxNDgxODk4MzQzOTA=,Usep Sobar,61582279564723,"Duh NU kieu dipilih jdi gubernur,oon kacida",2026-06-02 20:56:15,0,0
Y29tbWVudDoxMDI0ODU2NTIzMjI4ODQyXzg0NTg4NDA3ODEzNDI5Mg==,Pakde Di,100024380312491,Koclok,2026-06-02 20:56:03,0,0
Y29tbWVudDoxMDI0ODU2NTIzMjI4ODQyXzgyMjMwMjU2NDA5NDE4NQ==,Buluk Pribadi,61557986674333,Gubernur pekok,2026-06-02 20:55:05,0,0
Y29tbWVudDoxMDI0ODU2NTIzMjI4ODQyXzExNTIzNTQ4ODcwNTY0MjU=,Purwanto Sotang,100094659342866,"Sy orang Jawa Tengah,ngak tau itu siapa",2026-06-02 20:50:03,0,0
Y29tbWVudDoxMDI0ODU2NTIzMjI4ODQyXzE3NjYxOTcwNDEyMzUwNTc=,Armanz Zebua,100011794034494,"Gubernur terbodoh saya kira.jmput pke ambulan bwa ke,,,,😀😀😀",2026-06-02 20:14:22,0,0
Y29tbWVudDoxMDI0ODU2NTIzMjI4ODQyXzEzMDY1MTYwODc3NDI4MzY=,Yus Sup,100004844986764,"Ga ada yg bener, dulu ketika mau maju mohon-mohon sama rakyat",2026-06-02 19:58:22,0,0
Y29tbWVudDoxMDI0ODU2NTIzMjI4ODQyXzEzMjQ2ODUzNzk3MjY0OTk=,Adhi Nugroho,100010912531461,Karang gubernur karbitan kok,2026-06-02 19:42:54,0,0
Y29tbWVudDoxMDI0ODU2NTIzMjI4ODQyXzE1MTI0NDEwOTM1OTM5NTk=,Madi Sabar,100059009177315,Gubernur onyon onyon susah nggak bisa kerja onyon onyon,2026-06-02 19:30:34,0,0
Y29tbWVudDoxMDI0ODU2NTIzMjI4ODQyXzE2NDMyMzI1NzAyODI2Mjg=,Mang Bohay,100010219084861,Nikmati lah pilihannya,2026-06-02 19:12:27,0,0
Y29tbWVudDoxMDI0ODU2NTIzMjI4ODQyXzI1MzI5NjE4MzcxNTcyNDI=,Arkan Lekjhon,100059043969633,Pecat aja geburnur kaya gitu mah masa jalan di sebut gak ada manfaat nya,2026-06-02 18:25:30,0,0
Y29tbWVudDoxMDI0ODU2NTIzMjI4ODQyXzEzMDc5NzYyMDQyMDcyNDM=,Hafidz Al Jannah,61561523074479,"Berfikirnya belat belit gaysss..

Liat KDM jalan di tengah hutan aja di mulusin,mau ada yang lewat mau engga yang jelas KDM sudah membuktikan kecintaannya kepada warga.",2026-06-02 18:04:24,0,0
Y29tbWVudDoxMDI0ODU2NTIzMjI4ODQyXzEwMDM0MDM4NzIxNzkzMzA=,Aris Abu Rendy Akhyar,100003320610381,Klo gk ada manfaatnya buat apa di perrtahankan,2026-06-02 18:01:22,0,0
Y29tbWVudDoxMDI0ODU2NTIzMjI4ODQyXzIxNzY0Njc1OTk3OTM4MTE=,Basrul Alan,100088482890340,Anak ma banteng lgi minta susu segar,2026-06-02 17:58:50,0,0
Y29tbWVudDoxMDI0ODU2NTIzMjI4ODQyXzE2NzM1MjgxMzcxOTM2NTQ=,Om Edo,100048995532154,"pasti yg dulu milih sekarang lagi ketawa""🤭🤭🤭",2026-06-02 17:51:18,0,0
Y29tbWVudDoxMDI0ODU2NTIzMjI4ODQyXzEyMzQ1NjU0NDE5MjkyNDU=,Jejen Andie Pratama Mulia,100004867057806,Makanya kalo ngomong jangan di panggung pa turun kali kali,2026-06-02 17:39:05,0,0
Y29tbWVudDoxMDI0ODU2NTIzMjI4ODQyXzQ1Mzk3NjEzNzk2ODI4MjQ=,Dar To,61555284770791,Kakeen cangkem lutfi😂😂,2026-06-02 17:23:34,0,0
Y29tbWVudDoxMDI0ODU2NTIzMjI4ODQyXzEyMDA4NzA3NjU0MjE3MjM=,Icang Icang,61577088869458,Ini wakil Bupatinya udah Betul....melapor kan jalan Rusak untuk minta di perbaiki......TPI gubenurnya ngk ngerti.....,2026-06-02 17:11:36,0,0
Y29tbWVudDoxMDI0ODU2NTIzMjI4ODQyXzIxNjU2NzEwNzc1NjQ0Nzc=,Suhee Dirgantara,100059316752483,Beda jauh sma bapa aink mah 🤣,2026-06-02 16:18:07,0,0
Y29tbWVudDoxMDI0ODU2NTIzMjI4ODQyXzEzNjQ0MDM4MDIyMjY0MTY=,Giyarto Giman Patmo,100005952694623,WIS GANTI AE LAH PUSING OMONGANE LUFFY GUB GAK BERPIHAK KE RAKYAT,2026-06-02 15:40:32,0,0
Y29tbWVudDoxMDI0ODU2NTIzMjI4ODQyXzE5NjM5NjY0MDA5MTQ3MzA=,Erpan Revolted Toworship,100003657428819,"Kata siapa jln ga ada mangpaat ny,aduh mgawur ni gub gub",2026-06-02 15:13:15,0,0
Y29tbWVudDoxMDI0ODU2NTIzMjI4ODQyXzEwMTYxMDM2OTA4NTU1Nzg=,Muhamad Nouval Aprian Pratama,100001018078184,Semua jalan pasti ada guna nya pak gub,2026-06-02 15:07:44,0,0
Y29tbWVudDoxMDI0ODU2NTIzMjI4ODQyXzE3NzkzNDA3Nzk3MDU2Mjc=,Wahyu Wahyu,61554126624211,"Gini aja kita gak usah bayar pajak kalau jln nya gak di benahi,,,buat apa bayar pajak kalau cuma buat gajih orang orang tolol",2026-06-02 15:01:25,0,0
Y29tbWVudDoxMDI0ODU2NTIzMjI4ODQyXzI4MTYzNjA5MDg3MDI2MDk=,Neng Aliyaa,100070039881977,Wkekekwkwkwk Aneh bin ajaib yg satu ini,2026-06-02 14:24:36,0,0
Y29tbWVudDoxMDI0ODU2NTIzMjI4ODQyXzk2MjU3Mjc4MDA5NjEyNA==,Bang Aldi,61571311632304,hadeeeuh dia bilng  kok jln g ada manpat nya  gimana pemikiran nya sih,2026-06-02 14:18:00,0,0
Y29tbWVudDoxMDI0ODU2NTIzMjI4ODQyXzE2NjE1OTY1MTE3OTY0MDc=,Omenn Yezz,100004020467474,"nganggap bodoh sama masyarakat,",2026-06-02 14:15:55,0,0
Y29tbWVudDoxMDI0ODU2NTIzMjI4ODQyXzM2MDc5MzM5NzkxNzEyOTY1,Vie Chimamahmuda,100040963521489,gamau nyenengin rakyatnya 😌,2026-06-02 13:40:42,0,0
Y29tbWVudDoxMDI0ODU2NTIzMjI4ODQyXzE1MzU2NTIzNDE2MDQ4MzI=,Enzo Maliq AlRizky,100000212860843,Alhamdulillah jabar gubernurnya KDM. Nikmati aja pilihan kalian rakyat jateng 😁😁😁,2026-06-02 13:29:35,0,0
Y29tbWVudDoxMDI0ODU2NTIzMjI4ODQyXzIxNTAxMzA0OTkxMTc4ODU=,Leo Har Di,100041685391594,Udah tau gubernur bodoh ko jdi gubernur yg sdlah yg nyoloknya lah. Iming2 uang bgtu tuh jdinys,2026-06-02 12:49:01,0,0
Y29tbWVudDoxMDI0ODU2NTIzMjI4ODQyXzI2MjY5NTk5NDA2MDQ2MTUz,Ade Vespa,100002504886865,"Wahh kelamaan nunggu habis jabatan mah, ini mah hrs segera d nepalkan kalo gubernur pemikiran nya koyo ngono mah",2026-06-02 12:36:53,0,0
Y29tbWVudDoxMDI0ODU2NTIzMjI4ODQyXzEzMjA1NDg5MTY4Njc3MDQ=,Sangu Poe,100070692276328,Lewat jauh jeng jng gubernur aing mah🤣🤣🤣,2026-06-02 12:32:08,0,0
Y29tbWVudDoxMDI0ODU2NTIzMjI4ODQyXzc2OTM0ODQ1NjE5MDA1Mw==,Sahit Prio Jatmiko,100081617267510,Nepalkan lutvi,2026-06-02 12:07:10,0,0
Y29tbWVudDoxMDI0ODU2NTIzMjI4ODQyXzE1NTIxOTgwODk3OTY0NTE=,M Aji,100086030344300,kalo jadi grup penur etungan2 jangan jadi grup penur,2026-06-02 12:05:56,0,0
Y29tbWVudDoxMDI0ODU2NTIzMjI4ODQyXzEyOTk4NzIzNDIxMjY5MDY=,Syehedo Wati,61582934306935,"Klu KDM gk perlu rapat,gercep,gak kebanyakan ngomong,ky lutfi",2026-06-02 11:31:06,0,0
Y29tbWVudDoxMDI0ODU2NTIzMjI4ODQyXzI1MDk2NjQ2MjYxMzYyODE=,Maman Maman,61580519914837,Gubernur Ableh Ableh Ableh,2026-06-02 11:28:53,0,0
Y29tbWVudDoxMDI0ODU2NTIzMjI4ODQyXzE0ODgzMDk3Nzk3MDE4NTY=,Attalla Prayoga,100081066482757,Pemerintah GK betol,2026-06-02 11:01:56,0,0
Y29tbWVudDoxMDI0ODU2NTIzMjI4ODQyXzE2NTA3NzI2MDkzNzMwMjI=,Rizki Iki,100090175813895,Pa gubernur gebleg...,2026-06-02 11:00:59,0,0
Y29tbWVudDoxMDI0ODU2NTIzMjI4ODQyXzEyNTU0MTMxODMwOTczMjM=,S Dariiuz,61559618031889,Periksa izajah nya ngomong nya ngaco,2026-06-02 10:59:35,0,0
Y29tbWVudDoxMDI0ODU2NTIzMjI4ODQyXzE0OTg3ODQ5ODUzNTc3NjU=,Gabel,100025820180877,Assuuu tenan..ceunah ceuk orang jawa mah..😂😂😂😂,2026-06-02 10:55:59,0,0
Y29tbWVudDoxMDI0ODU2NTIzMjI4ODQyXzEzMDc4MTY2OTEzODE5NjY=,Hendro Sukirno,1736779770,Maklumlah gubernurnya mantan Polisi...,2026-06-02 10:50:03,0,0
Y29tbWVudDoxMDI0ODU2NTIzMjI4ODQyXzEyOTg4NzIxNjU2OTI3ODI=,Agus Sutiawan,100056359329457,Hebat ni bapa,2026-06-02 10:25:46,0,0
Y29tbWVudDoxMDI0ODU2NTIzMjI4ODQyXzk3Njg0NjYyODU3NDY2MA==,Cikman,100077897194920,"Kok jalan gk ada manpaatnya, jadi jalan itu buat apa",2026-06-02 10:20:28,0,0
Y29tbWVudDoxMDI0ODU2NTIzMjI4ODQyXzE2OTM4NTkzMjQ5OTA4NDk=,Dimas Bagas,100045608708528,"Ya alloh gubernurnya koplak bet ya, bilang jalan gk ada manfaatnya, hedeuh aya lieuran",2026-06-02 09:32:24,0,0
Y29tbWVudDoxMDI0ODU2NTIzMjI4ODQyXzEwMTE1OTc2Mjc5OTg5NjU=,Sandi Di,100057397622055,Ternyata  jalan itu ada yg penting dan tidak penting.. Baru kli ini aku tau,2026-06-02 09:02:07,0,0
Y29tbWVudDoxMDI0ODU2NTIzMjI4ODQyXzc0NTc2OTc2ODU5MzcxMQ==,Maz Karebetz,100003067225708,Itu anjing berdasi....,2026-06-02 08:44:37,0,0
Y29tbWVudDoxMDI0ODU2NTIzMjI4ODQyXzE2OTcyNzY2NDQ3NTgwNzQ=,嵐スが 嵐スが,1827626107,"Luaaaaaaaarrrrrr biasa sekali pemikirannya, patut dijadikan bahan desertsi untuk gelar doktor..........",2026-06-02 08:35:16,0,0
Y29tbWVudDoxMDI0ODU2NTIzMjI4ODQyXzEyNzgzMDY1NDQwNjEwNjc=,Than Die,61557276608154,"Yang ada di benak nya gubernur Lutfi... masyarakat semuanya bego...
Aneh pemimpin punya cara berfikir ko begitu amat yah",2026-06-02 07:18:44,0,0
Y29tbWVudDoxMDI0ODU2NTIzMjI4ODQyXzEzMzkwNTk5MzE1MTMzNTg=,Sriyono Mas Be,100003705224906,Wes alumni werng coklat wes percoyo aku,2026-06-02 07:15:36,0,0
Y29tbWVudDoxMDI0ODU2NTIzMjI4ODQyXzE3MTYwODk1ODI3MjUyODA=,Shapu Dhalan,100003076545856,Boikot pajak,2026-06-02 06:55:32,0,0
Y29tbWVudDoxMDI0ODU2NTIzMjI4ODQyXzE3Mjg5OTgwODgyNzEyMjE=,Nana Ramana Putrana,100014487217876,Gubernur tidak ada manfaatnya,2026-06-02 06:50:51,0,0
Y29tbWVudDoxMDI0ODU2NTIzMjI4ODQyXzEwMjczMjkwMzMxMzAyOTk=,Dadan Danii,100004431251043,"Pecat omongannya juga gk msuk akal masa di pertahankan,, ujung2nya korupsi",2026-06-02 06:32:02,0,0
Y29tbWVudDoxMDI0ODU2NTIzMjI4ODQyXzE4OTg4MzQxMjA4MjI4ODk=,Simponi Oni,61552421653469,Omon omon trusssss,2026-06-02 06:29:00,0,0
Y29tbWVudDoxMDI0ODU2NTIzMjI4ODQyXzg3MjM3NjI5NTkxNTE0NA==,Rusmadi,100065599286486,Cocote,2026-06-02 06:17:51,0,0
Y29tbWVudDoxMDI0ODU2NTIzMjI4ODQyXzE1MjQwMTQyNTI2NTMxMjU=,Hin Hindt,100089378870987,DAGOR GUBENUR KITU MAH,2026-06-02 06:00:56,0,0
Y29tbWVudDoxMDI0ODU2NTIzMjI4ODQyXzE0OTk2NjI2Njg0NzU5MjE=,Luqmanul Hakim,100000785339090,Ora ngerti isin dalane,2026-06-02 04:56:39,0,0
Y29tbWVudDoxMDI0ODU2NTIzMjI4ODQyXzE3NDE5MTU5NzcyNTAzNDQ=,Bilqis Aulia Azahra,100026343341644,Gubernur semprul,2026-06-03 08:43:29,0,0
Y29tbWVudDoxMDI0ODU2NTIzMjI4ODQyXzk3ODgyNzI3MTYwMDE3Mg==,Mamik Sriyanto,61571170160695,Gubernur ora nggenah,2026-06-02 19:58:24,0,0
Y29tbWVudDoxMDI0ODU2NTIzMjI4ODQyXzEzMjg0NjIyMjIwNjI2NDQ=,Gibran Listanto,61559407080030,Rakyat Jateng pasti nyesel pilih orang ini,2026-06-02 19:47:58,0,0
Y29tbWVudDoxMDI0ODU2NTIzMjI4ODQyXzI3MzQzNDA1OTY5NTE1ODA=,Suko Dowey Winarto,100000439075382,Boss di Cepu itu ada migas Ama Pertamina ada obyek wisata bleduk Kuwu itu semua nggak berharga Dimata bapak gubernur,2026-06-02 19:16:47,0,0
Y29tbWVudDoxMDI0ODU2NTIzMjI4ODQyXzIwNTk1MTUyODQ1OTYzNDQ=,M Panji Al Zauhari,100079088906807,Le awae dewe,2026-06-02 18:26:49,0,0
Y29tbWVudDoxMDI0ODU2NTIzMjI4ODQyXzQ1OTc5NTcwNzcxMDgyOTQ=,Eha Zulaiha,61574819771583,Kdm hebat luar biasa,2026-06-02 18:15:18,0,0
Y29tbWVudDoxMDI0ODU2NTIzMjI4ODQyXzE2MzAzODE0NTgyNTI2NjU=,Rafael Timo,61577646231345,Kok bisa orang giblog kayak gini jadi pejabat,2026-06-02 15:53:15,0,0
Y29tbWVudDoxMDI0ODU2NTIzMjI4ODQyXzE2MjMyNzM5NzIwODU0MzA=,Si DoEng Qither,100009987219204,Suruh skolah dulu Sono se Lutfi sama KDM biar otaknya waras,2026-06-02 15:30:02,0,0
Y29tbWVudDoxMDI0ODU2NTIzMjI4ODQyXzIxNDQ2NDgzODI5ODY3NDc=,Andyka Putrach,100010414595120,"kau bacot saja
slah pilih kau rupanya",2026-06-02 14:08:38,0,0
Y29tbWVudDoxMDI0ODU2NTIzMjI4ODQyXzQxNDgyMjM1MTg2NTU4MTA=,Nikymat,100033623836622,Ke akean teori gubernur ko omongane koyo ngono beda jauh sama kang dedi bapak aing,2026-06-02 12:55:31,0,0
Y29tbWVudDoxMDI0ODU2NTIzMjI4ODQyXzQzMzkzODMxOTYyMDUwMjE=,Pipih Sopian,100065301511541,"Ngomong doamg Luh.
Lufi.. itu duit rakyat banyak omon Luh. Bangun aje bekal rakyat.
Duit masuk ke kantong luh",2026-06-02 11:43:49,0,0
Y29tbWVudDoxMDI0ODU2NTIzMjI4ODQyXzk3NDQ4NzEzODUyNjkxOQ==,Mardius,100005433455094,Kalau jalannya lancar dan bagus mesti ekonomi lancar dan dagus,2026-06-02 08:38:24,0,0
Y29tbWVudDoxMDI0ODU2NTIzMjI4ODQyXzI0NDM1ODM5OTk0NzY2MzU=,Nabila,100078687095223,"Alah PK, jalan kabupaten aja, cumn d tambal",2026-06-02 08:07:36,0,0
Y29tbWVudDoxMDI0ODU2NTIzMjI4ODQyXzEwMTMyOTYxNTc4MTI4OTE=,Ruri SyVixi Black,100003625583353,"Wakkkk si gubernurku lagi ngelawak apes apes tenan,,,ningendi ngendi jenenge dalan yo ono manfaate dasar lutfi oon,,, berbanding terbalik sama KDM,,, saya orang kebumen tapi bangga dengan gubernur  Kang Dedi Mulyadi  karena saya sekarang tingal di jabar dan pembangunan jabar bener"" istimewa.",2026-06-02 07:18:12,0,0
Y29tbWVudDoxMDI0ODU2NTIzMjI4ODQyXzE2NjQ0Mzk3OTE1MDkzOTI=,Ijoet Nurjaman Nurjaman,61556763473631,Bego dia mh oon tolol gebrnur nya  dasar wong edan,2026-06-02 07:15:59,0,0
Y29tbWVudDoxMDI0ODU2NTIzMjI4ODQyXzIxODE3MTUwMzI2Nzg0OTE=,Gilang Fajar,100087758866339,teru pungsi nya jadi gub apa😂 kalo ga mau ruwet udah mundur ajah. sibuk ngonten ajah bro🤣,2026-06-02 21:59:08,0,0
Y29tbWVudDoxMDI0ODU2NTIzMjI4ODQyXzEwMTE5Nzg3MzQ4NDcyMjc=,Arman Poetra Panawal,100003943222265,Kalah jauhhhh sama Bapak Aing mah sama2 gubernur...!!! Lanjutkan pak,2026-06-02 09:56:28,0,0
Y29tbWVudDoxMDI0ODU2NTIzMjI4ODQyXzIwNDYwMzAzNjk2MDU0NzQ=,Ana Ana,100062425834559,"Koplak takut mengeluarkan dana APBD
Mending dikorup ja buat pribadi",2026-06-02 06:04:17,0,0
Y29tbWVudDoxMDI0ODU2NTIzMjI4ODQyXzIyNTI4Mjk0NDU1NDczOTU=,Hen Ri,100072783011848,Duit e pajak meh kanggo opo😂,2026-06-02 22:22:39,0,0
Y29tbWVudDoxMDI0ODU2NTIzMjI4ODQyXzkzMzQzMDg2NjM3MTA0NA==,Agus Iday Pahrudin,100001809050091,Wong edaaan masa gak ada manfaatnya dasar kucluk,2026-06-02 22:08:47,0,0
Y29tbWVudDoxMDI0ODU2NTIzMjI4ODQyXzIxMzgwNjk5MjA0MTk0OTY=,Boner Komic,100024410266017,🤣🤣🤣gurug aja jln nya kalau ga ada manfaat nya,2026-06-03 13:52:39,0,0
Y29tbWVudDoxMDI0ODU2NTIzMjI4ODQyXzE2ODAxMzM3Njk3MDQ0MDE=,Ebeg Ebeg,100088433153820,Kalau di bikin jalan ga ada pemasukan mungkin😂,2026-06-03 05:31:27,0,0
Y29tbWVudDoxMDI0ODU2NTIzMjI4ODQyXzM5MjM3OTMwNDEwOTEyNDI=,Dodeng,100023013503584,"Yg sabara ia buat warga Jateng punya gubernurnya baik banget. Hahahaha. 
Semoga kebodohan dan ketololannya cukup dia sendiri saja.",2026-06-02 21:17:05,0,0
Y29tbWVudDoxMDI0ODU2NTIzMjI4ODQyXzg4MDkyNjk4MTcxNzQ2MA==,Rayna Zayyin Umaiza,100083562743589,Loba bacot,2026-06-02 21:03:04,0,0
Y29tbWVudDoxMDI0ODU2NTIzMjI4ODQyXzEwMjAwNjI2NTcxNDAxODc=,Mang Agus Sopyan,100011471447642,Kaken cangkem koe fiiii klutfi,2026-06-02 20:58:07,0,0
Y29tbWVudDoxMDI0ODU2NTIzMjI4ODQyXzE2MzA5Njc0MjQ2NTY3MDQ=,Agus Susanto,100083682339104,gubenur goblog,2026-06-02 20:49:43,0,0
Y29tbWVudDoxMDI0ODU2NTIzMjI4ODQyXzIwNDcxNTI0NDk1NTQ2OTk=,Mas Servis,61556271365278,Katanya orang nomer 1 di Jateng tapi masih goblok,2026-06-02 20:09:13,0,0
Y29tbWVudDoxMDI0ODU2NTIzMjI4ODQyXzEyODc4NTAyMDM0MTc4NTE=,Kapet Bae,61552586914455,Sing bermanfaat kui dalan anak sing enak maksude Dean.,2026-06-02 19:08:53,0,0
Y29tbWVudDoxMDI0ODU2NTIzMjI4ODQyXzE0NjMyNjU3NTU1NzY4MjI=,Radhen Mas Lasio,100006816871391,"Stop bayar pajak langsung, bayar di kelurahan masing2 dan bangun sendiri2 itu solusinya",2026-06-02 18:14:16,0,0
Y29tbWVudDoxMDI0ODU2NTIzMjI4ODQyXzk4MTI5MDMwMTUzNjM5OA==,Rahman Azid,100077290774725,"Ini siapa sih yg milih , jujur nanya🗿",2026-06-02 17:58:57,0,0
Y29tbWVudDoxMDI0ODU2NTIzMjI4ODQyXzEyODY2MDExNTAxMjkyNDA=,Ompong P,61577868837159,Ojo pileh neh,2026-06-02 16:55:33,0,0
Y29tbWVudDoxMDI0ODU2NTIzMjI4ODQyXzE1MTM5MTgyMDI5ODI1OTU=,Sanjung,100004998511996,Bapa aing KDM ketawa liat ini pastinya,2026-06-02 13:26:47,0,0
Y29tbWVudDoxMDI0ODU2NTIzMjI4ODQyXzIwMjgwMjMxMjEwODMxMzI=,Indra Dwiguna Jh,61587385594480,"buuuuu,,,,ngobrolnya sama pak KDM aja,,,,pasti didenger,,,!!",2026-06-02 13:16:24,0,0
Y29tbWVudDoxMDI0ODU2NTIzMjI4ODQyXzE0MDIwMjI2ODg2MTk4MDg=,Edane Edane X,61550489040641,Ripuh siti,2026-06-02 08:55:56,0,0
Y29tbWVudDoxMDI0ODU2NTIzMjI4ODQyXzI2NjM1MTU3MjI5NTE5NzU1,Obrezz Gombres,100028301040404,Mobil dinas baru gak berasa pagub kalo lewat jalan jelek/berlobang sekalipun 😁🙃,2026-06-02 07:34:32,0,0
Y29tbWVudDoxMDI0ODU2NTIzMjI4ODQyXzg3MTY0NDc2MTk2NDU3MA==,Kevin Putra,100035549613201,Luvi yng ngg  penting ngapa dulu dipilih,2026-06-02 07:15:00,0,0
Y29tbWVudDoxMDI0ODU2NTIzMjI4ODQyXzEwMTYyMDUyMjc2NTMzNDE=,Bayu Adjie,100035285473005,"itu pajak dari kabupaten blora msk nya kmna pak? 
aneh ini gubernur pemikiran nya kaya gini😀😀😀.....lucu lucuuuuuu.
  dan lbh aneh itu orang"" yg memilih dia hahaaaaasuuuuuu",2026-06-02 16:54:37,0,0
Y29tbWVudDoxMDI0ODU2NTIzMjI4ODQyXzEwMDc5MjE5MTgzOTM4MTE=,Kapi Dang Dung,61579857380640,"Gubernur ga bcus kerja,mlh nyinyirin kdm",2026-06-02 14:57:35,0,0
Y29tbWVudDoxMDI0ODU2NTIzMjI4ODQyXzE1MDIxNTQ1MzQ3MTY3Mzg=,Ra Gil,100093555348321,Org pinter kali jawabannya.padahal nol besar kau.Gubenur ecek2...pantas jd Gubenur dikonoha...👎👎👎,2026-06-02 09:44:37,0,0
Y29tbWVudDoxMDI0ODU2NTIzMjI4ODQyXzEzMzc3MTk1NjgyNDEzMjU=,Kenoy Box Kir,61577815994928,LU ITU TOLOL APA KELEWAT PINTER PEJABATT...ANEHHH,2026-06-02 13:45:59,0,0
Y29tbWVudDoxMDI0ODU2NTIzMjI4ODQyXzEzODE4MzE0NTM5OTkxNDU=,Deny Yanwar,100086723565056,Gubernur kitu di pilih,2026-06-02 20:24:12,0,0
Y29tbWVudDoxMDI0ODU2NTIzMjI4ODQyXzIyMTg3MTQ5NDIyMTU0Mjc=,Mega Kacamata Bali,100009613335751,Manusia gini ko jadi gebenur pekooook ....pekooook,2026-06-02 09:24:54,0,0
Y29tbWVudDoxMDI0ODU2NTIzMjI4ODQyXzE2MTYwMTQ4ODk0NjU4MzM=,Ahmad Yahya,61565335192133,Jauh sm KDM,2026-06-03 07:06:22,0,0
Y29tbWVudDoxMDI0ODU2NTIzMjI4ODQyXzEwMDkyNDk4NDg3MTcwMDE=,Epunk Gunawan,100002036275192,gubernur pekok,2026-06-02 21:29:28,0,0
Y29tbWVudDoxMDI0ODU2NTIzMjI4ODQyXzIwNjcyMzI1NDA2NzM0MzI=,Dan Qadal,100004975834767,"Gubernur jawa tengah wajib 5 peeiode,,,",2026-06-02 21:14:35,0,0
Y29tbWVudDoxMDI0ODU2NTIzMjI4ODQyXzk2OTk1MTAwOTAwNjQxOQ==,Fandy Partydork,100002900276980,Wuh gubernur ke banyakan teori tong kosong nyaring bunyinya.itinya dia gamau rugi uangnya buat bangun jalan hahah parah bener,2026-06-02 19:47:49,0,0
Y29tbWVudDoxMDI0ODU2NTIzMjI4ODQyXzE1MjU4MzIyNTI0NzcyMjg=,Pagoda Arul,100054694970658,"Bilang aja kl tidak mampu gk usah muter """,2026-06-02 19:24:32,0,0
Y29tbWVudDoxMDI0ODU2NTIzMjI4ODQyXzIyNTI5MjAzMzIxMTE4MjM=,Pardian Iwan,100041278514756,"Gubernur anda itu lebih memikirkan untuk menjabat lagi,bukan soal bangun atau memajukan masyarakat ny,itulah......anda tahu sendiri itu mantan apa,gimana menurut anda",2026-06-02 19:13:11,0,0
Y29tbWVudDoxMDI0ODU2NTIzMjI4ODQyXzE2NjY0MDkxMjQ0ODAxNTQ=,Erik Ranau Erik,61588153622854,"Gubernur goblok ,jalan yg jelas mapatlah buat masarakat",2026-06-02 19:00:09,0,0
Y29tbWVudDoxMDI0ODU2NTIzMjI4ODQyXzE0Mjg3NTcwOTI0MDcwMDg=,Beng Ben,61561565845483,guber ur di otak nya cuan yng dipikirkan,2026-06-02 18:37:29,0,0
Y29tbWVudDoxMDI0ODU2NTIzMjI4ODQyXzE3MDk4OTU2MjM2OTM3NTY=,Bappa Rijki,61560615197238,Kalau jln untuk korupsi memang ga ada manfaatnya pak ...kalau jalan untuk kemajuan ya  bermanfaat doro Kakung🙏,2026-06-02 18:10:05,0,0
Y29tbWVudDoxMDI0ODU2NTIzMjI4ODQyXzEwMzgzMDU5Njg3Mzc2NDk=,Rajo Langit,61581761970594,"Mending beli mobil biarin rakyat ,nepslin kamu",2026-06-02 17:57:27,0,0
Y29tbWVudDoxMDI0ODU2NTIzMjI4ODQyXzIwNTc0NTA1MDUyMDY4MDE=,Pati Nyawa,61584968846625,"gubernur picek matane,nek ora enek manfaateki??",2026-06-02 17:51:33,0,0
Y29tbWVudDoxMDI0ODU2NTIzMjI4ODQyXzE1MzM3MTA5MTQ5NDk4MzQ=,Budi Man,61585774210374,LUTHFI GHENDHENG,2026-06-02 17:20:22,0,0
Y29tbWVudDoxMDI0ODU2NTIzMjI4ODQyXzEzNDEzNzc1MTc5MTQ1MjU=,Jhon Kiss,100009833178673,Aku ndukung nek lengser cara paksa,2026-06-02 16:55:19,0,0
Y29tbWVudDoxMDI0ODU2NTIzMjI4ODQyXzIxNTY3MTE3MzUxMjY2NTg=,Herdiawanto Iwan Akew,100020369401546,Gubernur ini klu nyalon LG jgn dipilih,2026-06-02 16:52:14,0,0
Y29tbWVudDoxMDI0ODU2NTIzMjI4ODQyXzEzMTI3ODQyMDM3NjQzNDA=,Rendi Rian,61571630548321,ya kalau gak mau bangun jalan ya masyarakat gak mau bayar pajak,2026-06-02 16:52:11,0,0
Y29tbWVudDoxMDI0ODU2NTIzMjI4ODQyXzEwNTcyMzU0MjY2MzY2MDQ=,Danu Frz,61580537218908,gebenur  jateng cukup 1 priode ada😂😂😂,2026-06-02 16:44:19,0,0
Y29tbWVudDoxMDI0ODU2NTIzMjI4ODQyXzEzMzc3MDMxMTE2MDE2NTU=,Mas Inoe,100030046570098,Miris,2026-06-02 16:21:33,0,0
Y29tbWVudDoxMDI0ODU2NTIzMjI4ODQyXzE3MDUzMjAxMDM5OTMxMDE=,Andreas Mulyono,100035527727221,Angaplah  gubenur Jateng koplak😂😂,2026-06-02 16:10:37,0,0
Y29tbWVudDoxMDI0ODU2NTIzMjI4ODQyXzE0NzAzNjIyMjEwNDQyNzY=,Wendra Putra Rafsanzani,100000103504751,Setau saya pak yg nama nya jalan  mau yg di mana saja. Semu nya ada manfaat nya.,2026-06-02 15:19:21,0,0
Y29tbWVudDoxMDI0ODU2NTIzMjI4ODQyXzE3NzA5MjQ3OTQyODczMDI=,Amat Cadas,100009272795185,KNPA g di lengser kan saja gub Kya gitu  kna rakyat Jateng ny PDA diem sja,2026-06-02 12:48:39,0,0
Y29tbWVudDoxMDI0ODU2NTIzMjI4ODQyXzE1MzA1OTg4MjUyMDc2MDc=,Cusnul Cotimah,100002421841605,Ini gubernur oon BANGET...,2026-06-02 10:35:57,0,0
Y29tbWVudDoxMDI0ODU2NTIzMjI4ODQyXzg1NzAxNjczMDI2MDcwMg==,Muhammad Nurohman,61589903847048,"Ngebleng otak gua bro😩, susah nyimak🤒🤒🤒",2026-06-02 10:03:43,0,0
Y29tbWVudDoxMDI0ODU2NTIzMjI4ODQyXzI3MzUxNTAzOTE0NDg2Mzk5,Gio Alvaro,61576181459701,Memang wagup longor,2026-06-02 09:29:37,0,0
Y29tbWVudDoxMDI0ODU2NTIzMjI4ODQyXzE1NjAyNjk5NzIzODk2Mjk=,Mbah Jamrong,61573666372935,Maning nempo mama gupronn,2026-06-02 08:17:42,0,0
Y29tbWVudDoxMDI0ODU2NTIzMjI4ODQyXzE0NzExODczNTQ3ODA5NzI=,Sukma Sajati Sajati,100070359634803,Nu nyebut jalan ga ada manfaatnya jelema lieur🤣,2026-06-02 06:46:56,0,0
Y29tbWVudDoxMDI0ODU2NTIzMjI4ODQyXzg3Mjg4MDEwNTg1MDAyMg==,Deon Deon,100072552643369,"Aya gubernur model kieu,wkwkwkwkk",2026-06-02 06:46:51,0,0
Y29tbWVudDoxMDI0ODU2NTIzMjI4ODQyXzEzNzA5MzQ1ODQ4Nzc3NjQ=,Heri Baja,100044981564959,"Orang tolol,mungkin dia.kmana,,lewat atas,terbang",2026-06-02 06:17:14,0,0
Y29tbWVudDoxMDI0ODU2NTIzMjI4ODQyXzk5NDIwMDAwMzQ3NDM1Nw==,Maya Putri,61565340467045,Waduh rusak ini gubernur nya,2026-06-02 22:36:44,0,0
Y29tbWVudDoxMDI0ODU2NTIzMjI4ODQyXzEwMTk0MzIwNTA1NDczMDQ=,Zhoy Barlex,100066511179735,minimal cari solusi biar jalan itu terealisasi..bukan ga ada manfaatnya,2026-06-02 20:47:49,0,0
Y29tbWVudDoxMDI0ODU2NTIzMjI4ODQyXzI4OTM1MTcyNDQzMjYzNTI=,Sueng,61553266565449,Ngeriii pokoke,2026-06-02 20:19:56,0,0
Y29tbWVudDoxMDI0ODU2NTIzMjI4ODQyXzI1NjM1OTI0NzQwOTU1NTc=,Por You Gitu,100003880797597,Bacoott,2026-06-02 20:13:38,0,0
Y29tbWVudDoxMDI0ODU2NTIzMjI4ODQyXzgzMDM4OTY0NjUyNjYwMQ==,Tomason Jhon,100010520619708,Banyak omong,2026-06-02 19:07:54,0,0
Y29tbWVudDoxMDI0ODU2NTIzMjI4ODQyXzEyNzgwODc3MTQzMDk1MzI=,Nata Riana,61584343243792,Banyak kerja bpk ini,2026-06-02 18:33:41,0,0
Y29tbWVudDoxMDI0ODU2NTIzMjI4ODQyXzQzNzA4MjkwODMxMzU2MjI=,Rudi Harmawan,100076562816818,Halah pejabat mencla mencle.  Hidup dari pajak.  Juga. Itu cuman mengelola.     Aja ko repot.  KLO.  Cukup bangun kalo.  Ga cukup tunggu taun dpan,2026-06-02 18:22:06,0,0
Y29tbWVudDoxMDI0ODU2NTIzMjI4ODQyXzIwNTUzODg0MzE2NzgwOTk=,AndyCo,100000191349047,"Kalau jalan bagus plus spot pemandangan bagus, otomatis akan jadi rest area. Apabila jualan disitu pasti laku. Ekonomi akan berjalan membaik dengan sendirinya.",2026-06-02 12:50:39,0,0
Y29tbWVudDoxMDI0ODU2NTIzMjI4ODQyXzE5Mzg1MDU5MDM1MzM0NTg=,Pepen Pen,100012120421373,Pejabat yg kayak gini ngak peduli dengan pembanguna dan hak guna masyarakat d copot aja ngak ada guna nih contoh yg suka ngabisin anggaran ini mah....,2026-06-02 11:53:25,0,0
Y29tbWVudDoxMDI0ODU2NTIzMjI4ODQyXzE2NjU4NzUyMzEzMDE5OTY=,Peter Kepet,61577465499547,"Pajak kendaraan buat jalan,trus pajak bumi dan bangunan untuk apa,trus semua yg kita beli juga ad pajaknya...",2026-06-02 10:53:48,0,0
Y29tbWVudDoxMDI0ODU2NTIzMjI4ODQyXzEwODYzMjkzODM5NjM5MDg=,Oplin Cilok,100081311913373,Gubernur bacot🤣🤣,2026-06-02 10:03:03,0,0
Y29tbWVudDoxMDI0ODU2NTIzMjI4ODQyXzEzOTUwMTc4ODkxMjE3NzI=,Raden Supriadi,100038841463326,Ini klo rakyat salah pilih,2026-06-02 07:43:23,0,0
Y29tbWVudDoxMDI0ODU2NTIzMjI4ODQyXzE1NDU0NTQ0MDM1ODY5NTE=,Alpi Alpi,61555568027169,"Waduh belajar ngonten lu ,belajar dulu ke kdm",2026-06-02 06:44:59,0,0
Y29tbWVudDoxMDI0ODU2NTIzMjI4ODQyXzc3MzQ3ODQzMjQyNjIyNQ==,Untung Suropati,61577419881064,Gur arep di korup,2026-06-02 05:05:57,0,0
Y29tbWVudDoxMDI0ODU2NTIzMjI4ODQyXzE1NjExNDYyMjI0MDcyMTk=,NaNda Permana,100000387438254,Hallo gaes 😆,2026-06-02 18:54:59,0,0
Y29tbWVudDoxMDI0ODU2NTIzMjI4ODQyXzE3Mzk0ODg3NDcwNTU2MTM=,Abrenk Serdadu,100003673462859,Gubernur gak jelas,2026-06-03 04:51:53,0,0
Y29tbWVudDoxMDI0ODU2NTIzMjI4ODQyXzk5MDY4MTQxNzA1MzQ1Mg==,Jamal Out Sider,100002379625169,"Coba sih yg tau akun media sosial gubernur Jawa Tengah,, gua minta",2026-06-02 23:03:06,0,0
Y29tbWVudDoxMDI0ODU2NTIzMjI4ODQyXzE1NDUwNDgwODc0MDMyODE=,Rudi Prengky,100083964707708,Wong edan jln ga ada manfaat .ya Mendi g uang nya masuk kantong,2026-06-02 22:50:26,0,0
Y29tbWVudDoxMDI0ODU2NTIzMjI4ODQyXzgwNTcyODQwOTE0MjcxMg==,Slamet Met,100081920500559,Gubernur asu,2026-06-02 21:57:31,0,0
Y29tbWVudDoxMDI0ODU2NTIzMjI4ODQyXzI1MDM2NzYzMTM0MTExNTA=,Paul Sunjaya,1757996600,Dikasih gubernur Andhika-Hendi malah milih kyk gini salah sendiri....rasain loohh...😂😂😂,2026-06-02 21:44:01,0,0
Y29tbWVudDoxMDI0ODU2NTIzMjI4ODQyXzEwMjMxMjczOTM1Nzg1NTM=,Kamma Malla,100082598274494,turun kan segera,2026-06-02 21:24:37,0,0
Y29tbWVudDoxMDI0ODU2NTIzMjI4ODQyXzQ0OTEwNjE0Nzc4MTUyODA=,Yudi Aditia Sena,100004510805400,Ouh jadi di pilih2 klo bangun jalan..,2026-06-02 20:29:54,0,0
Y29tbWVudDoxMDI0ODU2NTIzMjI4ODQyXzk2NTM1MTMyMjk4NjA1Mg==,Iwan Ciwonk,100002667112429,Wkwkwkwk lelucon macam apa ini konoha 😂,2026-06-02 20:27:57,0,0
Y29tbWVudDoxMDI0ODU2NTIzMjI4ODQyXzE3OTU3MzYzNzgwNjQ0MTk=,Suhendar Hendry,100007961745492,mulut korupsi,2026-06-02 19:58:07,0,0
Y29tbWVudDoxMDI0ODU2NTIzMjI4ODQyXzIwNjc5NjI4ODA4MTk2ODY=,Kevin Wijaya,61562219391415,"Gubernur tolol gubernur goblok 
Ga pantes loe jadi gubernur",2026-06-02 19:50:09,0,0
Y29tbWVudDoxMDI0ODU2NTIzMjI4ODQyXzE0NDcwMzEyNjcxOTM1NTc=,Mely Harefa Bersama Gea,100025181042615,"Si ibuk lama banget paham nya,,, ini buk saya bantu maksud Bapak itu,, klw mau jlan mulus Bagus masyarakat bangun sendiri jln desa mu😂",2026-06-02 19:32:55,0,0
Y29tbWVudDoxMDI0ODU2NTIzMjI4ODQyXzkyNTU2NjU4NzE2NDEzMQ==,Jamjuri Jam,100072932013943,Lahhhh kga becus,2026-06-02 19:23:54,0,0
Y29tbWVudDoxMDI0ODU2NTIzMjI4ODQyXzg1Njc0MTM1Njk1MzY1OQ==,Zam'mohammed Amrie,100001723627475,Bertele2 anyingg😂😂,2026-06-02 18:39:28,0,0
Y29tbWVudDoxMDI0ODU2NTIzMjI4ODQyXzEzMTYzMTc5Mjk5MzI0OTM=,Robert Andreas,100040011072033,Kagak maen,2026-06-02 16:38:22,0,0
Y29tbWVudDoxMDI0ODU2NTIzMjI4ODQyXzIwMDQwMDY1NjM1ODAzMjc=,Lophez Mmas Batsya,100002241463840,Ngomong trus terang AE Kurang wareggg lih madogkk ..,2026-06-02 16:13:42,0,0
Y29tbWVudDoxMDI0ODU2NTIzMjI4ODQyXzE0ODIyNTMxODAzMjE4MjM=,Syarif Hidayat,100062233910944,Anehkobisajadigubernuro.o gnya banget,2026-06-02 16:11:43,0,0
Y29tbWVudDoxMDI0ODU2NTIzMjI4ODQyXzQzNzc2OTMxODkxMzk2MzI=,Ozal Viruz,100000733724633,Klo tdk sangup mundur,2026-06-02 15:30:26,0,0
Y29tbWVudDoxMDI0ODU2NTIzMjI4ODQyXzE2MzAwMTIyNjQ3NTQyNjc=,Amigi Acdc,100001746804667,Lah epek Jawa tengah punya pimpinan koyo njenengan OPO to?,2026-06-02 15:01:28,0,0
Y29tbWVudDoxMDI0ODU2NTIzMjI4ODQyXzk3MzA3ODY4MjA5NDg1MA==,Kang Ade Property,100003578395112,Busett dahhhh ko bisa punya pemikiran kaya gitu... Busett dahh lengser aja hoho yg maju biar jalan bagis,2026-06-02 14:57:13,0,0
Y29tbWVudDoxMDI0ODU2NTIzMjI4ODQyXzEwMTM3MzcyODc4Nzk4MzE=,Ian Agoes Radiyana,100007624488061,Punya gub kaya gitu pilih kasih ma rakyatnya sndri parah,2026-06-02 12:01:40,0,0
Y29tbWVudDoxMDI0ODU2NTIzMjI4ODQyXzE1Mjk4MTIxODIyMDYyNDA=,Gatot Pisan,100047751065350,Mening pake jalan jalan kaluar negri  pa ah lier nya pke jalan MH ..eweh mangpaat na ..ampun,2026-06-02 09:16:12,0,0
Y29tbWVudDoxMDI0ODU2NTIzMjI4ODQyXzE4OTM4NjM2NDc4NDQ3NjA=,Kasmir Irma Jadbab,61550479494613,"Ini gubernur berfikiran taii klau memang jalan GK ada manfaat nya kenapa kmu lewat di jalan 

Ini pemimpin yg tak bsa KTA pilih kedua kali nya",2026-06-02 06:45:20,0,0
Y29tbWVudDoxMDI0ODU2NTIzMjI4ODQyXzEyNjE0NzMxOTYwNTk4NjE=,Aki Jaya,100090592614426,Kerja cuma ngomong doang kaga kerja di gaji hebat,2026-06-02 06:23:45,0,0
Y29tbWVudDoxMDI0ODU2NTIzMjI4ODQyXzIwNDQyNDcxMjYxNjIyNTU=,Jafar Sidiq,100093515858869,Luar biasa jawabannya pak mmg dibutuhkn pemimpin yg kritis tp sayang pak yg dibutuhkan masyarakat itu bukan retorika belaka tp bukti nyata cb contoh pak KDM,2026-06-02 06:13:03,0,0
Y29tbWVudDoxMDI0ODU2NTIzMjI4ODQyXzgwNDUwMTI5NTkyNzIxMg==,Abik Angler Fellus,100009391684188,"ndlogok Ngisin""ngisini Jawa Tengah wae... Iki po sing jare meh mewakili jawa tengah sing jarene ngopeni?",2026-06-03 01:29:07,0,0
Y29tbWVudDoxMDI0ODU2NTIzMjI4ODQyXzE4MDU3Mzk0MTQxMTcyNDI=,Raka Nana,61590758240941,Halooo gaess makan tuh s lutfi gubernur nyinyir,2026-06-02 21:16:43,0,0
Y29tbWVudDoxMDI0ODU2NTIzMjI4ODQyXzM0MzMwNDYwMDAxODc1OTM=,Benjo Tzanck Pemberontak,100014716325685,"itulah gubernor tambal""an kita",2026-06-02 19:51:58,0,0
Y29tbWVudDoxMDI0ODU2NTIzMjI4ODQyXzE0NjM4NzE0MjIwODg5Njg=,Beben,100078913284737,Ahhh gubernur ini so pintar cerdas so iye..justru sebaliknya gubernur ini NOL CARA BERPIKIRNYA BODOH.. Aku rakyat bodoh tp aku tau manfaat semua jalan dan rakyat menginginkan semua jalan bagus untuk mempercepat usaha dan perputaran ekonomi didaerah..☝️,2026-06-02 19:47:48,0,0
Y29tbWVudDoxMDI0ODU2NTIzMjI4ODQyXzIwMzQwNTUxNzA1MjIxMjY=,Aan Clowor,100021902656890,"Jadi nk dalan gonmu ora d bangun"" Seng bangsat y bupati",2026-06-02 17:01:23,0,0
Y29tbWVudDoxMDI0ODU2NTIzMjI4ODQyXzc3NDU3MTU4NTY1MTAyMA==,Burhan Udin Udin,100029551266418,Ga ada manfaatnya otak Lo Lutfi tak berguna jadi gubernur .,2026-06-02 15:58:01,0,0
Y29tbWVudDoxMDI0ODU2NTIzMjI4ODQyXzE3MDIzOTgzNTQ0MTgzMDU=,Chaerudin M,100011306498379,"Berarti pak Gubernur ini menghambat majunya sebuah desa,, beliau bilang bangun jalan tidak ada manfaatnya... hadeuh begini nih kalau Gubernur dari partai coklat",2026-06-02 08:06:32,0,0
Y29tbWVudDoxMDI0ODU2NTIzMjI4ODQyXzE1MzQ0MDM0NzQ5MzgwODg=,Amisti Lovetujhe,100093032741196,Gubernur koplak,2026-06-02 18:30:39,0,0
Y29tbWVudDoxMDI0ODU2NTIzMjI4ODQyXzk3NjQ0NzMzNTI0Nzg1Mw==,Muslim Dwi,100082285128440,ini jubur nur   banyak omong  omon omon wok 😂😂😂😂,2026-06-02 20:49:42,0,0
Y29tbWVudDoxMDI0ODU2NTIzMjI4ODQyXzk5MDEzODI1Mzc1NTAyNg==,Fadil Adink,61560292462330,Wong model gini bisa jadi gubernur yah,2026-06-02 20:36:00,0,0
Y29tbWVudDoxMDI0ODU2NTIzMjI4ODQyXzEzMDA5NTE3MzIyNTI1MTY=,Brewok Are,100074181817450,Jancoook tikiro rakyat ki goblok kabeh kowe ki Biyan saurunge dadi gubernur kw ki yo rakyat lek kok angel rakyat kabeh goblok berarti goblok mu sampek saiki,2026-06-02 20:14:05,0,0
Y29tbWVudDoxMDI0ODU2NTIzMjI4ODQyXzI0ODAyMTExOTU3NDIxMzY=,Rahmat Herlina Gelsa,61559956857642,dengerin nih gibernur sayah pk lupi,2026-06-02 19:44:33,0,0
Y29tbWVudDoxMDI0ODU2NTIzMjI4ODQyXzEwNDQzNDM4NDQ5NzIwMTA=,Semprul Prul,61563993089038,Lanjutkan  Pak lutfi  omongannya Biar masyarat  makin benci Ama Kamu nti Di Demo  Biar Ganti Kades  Hoho  ajah biar  Jalan banyak  manfaatnya,2026-06-02 17:47:02,0,0
Y29tbWVudDoxMDI0ODU2NTIzMjI4ODQyXzEwMTgzOTQ0NjM5NjU3NDY=,Hasan Basri,100005475465893,Orng gila ituu,2026-06-02 17:06:59,0,0
Y29tbWVudDoxMDI0ODU2NTIzMjI4ODQyXzE2NzUwNzk4ODAzNjQxMTI=,Adim Lesmana,100081982733551,Kalo jalan kurang manfaatnya. Coba dari depan rumahnya rusak sejauh 1 kilo gimana dia menikmati jalan ya butut,2026-06-02 12:05:43,0,0
Y29tbWVudDoxMDI0ODU2NTIzMjI4ODQyXzEwMDU5ODQ4MjE4MDc2MTI=,Aldiyana Chartes,100092793810125,udah salah ngeyel repot punya pemimpin gini 🤣,2026-06-02 09:26:58,0,0
Y29tbWVudDoxMDI0ODU2NTIzMjI4ODQyXzg5MjIzMTk3NzIyMTM2Ng==,Goestmanna,100024081309965,"Ibu jgn usul minta diperbaiki jalan ,nanti uang untuk masuk saku saya bisa tekor sedikit pemasukan saya bu, ya uis biarin bae jalan itu gak bermanfaat untuk masarakat 🤣🤣",2026-06-02 08:14:23,0,0
Y29tbWVudDoxMDI0ODU2NTIzMjI4ODQyXzIwNDkxODkxMDIzMzI0Nzc=,Dhanz Setiadi,100000679713341,"KOCAK JAWABAN MANEH SIGA LAIN PEMIMPIN WAE, GEUS MUNDUR AI TEU BECUS MAH ERA...",2026-06-02 08:04:03,0,0
Y29tbWVudDoxMDI0ODU2NTIzMjI4ODQyXzE1MjEyNDIxODY0NjAwNTQ=,Didi Sukar,100087135964987,"Koyo wong jagongan ko iso-isone dalan ora ene mamfaatne piyee...piyee kang, maksudne dalan sing arep dibangun kuwi ora iso kon tilangan ngono yaa...?",2026-06-02 07:30:55,0,0
Y29tbWVudDoxMDI0ODU2NTIzMjI4ODQyXzIyMDA5MjY1Njc0MjgwMDk=,Bunga Anisa,100068806497072,Klw Mao bangun jalan itu yg paling bener itu ...yg proyeknya menguntungkan gubernur bupati camat lurah...itu yg bener hahaha,2026-06-03 09:36:40,0,0
Y29tbWVudDoxMDI0ODU2NTIzMjI4ODQyXzEwMTI4NTgzNDEzMDg4Mjg=,Akbar Rasit,100055874560585,Pecat aja bapak ini,2026-06-02 21:22:57,0,0
Y29tbWVudDoxMDI0ODU2NTIzMjI4ODQyXzEwMDk3OTcyMTgyNTE1MTA=,Taufik Sepwan,100001865528605,Enjeh we lah enjeh 🤣🤣,2026-06-02 21:12:09,0,0
Y29tbWVudDoxMDI0ODU2NTIzMjI4ODQyXzE1NjM4NzQ4ODg2OTI4MzA=,Agus,61559016070489,Gub oleng kakean es money y Iki😁😁,2026-06-02 18:58:51,0,0
Y29tbWVudDoxMDI0ODU2NTIzMjI4ODQyXzMxODgyODUyODE1NTg5MDQ=,Agus Rahmad Irawan,61584914102740,Seng gak ono gunane ki koe fi lutpi!,2026-06-02 18:12:28,0,0
Y29tbWVudDoxMDI0ODU2NTIzMjI4ODQyXzEwMTA3NDAyOTE0MzgzODg=,Risnanto,100052261394380,Tololll ada pemimpin kaya gto,2026-06-02 16:37:18,0,0
Y29tbWVudDoxMDI0ODU2NTIzMjI4ODQyXzE3NzcwMTE2MDY0OTMxODk=,Hari,100000574963418,bangga nya warga jateng punya gub cerdas seperti beliau,2026-06-02 15:36:07,0,0
Y29tbWVudDoxMDI0ODU2NTIzMjI4ODQyXzE0Njg2MTQ2NzE2ODUyMDc=,Nurahman Rasyid,100028545424009,Gubernur lupi dah ngaco jalan ga manpaat gimana itu pikuranya,2026-06-02 12:36:57,0,0
Y29tbWVudDoxMDI0ODU2NTIzMjI4ODQyXzgyMjI2NzA3NzQwNzc1MQ==,Ato Bengkel Rbt,100094463213961,"Iya betul bapak ini,jalan gak ada manfaatnya,,,mending di korupsi jadi bermanfaat buat keluarga bapak",2026-06-02 10:59:54,0,0
Y29tbWVudDoxMDI0ODU2NTIzMjI4ODQyXzk5NTkxNDI2MzQwNjM3NA==,Eko Engko,100007922110510,Gubernur opo Iki kuy.. mungkin sekolah nya bayarane pake  pake kayu bakar jadi gak ngotak mikirane perut nya doank gak peduli sama masyarakat 🙊🙊🙊🤩,2026-06-02 07:33:35,0,0
Y29tbWVudDoxMDI0ODU2NTIzMjI4ODQyXzEzMjc3NzAxMzYyMDUxNDA=,Bay Basuki,100067328318462,Gub koclok,2026-06-02 19:22:55,0,0
Y29tbWVudDoxMDI0ODU2NTIzMjI4ODQyXzg2NjExNDg0MzIyMTAzNQ==,Kevin Karso Sid,61551503715458,Jawapan nya ngeri       kok bisa ya jawapan nya seperti itu,2026-06-02 18:30:44,0,0
Y29tbWVudDoxMDI0ODU2NTIzMjI4ODQyXzE2NjExOTExNzUxNjMzMTI=,Brewok Brewok,61557230270933,"Klau jln d bangun g ada manfaatnya mungkin kita balik,mungkin apa manfaat pajak buat kita klau hak kita fasilitas umum termasuk jln salah satunya,mungkin kita dapat memilah seperti katanya yg kita dengarkan vidio ini,mungkin kita bisa memilah juga daripada buat pajak yg buat kita g ada manfaatnya,mungkin pilih buat beli beras yg jls manfaatnya,mereka juga g tau mana yg lebih penting buat kita,klau buat kita beli beras lebih penting daripada pajak,harusnya mereka juga menyadari keterbatasan ekonomi rakyat,faham",2026-06-02 18:16:55,0,0
Y29tbWVudDoxMDI0ODU2NTIzMjI4ODQyXzEyNzM4MTk4OTExOTYzODM=,S Mail,100002043474043,Yg bgni masih di pelihara jdi pemimpin..gimana mau maju daerah yg di pimpin ya.sedangkan ketahanan pangan itu berakar dri pedesaan terpencil.bukan dari kota.kota hanya mendistributorkan 🤦‍♂️ intinya kalau jalan mulus di seluruh daerah sampai ke desa.swasebada pangan dan perekonomian pun lancar.,2026-06-02 18:14:53,0,0
Y29tbWVudDoxMDI0ODU2NTIzMjI4ODQyXzgwMTU1MjU0NjIyODMzMQ==,Basar Jeh,61572001710868,KLO begitu GK usah byr pajak aja...,2026-06-02 14:07:37,0,0
Y29tbWVudDoxMDI0ODU2NTIzMjI4ODQyXzI4NzUzMDQ2Mzk0NzgwNTQ=,Rizky Saputra,100013568317217,Baju yg bapak pakai juga tidak guna,2026-06-02 14:06:01,0,0
Y29tbWVudDoxMDI0ODU2NTIzMjI4ODQyXzI0MzE2OTM1OTQwMDg4MDM=,Genthong Property,100038183244184,Dalan Bayii ae pk okeh manfaate,2026-06-02 12:58:08,0,0
Y29tbWVudDoxMDI0ODU2NTIzMjI4ODQyXzI3MjA3ODcwNjkyMTc4OTU1,Ahmad Ghozali,100080625850984,😂😂😂😂😂wong koyok ngeneki dadi gubenur gubenurnya yg bodoh apa warganya🙏,2026-06-02 12:44:34,0,0
Y29tbWVudDoxMDI0ODU2NTIzMjI4ODQyXzE1MDUzMDkzMzQzNzUyMzA=,Diroh Dir,61583752702855,Kalo GK ada efek ya Meding GK usah di bangun aja percuma pajak naik tp jalan ya ko GK pantas gitu terus pemerintah mau ya gimana coba,2026-06-02 11:50:37,0,0
Y29tbWVudDoxMDI0ODU2NTIzMjI4ODQyXzk5NDcxOTY3MDE1Nzg5NQ==,Pandi Anshl,100083588266372,gubernur terhebat se dunia😂😂😂😂jangn membangun jaln hasil pangan semua dari kampung panggul aja jangan pake alat kemdaraan,2026-06-02 10:52:56,0,0
Y29tbWVudDoxMDI0ODU2NTIzMjI4ODQyXzE4NTcxMTI5OTkwMDIxMjc=,Ziggy Kuro,61563484594291,"Ini panggung opera komedi ,,kita yg nonton ngakak😆😆😆😆",2026-06-02 10:34:38,0,0
Y29tbWVudDoxMDI0ODU2NTIzMjI4ODQyXzE4MTM5NDUxNzk1NzcyODQ=,Budi Jepang,100077252405254,Gubernur molor....kok Yo di pilih piye to wong jateng,2026-06-02 10:03:01,0,0
Y29tbWVudDoxMDI0ODU2NTIzMjI4ODQyXzEwMjI1NDE0MTM1MzIxNTI=,Riyan Nalendra,100051440087021,Sekarep mu pak rakyat mu yg menilai untung saya tinggal d jabar dan sangat beruntung punya gunernur nya kdm sekarang.,2026-06-02 07:01:15,0,0
Y29tbWVudDoxMDI0ODU2NTIzMjI4ODQyXzE4NTM5Njk4Mjg2MDM4NDY=,Rendy,100089932517803,Cocok di satuin sama Anis gub ini mah😀😀kurang kerja banyak bacotnya😀,2026-06-02 06:52:09,0,0
Y29tbWVudDoxMDI0ODU2NTIzMjI4ODQyXzk4MjIyMTg5NDY2NDMwMA==,Solihin Cha KeLor,100083983301468,wong koclok kok dadi gubernur yo,2026-06-02 20:27:45,0,0
Y29tbWVudDoxMDI0ODU2NTIzMjI4ODQyXzEzMjExMjk1OTYxNDUxNTE=,Andreas Boging,100068677733004,Gubenur Taek cenan kuwi,2026-06-02 19:52:47,0,0
Y29tbWVudDoxMDI0ODU2NTIzMjI4ODQyXzE2NDgyNjkxNjY0MzY2NDk=,Barry Saputra Bri,61576741274309,Pk gubernur  ora ngape wargane  banyak omong gaees....,2026-06-02 15:35:22,0,0
Y29tbWVudDoxMDI0ODU2NTIzMjI4ODQyXzEwMjQzODk3MTMzNDI5ODI=,Ari Werwer,61572721495462,Memang cangkem itill kakean teori,2026-06-02 14:22:02,0,0
Y29tbWVudDoxMDI0ODU2NTIzMjI4ODQyXzk2NzYyNTQ2OTQxNjgxMg==,Su Narya,100047601106878,"Ampun deh,itu bicara nya merendahkan masyarakat,sing mikir masyarakat tuh bayar pajak bro,inget brp lama sih jabat.",2026-06-02 06:49:03,0,0
Y29tbWVudDoxMDI0ODU2NTIzMjI4ODQyXzE0MTE5OTAwMTA5NDg3NTY=,Yunus Yns,100027142817653,Salah milih pemimpin,2026-06-02 11:22:34,0,0
Y29tbWVudDoxMDI0ODU2NTIzMjI4ODQyXzEyOTE1NzY3OTY1MjM4MDg=,Arman Lanang Wijaya,100030518085673,Mantan polisi jadi pemimpin bisa dinilai sendiri,2026-06-03 09:28:12,0,0
Y29tbWVudDoxMDI0ODU2NTIzMjI4ODQyXzEzMTg5NDE3MDM2NzkyNjg=,Yoyoy Yoyoy,100083409397943,Gubernur OON,2026-06-03 06:11:26,0,0
Y29tbWVudDoxMDI0ODU2NTIzMjI4ODQyXzE1MjkzODQwNDg4MjM3MjU=,Rustam Marsaoly,100079267003639,Gubenur seperti ini para sekali,2026-06-02 16:47:44,0,0
Y29tbWVudDoxMDI0ODU2NTIzMjI4ODQyXzE5NDAwMTA1MjAwMTE1NTU=,Isnawati,100014266506792,Lah bomat bkn gubernur aing,2026-06-02 06:42:25,0,0
Y29tbWVudDoxMDI0ODU2NTIzMjI4ODQyXzE0Mjg2ODU0NTIzOTcwNTI=,Bambang,100042336345260,Gebenur jateng skr pande ngomong dan nyusain rakyat nye apalagi sebelum mue sama saja,2026-06-03 05:17:24,0,0
Y29tbWVudDoxMDI0ODU2NTIzMjI4ODQyXzIwMDc1MDcwMTk4NTczMTA=,Waidi Widyono,100089097412154,"Drpd buat bangun jalan mending buat rapat, seminar ,study banding ,yg akhirnya tidak ada hasil nya ,cuma kata2,,pejabat seperti ini yg menghambat pembangunan ,cm bermain kata ,tp implementasinya zonk",2026-06-03 04:18:35,0,0
Y29tbWVudDoxMDI0ODU2NTIzMjI4ODQyXzk2ODEwMjA5NjAwMTEyNg==,Aldi Jamez,61550247504915,"Iy Allah wong ky kwe ko di kei orep iy
Heran e nyawane betah iy",2026-06-03 04:05:13,0,0
Y29tbWVudDoxMDI0ODU2NTIzMjI4ODQyXzEzNzI0OTQyNTE0NjI2Nzg=,Ajhary Umbu Hasan,61553156530537,"😂😂😂😂😂 gubernur kocak ya gini , yg namanya jalan pasti punya efek terhadap masyarakat, ko bisa masarakat Jateng Miki org ini jadi gubernur 😂😂😂",2026-06-02 21:48:45,0,0
Y29tbWVudDoxMDI0ODU2NTIzMjI4ODQyXzMxMTMxNzUzNjIyMDEzMjc=,Pariono Prastio,100036623439723,Sak Jawa tengah prei pajek gubernur modar,2026-06-02 21:08:32,0,0
Y29tbWVudDoxMDI0ODU2NTIzMjI4ODQyXzI3NjQ4MDgwMDI0Nzk4MTA2,Budi Purwanto,100094173288029,Banyak bacot nya tapi gak ada manfatnya buat masyakat😮😮,2026-06-02 20:19:10,0,0
Y29tbWVudDoxMDI0ODU2NTIzMjI4ODQyXzgzMTE3OTQ5OTc1MTQ5MQ==,Kopang Bintang,61564058709652,Ngono selogane ngayomi.......aaaaaaaaaa ah mbelgedes,2026-06-02 20:19:10,0,0
Y29tbWVudDoxMDI0ODU2NTIzMjI4ODQyXzEwMTU5MjIxNTc5NTgxOTc=,Bayu Safari Anwar,100000514710667,Nggeh enggeh 😂 keliatan banget si ibu udah mulai pusing😂,2026-06-02 19:37:19,0,0
Y29tbWVudDoxMDI0ODU2NTIzMjI4ODQyXzE3MzQwMjgzNzc3NzI1MjY=,Hinata,61554973284426,"mana ada bangun jaln gk ada manfaatnya buat masyarakat Woy Gubernur 🤣
dulu yg milih dia siapa seh ah 🤣",2026-06-02 19:31:48,0,0
Y29tbWVudDoxMDI0ODU2NTIzMjI4ODQyXzk4MTQ5NzYwNDc0MDM0Mw==,Puji Ono,100071436750059,Esih akeh bosku sing jlnjln rusak,2026-06-02 19:05:11,0,0
Y29tbWVudDoxMDI0ODU2NTIzMjI4ODQyXzEyNzY0MjY3MTQyMzU2NTQ=,Sigit Priyono,100014409582625,"D.....O......N.....G.....O , mungkin dia tiap hari naik manuk emprit x kalo kmanaw jd gk tau manfaat jalan mulus ,,, RAIMU PAK PAK LAHHH ,, RAIMU BRUDUG KYA SILET SAPI",2026-06-02 18:32:58,0,0
Y29tbWVudDoxMDI0ODU2NTIzMjI4ODQyXzE3MzUyNzEzNjc0NjkwNjE=,Muhammad Syaril,100006276942840,matamu melek,2026-06-02 16:19:39,0,0
Y29tbWVudDoxMDI0ODU2NTIzMjI4ODQyXzE0ODA1NzE0NzA1MzQ0MjA=,Ma Jenong,100093150646263,Ternyata bukan odgj  aja  yg oonn tp sklas gbnur aja ada yg... 🤣🤣🤣,2026-06-02 16:19:10,0,0
Y29tbWVudDoxMDI0ODU2NTIzMjI4ODQyXzE1NTA0NDk5OTk5OTEyNzE=,Namaku Agung G-a,100006016097383,Sekelas wakil bupati yg ngadu 😮 gimana kite ini 😮 dah lah,2026-06-02 16:04:59,0,0
Y29tbWVudDoxMDI0ODU2NTIzMjI4ODQyXzMyMTg0ODAyMzE4MjU2Mjg=,Sopian,100082134762952,Gubernur koplak jalan ga ada manfaatnya 🤦,2026-06-02 15:35:11,0,0
Y29tbWVudDoxMDI0ODU2NTIzMjI4ODQyXzI3MzY3ODYxODMyODQ5MzY2,Suryana Yana,61583471715079,Jalan ke yang muda memang harus mulus gub,2026-06-02 15:29:15,0,0
Y29tbWVudDoxMDI0ODU2NTIzMjI4ODQyXzQwNTIyMDAzODUwNzg4OTk=,Firman,100010083558194,Kalau cari untung jangan jadi gubernur..jadi pedagang aja,2026-06-02 14:36:54,0,0
Y29tbWVudDoxMDI0ODU2NTIzMjI4ODQyXzgyNjU5MTQ4MDI0NjAwMA==,Jaka Gledeg,100080414834298,Gub:ngrtine dalan bocah🤣🤣🤣🤣🤣🤣🤣🤣🤣🤣🤣🤣🤣🤣🤣🤣,2026-06-02 13:42:05,0,0
Y29tbWVudDoxMDI0ODU2NTIzMjI4ODQyXzE1MDAwNjQ3ODE3OTk2MzQ=,DOink,100021790534410,Sekolah tinggi punya jabatan.tp kata kata nya bodoh 😂😂,2026-06-02 13:06:43,0,0
Y29tbWVudDoxMDI0ODU2NTIzMjI4ODQyXzEwNDI5ODAxMzE3MjQ0ODM=,Doyok,100003561919896,Kapok kui sopo seng mileh,2026-06-02 12:47:11,0,0
Y29tbWVudDoxMDI0ODU2NTIzMjI4ODQyXzIwMDg3NTgzMjAwMTI1MDA=,Rezahoirulanam,100049966785866,Alhamdulillah saya banggah punya gubernur KDM. Semoga sehat selalu bapak aing.🥰,2026-06-02 12:41:07,0,0
Y29tbWVudDoxMDI0ODU2NTIzMjI4ODQyXzEzMjI4NDYwMTkyNDk4NTU=,Ainun Contruksi,100089223439160,kalau emang pendapat anda begitu kita sebagai rakyat bayar pajak buat apa.,2026-06-02 12:32:17,0,0
Y29tbWVudDoxMDI0ODU2NTIzMjI4ODQyXzE2NDkyMzMxNTYzNTEyMzM=,Kang Iwan Tea,100015722385017,Mening d rorod gubernur kitu mh turun kan..,2026-06-02 12:10:24,0,0
Y29tbWVudDoxMDI0ODU2NTIzMjI4ODQyXzEzMzkyMjE3MzE0NzAzMDE=,Dion Motret,100001936670035,Udah ganti jangan lama lama ga bakalan maju ini mah,2026-06-02 11:23:49,0,0
Y29tbWVudDoxMDI0ODU2NTIzMjI4ODQyXzE0Mzg1NTM4NjgwMjI2MTg=,Agus Djaenudin Djaenudin,100088900412736,Wong edan lufi ASU,2026-06-02 11:03:15,0,0
Y29tbWVudDoxMDI0ODU2NTIzMjI4ODQyXzk3NjcwMDYwMTY0MTQzOQ==,Lara Hati,61583222036827,"Jauh berbeda jeung Bpk aing mh. 
Bpk Aing no wahid atuh. Tara loba omong di gass langsung rebesss",2026-06-02 10:11:16,0,0
Y29tbWVudDoxMDI0ODU2NTIzMjI4ODQyXzE1Mjk2ODk3OTUyNjAzMTI=,Sonip Bae Jaya Teknik,100012893290864,Jebule kok pekok Yo,2026-06-02 09:43:27,0,0
Y29tbWVudDoxMDI0ODU2NTIzMjI4ODQyXzk0OTA4MDAzODEwODI1OQ==,Bang Yos,100005598033251,Ladusing,2026-06-02 09:42:20,0,0
Y29tbWVudDoxMDI0ODU2NTIzMjI4ODQyXzE4ODU4NzI1OTU0NDM1NDM=,Mohamad Indra Lesmana,100001836240718,Ya Begituu Dah,2026-06-02 09:32:32,0,0
Y29tbWVudDoxMDI0ODU2NTIzMjI4ODQyXzExMzA0NDAwMDkyOTkxMDg=,Asape,100041084957768,"Mblengeri weruh wong kue bae,,",2026-06-02 09:29:03,0,0
Y29tbWVudDoxMDI0ODU2NTIzMjI4ODQyXzkxNDY0OTM0MTYzNjAzNg==,Nyepok Hakhungan Basry,100009523687588,Gubernur.0%,2026-06-02 09:00:11,0,0
Y29tbWVudDoxMDI0ODU2NTIzMjI4ODQyXzEwMTQ1MTM5NDEwNzM3NzE=,Kura Wa,100088878212815,Ngeles aja bloon,2026-06-02 08:05:06,0,0
Y29tbWVudDoxMDI0ODU2NTIzMjI4ODQyXzEzODAzNzU4NjM5MjY1MTc=,Raden Bentar,100004541985027,Mirip presiden nya juga kalo ngomong meresahkan takyat,2026-06-02 06:21:43,0,0
Y29tbWVudDoxMDI0ODU2NTIzMjI4ODQyXzg1NzAwMzc3MDc5MTU0Mg==,Wija Wijaya,61560479445814,Bilang aja ga ada modal.pak buat bikin jln.gitu aja repot ngomong nya,2026-06-02 06:01:33,0,0
Y29tbWVudDoxMDI0ODU2NTIzMjI4ODQyXzExNTQwNzg0NjAyMzU0Mzk=,Lukman Tobar,100080950666979,Masa KLH sama Jawa Barat pa latiip,2026-06-02 05:20:26,0,0
Y29tbWVudDoxMDI0ODU2NTIzMjI4ODQyXzEzMDgxMjYyNTA4Mjk1Mzc=,Aki Aki,100085036432634,"lah dasar gobenur gobelok banget ,udah pak gembala itik aja bego",2026-06-02 22:03:32,0,0
Y29tbWVudDoxMDI0ODU2NTIzMjI4ODQyXzk2NzA4MzM4MzA0NDQ3MA==,Nandar Daffa Ardiaz,61563335200804,😂😂 yah Seperti ituLah GUBERNUR JATENG 😂😂,2026-06-02 19:15:19,0,0
Y29tbWVudDoxMDI0ODU2NTIzMjI4ODQyXzgzODEwNjM4MjcwMTk3OA==,Raffa Dutdut,61578032045389,"Tah lamun si lufi lewat usir,karena si lupi jalan GK ada manfaat ya,Taya ya masalah duit.baru paham si lufi.mantan coklat di lawan",2026-06-02 06:46:11,0,0
Y29tbWVudDoxMDI0ODU2NTIzMjI4ODQyXzEyODY4OTEwODAwOTI1OTI=,Asep Supriatna,61585166146443,"Epek2,,singpenting jln itu prioritass",2026-06-02 05:54:19,0,0
Y29tbWVudDoxMDI0ODU2NTIzMjI4ODQyXzEwNzQyMjI4NjE1OTg3Mzk=,Tasril,100071711314628,Jangan bayar pajak bumi dan bangunan,2026-06-03 12:25:42,0,0
Y29tbWVudDoxMDI0ODU2NTIzMjI4ODQyXzE2NTk1NTQ4MDg1NzcxMjQ=,Dedi Komari,61584366136536,Gubenur setan ini kok ngak didemo dilengserkan aja ya kok sabar banget warga nya,2026-06-02 22:06:10,0,0
Y29tbWVudDoxMDI0ODU2NTIzMjI4ODQyXzE0MDMzMzUxNDE2NDc4NjI=,Hermawan,100034372327816,"Njalok di antemi endase lutfi,nek nyrocos ngak ngenake kuping,manusia hidupnya ngak ndue utek ngertine duet wae.",2026-06-02 20:54:18,0,0
Y29tbWVudDoxMDI0ODU2NTIzMjI4ODQyXzE3Njg2NzcwNjc4Nzc1ODI=,Ade Carsikin,100092981268660,Oon oon,2026-06-02 19:56:17,0,0
Y29tbWVudDoxMDI0ODU2NTIzMjI4ODQyXzk3MzA0OTkwODk0Mjc2Mg==,Jon Nsr Nsr,61580844177711,Ha ha ha lucu ko bangun jalan harus pilih pilih..semua jalan bermangpat bpak..bagi tukang ater paket tukang ojek tukang jualan ngompas ..jalan bermanfaat ..bpak ..luci ini bapa,2026-06-02 17:26:39,0,0
Y29tbWVudDoxMDI0ODU2NTIzMjI4ODQyXzk4MDMyOTIwNDgxMTk5Mg==,Adiba Alfarizi,61559472631622,omon omon,2026-06-02 16:42:51,0,0
Y29tbWVudDoxMDI0ODU2NTIzMjI4ODQyXzE0OTU5MzgzMDIwMTgzODY=,Edi Setiyawan,100006663842953,"Gubernur seperti ini enaknya di apain yaa,?",2026-06-02 13:28:15,0,0
Y29tbWVudDoxMDI0ODU2NTIzMjI4ODQyXzg1NzIxOTkwMDc2MzUzOA==,Cecep Surahman,100072664523973,Aneh gubernur koplak gini terpilih?,2026-06-02 13:26:07,0,0
Y29tbWVudDoxMDI0ODU2NTIzMjI4ODQyXzE5MTE2MzkwNjk1NDg0MDA=,Suyanti Yanti,61566711506171,Iki Lo gubernur kopok wes nepalke wae biar kapok wong dalan rusak kok ragelem mbangun tp begitu pajek rakyate di uber2  pemimpin opo koyok gene Iki kok mikir telihe Dewe rekkkk🫡🫡🫡🫡,2026-06-02 12:18:40,0,0
Y29tbWVudDoxMDI0ODU2NTIzMjI4ODQyXzIwMzE5NzEyMzQwOTM0NDE=,Andhy Iphey,100081997304481,"coba gubernur jateng sruh naek mobil d jln butut 🤣🤣🤣moal teu smped loang wadukna,,gubernur ko pikirannya dangkal 🤣🤣wrganya psti nysel punya gubernur kya gtu,,tukng nyinyir",2026-06-02 09:53:09,0,0
Y29tbWVudDoxMDI0ODU2NTIzMjI4ODQyXzE2OTYxNDMwNzQ4NjU4Mzg=,Apoy Sandirohmani,100011417461553,"Kasihan amat masyarakat Jateng,punya Gubernur kayak gini 😂😂😂",2026-06-02 06:27:23,0,0
Y29tbWVudDoxMDI0ODU2NTIzMjI4ODQyXzEyMDYwNjQzMjQ4ODMwNjU=,Dede Mulyana,100032176087965,Ganti aja gubernurnya,2026-06-02 20:42:47,0,0
Y29tbWVudDoxMDI0ODU2NTIzMjI4ODQyXzE1NDE0Njg4ODA4NzQyMzY=,Herman,100017922840320,"Gubernur harus bisa bersinergi dgn Pemda lain yg berhasil, demi warganya bukan jaga marwah pribadi...Rakyat yg menilainya.",2026-06-03 12:00:38,0,0
Y29tbWVudDoxMDI0ODU2NTIzMjI4ODQyXzE0NzI0MDY5NzQwOTI5NTI=,Dump Hawk,100015599134211,Sebutkan jalan yang tidak bermanfaat itu seperti apa. ? Lawong dalan bayi ae bermanfaat lo pak😂,2026-06-03 11:21:22,0,0
Y29tbWVudDoxMDI0ODU2NTIzMjI4ODQyXzEzMDU5OTU2OTc4Mjc0NzQ=,Risacute,100006094157592,Gubernur macam apa itu. Selagi ada masyarakatnya jalan itu pasti bermanfaat...,2026-06-03 06:57:22,0,0
Y29tbWVudDoxMDI0ODU2NTIzMjI4ODQyXzEzMTE2MTU1OTEwOTE1ODg=,Achmad Muntolib,61551851835105,Koclok hh,2026-06-03 04:09:19,0,0
Y29tbWVudDoxMDI0ODU2NTIzMjI4ODQyXzI4NDEzMTkzNjYyMjI1Mjg=,Caul Kampng,100000143760003,"😂😂😂😂parah"""" ni",2026-06-02 23:57:38,0,0
Y29tbWVudDoxMDI0ODU2NTIzMjI4ODQyXzE1MDUxMjUyMzQ0MDUyMzc=,Asep Baron Tea,100082042741806,Parah gubernur Jawa tngah,2026-06-02 21:54:57,0,0
Y29tbWVudDoxMDI0ODU2NTIzMjI4ODQyXzE0MTkyNDI4MzMzNDQ2NTg=,Kastam Kas,100044595079551,Kita pajeg motor aja mahal,2026-06-02 21:36:27,0,0
Y29tbWVudDoxMDI0ODU2NTIzMjI4ODQyXzg4MjI4Nzc4NzQ4NjU4MQ==,Rudi Azunk,100070132220482,begitu lah klo mantan ladusing memimpin,2026-06-02 19:49:26,0,0
Y29tbWVudDoxMDI0ODU2NTIzMjI4ODQyXzE1MjQwNDM2MTkyMzA5ODU=,Maz Alam,100037617166788,Beda kelas: KDM berkelas dan ini pandai berkelit,2026-06-02 19:27:35,0,0
Y29tbWVudDoxMDI0ODU2NTIzMjI4ODQyXzI0ODg3MjQ3OTE1ODg0OTQ=,Cahyu Lov Lovelove Cul,100006392704062,Boikot aja tuuu tololll kt bayar pajakkk looo yg lebokkk,2026-06-02 18:29:29,0,0
Y29tbWVudDoxMDI0ODU2NTIzMjI4ODQyXzEzMzM4MDc4Mzg4MTUwNTI=,Tomy J Pissa,61567603688075,Simoyetttt,2026-06-02 18:27:08,0,0
Y29tbWVudDoxMDI0ODU2NTIzMjI4ODQyXzI2MTA2MjQ3OTQ5MDUyMzE2,Mustofa Handarexa,100090972512280,heemm... gubernur gk ada guna,2026-06-02 18:17:28,0,0
Y29tbWVudDoxMDI0ODU2NTIzMjI4ODQyXzE3NjQzNjAwMjgwNTkxNzQ=,Saktinya Darman Sakti,100013657026816,Gubernur pekok,2026-06-02 17:29:28,0,0
Y29tbWVudDoxMDI0ODU2NTIzMjI4ODQyXzE4MDg4NzE1MzcxNTM2ODA=,Dewi Dewi,100034536437198,mendengar dari ucapan  lutfi..seperti orang yg baru keluar dari rumah sakit jiwa..,2026-06-02 16:04:39,0,0
Y29tbWVudDoxMDI0ODU2NTIzMjI4ODQyXzE3MjA4ODcwODkxNjA1MzQ=,Dafka Kaunang,100036890061625,Ini gubernur yg pernah nyinyir bapak aing...selamat siang gaiyssssshh....ripuh boga gubernur Kitu mah....,2026-06-02 15:45:56,0,0
Y29tbWVudDoxMDI0ODU2NTIzMjI4ODQyXzM1MjYwNzQzMjA4ODYwMjA=,Kusmawati,100051212982315,Gubenure kakean omong,2026-06-02 15:00:38,0,0
Y29tbWVudDoxMDI0ODU2NTIzMjI4ODQyXzQ0NDU4ODAwMzg5ODc4NTg=,Suwarno,100061052675940,😂😂😂jalan desa gk berguna tapi klo pilgub napa sampek kedesa artinya wong ndeso kui ors ono gunane klo ada pulpres pilgub wong deso tiada arti bahkan ora bayar pajak itu sah sah wae berarti  pemimpen ora perlu wong deso sebaleke wong deso yo ora butuh pemimpen ngono lor pie pie tetep KDM,2026-06-02 11:11:02,0,0
Y29tbWVudDoxMDI0ODU2NTIzMjI4ODQyXzE2NjcwODY3MzEyMjEyMTM=,Narco Weesprog Cemplon,100004569602273,Masyarakat gak butuh ocehanmu.yg mereka butuhkan bukti dan nyatanya.gak usah banyak bacot.,2026-06-02 10:37:19,0,0
Y29tbWVudDoxMDI0ODU2NTIzMjI4ODQyXzM3MjQ1ODEzOTQzNjA0OTQ=,Wan Jiro Jiro,100006741517308,"Gub,Jateng emang beda sendiri 😂😂😂",2026-06-02 10:10:36,0,0
Y29tbWVudDoxMDI0ODU2NTIzMjI4ODQyXzE5Mzk5NDM1MzMzMjU5NTQ=,Ibas Basit,100010269215564,"Saya yakin warga Jateng coblos lutpi karna ada wakilnya, Gus Yasin",2026-06-02 09:34:14,0,0
Y29tbWVudDoxMDI0ODU2NTIzMjI4ODQyXzg1MDY2NDg4ODA5NDE4Mw==,Yansyah Herdy,100000476626746,Koplak ya ko omongan nya begini,2026-06-02 09:06:40,0,0
Y29tbWVudDoxMDI0ODU2NTIzMjI4ODQyXzEwMDU3ODY5Mjg2OTYyOTI=,Amran Fauzi,100010034583912,Untung nyong wis dadi warga Jawa Barat.... Masarakate bapak aing 🤲🤲,2026-06-02 07:43:13,0,0
Y29tbWVudDoxMDI0ODU2NTIzMjI4ODQyXzE5ODQ3NTM5Njg4MTI0NjA=,Gayan Daris,100090711922407,Sedeng si lufi mah,2026-06-02 19:29:04,0,0
Y29tbWVudDoxMDI0ODU2NTIzMjI4ODQyXzEwMTI5MDc3ODExMzc4MDQ=,Ali Maskuri,100055480309444,Gubernur koplak,2026-06-02 19:25:42,0,0
Y29tbWVudDoxMDI0ODU2NTIzMjI4ODQyXzQ0NTMyNjc2NzE2MjgyNTE=,Dioel Gojrot,100095321299658,"Aneeehhh,pejabat gilaaa",2026-06-02 17:02:02,0,0
Y29tbWVudDoxMDI0ODU2NTIzMjI4ODQyXzE0MDExMjA5MDUyOTk0NTE=,Bang Monel,61579675573613,Pak Lutfi km jauuuuuuh SM KDM yg. Bela rakyat,2026-06-02 08:02:46,0,0
Y29tbWVudDoxMDI0ODU2NTIzMjI4ODQyXzE5Mjc5OTA0NjQ1MzM2Mzg=,Andi,100067514335719,Jlnnya di tambal aj,2026-06-02 19:29:44,0,0
Y29tbWVudDoxMDI0ODU2NTIzMjI4ODQyXzg1NDA5Nzk3MzkxMzYwNw==,Awan Setiawan,100000456661119,Ini kantornya diruanagan saja ...coba kantornya di seluruh wilayah jateng .....,2026-06-02 19:22:09,0,0
Y29tbWVudDoxMDI0ODU2NTIzMjI4ODQyXzE4NjI5MDMxNjEzNDQzMjY=,Kis Wanto,100073105883753,Gubernur.. Pekok,2026-06-02 09:06:19,0,0
Y29tbWVudDoxMDI0ODU2NTIzMjI4ODQyXzEzMDk3ODIwNjQ2Mzc5NzU=,Citrek Abimanyu,100008841252409,HO HO BOS HO .. KOWE PANTES DADI GEBURNER JATENG !! GENTENI KAE SING CANGKEMAN .. BAB DALAN WE DADI CANGKEMAN .. WONG LE BANGGUNG YO GO DUWET TE RAKYAT .. OOO DASAR CANGKEM WEDOK !!😂🤣🤣😂😂🔥🔥,2026-06-02 11:41:46,0,0
Y29tbWVudDoxMDI0ODU2NTIzMjI4ODQyXzIwODUxMDg1NDkwMjM3MzU=,Andri Nurjani,100003606521943,Gubernur tolol kok masih menjabat aja,2026-06-02 16:07:04,0,0
Y29tbWVudDoxMDI0ODU2NTIzMjI4ODQyXzI4NDUyODk1NTI1MDY5NDQ=,Alek Alek,61550258949969,"Kakimu itu 
... Bilang masarakat GK ada yg tau kalau GK ada masarakat kamu pun GK ada gaji emang gajimu siapa yg bayar kalu bukan masarakat",2026-06-03 04:32:34,0,0
Y29tbWVudDoxMDI0ODU2NTIzMjI4ODQyXzE1Nzg0MDg2NDcyMzc4Nzg=,Budie Indra,100000813955986,Nasip dpat gubunur kayak gini,2026-06-02 13:27:51,0,0
Y29tbWVudDoxMDI0ODU2NTIzMjI4ODQyXzk3MTE5NzM2OTAxNDc3Nw==,Hakim,100090125225492,Gubernur  pekok  ki,2026-06-02 13:25:01,0,0
Y29tbWVudDoxMDI0ODU2NTIzMjI4ODQyXzIwMTQ3NDIzMDk0MzcwMzc=,Gavin Oxtaviant,61574666771114,😂siapa yg mau orang in silahkn😂😂,2026-06-02 10:19:53,0,0
Y29tbWVudDoxMDI0ODU2NTIzMjI4ODQyXzIwMDE4NDExMzA0MzEwMjU=,Memen Cenah,100043969099351,Wong Jateng Terimoae gadah bubernur kados geh Nuku wontene,2026-06-02 09:40:04,0,0
Y29tbWVudDoxMDI0ODU2NTIzMjI4ODQyXzIwNzA5Mjk3MzM0ODg3NTI=,Kancra Bang Bou,100064012341303,Tai tai tai,2026-06-02 08:43:59,0,0
Y29tbWVudDoxMDI0ODU2NTIzMjI4ODQyXzE1NTI0Njc2ODk5MzUzMjQ=,Ncep Cepii,100068621262186,Harus musawarah gk bisa satset😂😂😂 solnya danaa sayang buat dikliarin😭,2026-06-02 08:39:19,0,0
Y29tbWVudDoxMDI0ODU2NTIzMjI4ODQyXzE0OTk1MjAzMjUxNDkxNzY=,Mass Pitott,61584733773955,Taekkkkkkk luttt,2026-06-03 06:27:39,0,0
Y29tbWVudDoxMDI0ODU2NTIzMjI4ODQyXzE0MzUxMjY0Mjg2NTUwMDg=,Abdul Muthalib,100001427925066,Keliatan dari muka,2026-06-03 05:33:17,0,0
Y29tbWVudDoxMDI0ODU2NTIzMjI4ODQyXzEwMzU5MjQwMTg3NjcyMTE=,Roda Bocor,100036677510055,Ini pasien pak purnomo lepas,2026-06-03 05:27:23,0,0
Y29tbWVudDoxMDI0ODU2NTIzMjI4ODQyXzI0MjQ3NTA5MDEzNjQ0NTA=,Andriant Mahardika,100066685353306,Gilaaa,2026-06-03 01:49:24,0,0
Y29tbWVudDoxMDI0ODU2NTIzMjI4ODQyXzk2NjI0NTg0Mjk4MzM5Mw==,Gita Safira,100091584676287,Udah lah jandi bandingin toh jelas banget kaya langit dan bumi jauh sekali 😂,2026-06-02 21:58:44,0,0
Y29tbWVudDoxMDI0ODU2NTIzMjI4ODQyXzIzOTYwMTI5NTQyMzk2NDE=,Langlang Jagat,100046802170780,Otak..dangkal..yang gituan mah,2026-06-02 20:51:56,0,0
Y29tbWVudDoxMDI0ODU2NTIzMjI4ODQyXzEwNDIyNDQ4MjQ5MDA5NzA=,Nanung Suhendar,61587708867711,Gub jateng ga becus kerja . Ngomong doang  tapi ga di jlnkan,2026-06-02 19:54:18,0,0
Y29tbWVudDoxMDI0ODU2NTIzMjI4ODQyXzI3NTE2MDA0ODg1NDcxMDI=,Pitri Pipit,100082095123552,Beda jauh euy Jeung bapa aing cara pikir y,2026-06-02 19:52:59,0,0
Y29tbWVudDoxMDI0ODU2NTIzMjI4ODQyXzk3Nzg5MDY1MTc5MDYyNA==,Flowerhorn Pantura,100014113926036,"Saya yakin,,
Jalan ke neraka pun akan di persulit,,
Apalagi ke surga",2026-06-02 19:43:47,0,0
Y29tbWVudDoxMDI0ODU2NTIzMjI4ODQyXzEzOTAxNDI4Mjk1NTYwOTk=,Heri Priana,100014363287519,Hello gesss... Pakkk,2026-06-02 17:20:41,0,0
Y29tbWVudDoxMDI0ODU2NTIzMjI4ODQyXzE2Mzc3Nzc3ODc1MDAwMTE=,Paijo,100071106327320,Eleng jaman kpaye ngemis Iki Lo sifat gub Jateng wes ketok asli ne tingal nunggu karma mu,2026-06-02 16:42:31,0,0
Y29tbWVudDoxMDI0ODU2NTIzMjI4ODQyXzIwNTM5NTM5ODg4MTIwMTc=,Teguh Aroh,100036048141721,Agak lain gubernur Jateng 🤣🤣mmbngun Jln yg rusak dibilang GK ada mnpaat nya kan kocak,2026-06-02 16:16:33,0,0
Y29tbWVudDoxMDI0ODU2NTIzMjI4ODQyXzE2OTkyMzcxNzQ2MDQ2NDA=,Mmin Amin,61561071883917,Hahaha ini kualitas gubernur Jawa Tengah seperti ini,2026-06-02 15:32:26,0,0
Y29tbWVudDoxMDI0ODU2NTIzMjI4ODQyXzE2MzgyMjcwOTQxMTg1ODk=,Aman E,100014940646145,"Jadi pemimpin sama rakyat ko pilih pilih. 
Semua jalan itu menyambung dari jalan petani ke jalan kota. Kocak",2026-06-02 15:05:11,0,0
Y29tbWVudDoxMDI0ODU2NTIzMjI4ODQyXzE3MjQ4MjA2NjIxOTY2MDU=,Yuda Pratama Abdallah,100092357042860,Kebanyakan ngmg org mah langsung bnrn bukan ngmg doang,2026-06-02 14:49:16,0,0
Y29tbWVudDoxMDI0ODU2NTIzMjI4ODQyXzIxOTQ2MDMyMTEzMjk5NjA=,Sanjaya Sanjay,100004822749355,Gubernur kocak lufli masa jalanan aja timbang pilih wkwkw untung bukan gubernur ane hahah,2026-06-02 09:54:37,0,0
Y29tbWVudDoxMDI0ODU2NTIzMjI4ODQyXzE2MzA0NTY3ODQ5MjE1NjA=,Fajar,100040809728896,Demo salah satu solusi ga kira2,2026-06-02 09:20:38,0,0
Y29tbWVudDoxMDI0ODU2NTIzMjI4ODQyXzE1NDE4Mzc5NzA2MjM1MzI=,Gans Gans,100057380312737,Kompak jateng jgn pada byr pajak,2026-06-02 08:34:56,0,0
Y29tbWVudDoxMDI0ODU2NTIzMjI4ODQyXzEwMDk2NjUxMDgxODU4MjU=,Ardians,100043084524291,Sedih banget rakyat yg gubernur nya dia,2026-06-02 07:53:03,0,0
Y29tbWVudDoxMDI0ODU2NTIzMjI4ODQyXzEwMTI0MDczMzc4NDEyNzA=,Abha Uje,100052866761377,Gubernur bego kg ksian pada rakyat nya,2026-06-02 07:09:38,0,0
Y29tbWVudDoxMDI0ODU2NTIzMjI4ODQyXzIwMDY0OTY5NTY2NTA2MDI=,Zaenal Hendra Putra,100073892258241,Kok ad bahlil,2026-06-02 07:04:30,0,0
Y29tbWVudDoxMDI0ODU2NTIzMjI4ODQyXzE1Mzc1NTcwOTEwNzQzODM=,Dalvanerzhan Ruhdiana,61550933867551,"Setiap kepala pasti akan berbeda konser dan program nya,",2026-06-02 20:37:16,0,0
Y29tbWVudDoxMDI0ODU2NTIzMjI4ODQyXzE2NTY4NzY3MjU1NDkwNzM=,Putra Bragazta,100006764263941,"Pulah pilih jalan, spr partai.",2026-06-02 16:58:59,0,0
Y29tbWVudDoxMDI0ODU2NTIzMjI4ODQyXzE2NjMwMzU5NzQ3ODQzNTg=,Bubun Widya,100027053411975,"Anjirrr geregettt amat ya dengernya ,,tolol amat ya masa jln ga ada gunanya,,org aneh ini mah",2026-06-02 12:23:02,0,0
Y29tbWVudDoxMDI0ODU2NTIzMjI4ODQyXzE1MzA1NjIwODIxOTE5NjQ=,Joko Prasetyo,100013707065515,"Jawaban yg ngak ngak di pikir dulu, mana da jalan yg tidak Bermanfaat  pak pk",2026-06-03 12:02:53,0,0
Y29tbWVudDoxMDI0ODU2NTIzMjI4ODQyXzI1MjI5MDIzOTE1MTkzMzc=,Symphonyx Symphonyx,100065421754110,gambaran kalo negara di pimpin lagi sama turunan londo ireng.,2026-06-02 22:09:27,0,0
Y29tbWVudDoxMDI0ODU2NTIzMjI4ODQyXzEwMTU0ODA4MDgwODcwOTA=,An'am Ahmad Azizi,100006322242445,"Knp la kln pilih ni orang,,,, isi kepalanya kebnyakan taik",2026-06-02 20:57:10,0,0
Y29tbWVudDoxMDI0ODU2NTIzMjI4ODQyXzM1MjAwMDA2MDQ4MzUwNzA=,Hady Pangestu,100006394007491,"ape ngomong Karo wong nek wes gak sefrekuensi kui angel ... 😂
Reti lagu slenco pora Yo wes podo😂",2026-06-02 20:25:51,0,0
Y29tbWVudDoxMDI0ODU2NTIzMjI4ODQyXzEzMTIyOTMxNjA4Nzk1NTI=,Ombet,100007729421359,Ora danta,2026-06-02 20:06:10,0,0
Y29tbWVudDoxMDI0ODU2NTIzMjI4ODQyXzIyMjkyOTIwMTc4NzQzMzk=,Bagong Crewsex,100078882635434,"gunane bayar pajek gae opo lek dalane seh elek ??
gubernur kontolllll",2026-06-02 19:44:49,0,0
Y29tbWVudDoxMDI0ODU2NTIzMjI4ODQyXzI3NTg1NTA0MzQ3NzE0MjEx,Oman Kdp,100092723026579,Parah klw gubernur kaya bgini,2026-06-02 19:43:33,0,0
Y29tbWVudDoxMDI0ODU2NTIzMjI4ODQyXzE1NDU1NDEwNTM5NzQ2MTI=,Aswaja Aswaja,61557216565872,"Gnti gubrnurnya saja, Jateng pling cocok dipimpin olh kades Hoho , psti misinya sama Kya KDM",2026-06-02 11:04:37,0,0
Y29tbWVudDoxMDI0ODU2NTIzMjI4ODQyXzE0Njc0NzY4NTQ2Nzk1MTk=,Mamad Buto Ireng,100004065991058,Tai,2026-06-02 10:47:12,0,0
Y29tbWVudDoxMDI0ODU2NTIzMjI4ODQyXzEwMDEyMzI4MTk1MTE1MDk=,Mas Feyy Bae,100053087989115,"Nyesel dadi wong Jateng, gubernure Kya kie,, uteke bosokk",2026-06-02 08:23:27,0,0
Y29tbWVudDoxMDI0ODU2NTIzMjI4ODQyXzEzMTQ1MjA1NTA2NTUxNTI=,Enjhank Maulana Frayoga,100003826341928,NyeseL kaN PiLiH dia,2026-06-02 06:48:09,0,0
Y29tbWVudDoxMDI0ODU2NTIzMjI4ODQyXzQwNDY0NjcwMTIzMjk0OTQ=,Jagat Satria,100003197155361,KDM pasti geleng² kepala melihat  ini wkwkwk,2026-06-03 10:21:31,0,0
Y29tbWVudDoxMDI0ODU2NTIzMjI4ODQyXzgyNzY1NzI0MzQ4MjA2MA==,Bagus,100011418766225,wkwkwkwk😂😂sumpah keliatan banget ni orang gobloknya😂😂ko bisa Jateng punya gubernur bodoh kaya gtu😂😂,2026-06-02 21:17:58,0,0
Y29tbWVudDoxMDI0ODU2NTIzMjI4ODQyXzEzNzQ0MzkzMDQ1MTgzODQ=,Moon Arie,61554826022760,Gubernur dobooolll😂😂😂,2026-06-02 19:59:42,0,0
Y29tbWVudDoxMDI0ODU2NTIzMjI4ODQyXzEwMzA1MDgzNDMwMDMzMTA=,Yudha Pratama,100050868966283,gubernur koplak,2026-06-02 18:33:53,0,0
Y29tbWVudDoxMDI0ODU2NTIzMjI4ODQyXzI2ODQ4NDk1MTk0ODIzMTM5,Ubed Gurilem,61551072910260,"Mau mengkritik pedas TAKUT rakyat jawa tengah kesinggung dan marah.

Namun saya hanya bisa mendoakan semoga jalan jalan di jateng bisa lebih bagus..",2026-06-02 16:38:45,0,0
Y29tbWVudDoxMDI0ODU2NTIzMjI4ODQyXzEwMDQ2Nzc4NTg3MzE4MzU=,Rohmat Bekasi,100009929611758,"Bilang aja 
Takut g kbagian",2026-06-02 14:45:27,0,0
Y29tbWVudDoxMDI0ODU2NTIzMjI4ODQyXzM0ODAzMTA1NzIxMzQzNTc=,Hendi Wiguna,100073289289005,Yng magpaat anggaran nyh lu korupsi ea,2026-06-02 13:08:44,0,0
Y29tbWVudDoxMDI0ODU2NTIzMjI4ODQyXzI2OTUyMDk5NTQxMTI4NzM4,Ato Orlando,100000333518366,"Kayanya yg milih pemimpinnya nyesel deh, masa jalan bagus ga bermanfaat",2026-06-02 07:44:01,0,0
Y29tbWVudDoxMDI0ODU2NTIzMjI4ODQyXzEyODQyNzQ1NDM2ODg0MDA=,Sugi,61556441913770,"Lha jalan kabupaten wae kue rareti koq yu....yu,jan ora usah Takon nek Jeh bingung",2026-06-02 07:16:03,0,0
Y29tbWVudDoxMDI0ODU2NTIzMjI4ODQyXzk3MDI4NzA1OTE1MDMwNQ==,Iki Sopo,100004058325175,"Di jabar konsepnya gk gitu pak gub lutfi. 
Pajak kendaraan ya buat jalan. Gk pila²... Apakah itu jalan buat pertumbuhan ekonomi atau apalah... 
Yg pnting jlan provinsi mulusnya mningkat. Dan anda sebagai gubernur. Yah harus mendorong bupatinya buat memuluskan jalan kabupaten. Klau apbdnya kabpaten gk cukup bantulah dikit² buat memuluskan jalan.... 
Masak iya HIBAH trlyunan buat ormas Sanggup. Tapi memuluskan jalan syulit🤣🤣",2026-06-02 19:23:03,0,0
Y29tbWVudDoxMDI0ODU2NTIzMjI4ODQyXzIzODM3MTMzNDg3Njc4MTc=,Hero Tinam,100013553618905,🤣🤣🤣🤣ngomong OPO iku pejabat kok bangun jalan gak Ono manfaat te sopo sing milih iku🤣🤣🤣🤣,2026-06-02 05:48:18,0,0
Y29tbWVudDoxMDI0ODU2NTIzMjI4ODQyXzEwMzMzNDMwMzU4OTk1OTk=,Asep Galih,61577936679071,Tolol banyak mangpaat,2026-06-02 18:47:18,0,0
Y29tbWVudDoxMDI0ODU2NTIzMjI4ODQyXzE3MTk2NzIzOTkxODU3Nzk=,Edi Santosa,61581888864059,Gurbenur goblog,2026-06-02 18:04:13,0,0
Y29tbWVudDoxMDI0ODU2NTIzMjI4ODQyXzE2Njk3NDQ1MTc1NzQ3Nzg=,Burhan Raditya,61581364341523,Ekonomi tumbuh dr pangan masarakat .... Seminar 1taun taun pengecekan 1taun wacana 1taun hhahahah pak pak pajak masarakat harus kembali ke masarakat bukan ke kantong pribadi😁😁😁🤣🤣🤣,2026-06-02 06:18:38,0,0
Y29tbWVudDoxMDI0ODU2NTIzMjI4ODQyXzEwMDA1NTEyNTI0OTIzNDA=,Bagus Pribadi,100052637269607,Sungguh sangat jauh berbeda,2026-06-02 19:27:12,0,0
Y29tbWVudDoxMDI0ODU2NTIzMjI4ODQyXzIxOTUwOTE1Mjc5NTU2NTM=,Tomi Sinatria,100075715226604,Adik nya Wowo ngeyel wae,2026-06-02 06:57:06,0,0
Y29tbWVudDoxMDI0ODU2NTIzMjI4ODQyXzIxMDkxOTQ0ODk5MzczMDc=,Kaka,100078927752344,Wah klo pemingpin n kaya gini parah,2026-06-02 21:25:06,0,0
Y29tbWVudDoxMDI0ODU2NTIzMjI4ODQyXzE3NzQyMzAyOTM5NTEwMjM=,Ma Mang Jae,100018281821833,Haha aku aja orang jawabarat tertawa  maaf itu gubernur ko aneh kawab nya .,2026-06-02 21:13:37,0,0
Y29tbWVudDoxMDI0ODU2NTIzMjI4ODQyXzEwMTAzNjgzMTQ3MjQ2NjE=,Galuh Galuh,100084103750993,😂😂😂bilang aja lu belum kayaraya😂😂😂,2026-06-02 20:18:50,0,0
Y29tbWVudDoxMDI0ODU2NTIzMjI4ODQyXzEwMTQ5MjY3NjQzMDgzNjI=,Arahmat Fauzi Rahman,100004842786389,Gubenur koplxxxxkkkkk kalo yg ini,2026-06-02 18:24:26,0,0
Y29tbWVudDoxMDI0ODU2NTIzMjI4ODQyXzE3NjkwNzE0MTczOTIyMzE=,Andi's Printer,100012100398746,Bagusan KDM,2026-06-02 15:32:47,0,0
Y29tbWVudDoxMDI0ODU2NTIzMjI4ODQyXzE5NjI2MDY2MTc3NTc3Njg=,Gebby Ranna,61561121948572,Sebenarnya orang ODGJ jadi gubernur Jateng pikiran gak punya otak,2026-06-02 15:28:19,0,0
Y29tbWVudDoxMDI0ODU2NTIzMjI4ODQyXzEyNTQwNTQzOTY1ODIwNDU=,Hamzah ZLag,100002648499541,ada gubernul pilih kasih yah aneh anj 🤣🤣🤣,2026-06-02 10:18:29,0,0
Y29tbWVudDoxMDI0ODU2NTIzMjI4ODQyXzI5MDI4Njc0MzY3MjYzMjQ=,Jaenal Ade,61563460361011,Pantesan warga Cilacap duung BPK aing jadi persiden,2026-06-02 09:35:03,0,0
Y29tbWVudDoxMDI0ODU2NTIzMjI4ODQyXzE1NDE1Nzk3MTA2NDg3MTM=,Agus Suci,100089645426347,Gubernur tambal,2026-06-02 07:13:18,0,0
Y29tbWVudDoxMDI0ODU2NTIzMjI4ODQyXzIyMzQ2MjY0MTM5NDI1NTY=,Mull Aje Ok,100082060301760,Stop jgn debat biar adil saya cor semua dari mulai sawah ladang kebun Empang dan lain lain biar kalian ga ribut melulu😁😁😁,2026-06-02 06:54:35,0,0
Y29tbWVudDoxMDI0ODU2NTIzMjI4ODQyXzIyNDY0NTYyMTk0NjMwNTA=,Bang Cepi,100076889145346,Gblg gk sih,2026-06-02 05:27:50,0,0
Y29tbWVudDoxMDI0ODU2NTIzMjI4ODQyXzE3MTI1MDUzMTY3MDcyMzU=,Nur Asim,61577112908008,"Gubernur pekok, kunyuk PA",2026-06-02 19:55:58,0,0
Y29tbWVudDoxMDI0ODU2NTIzMjI4ODQyXzEwMDcwMjA2NjE3NDA5NTU=,Kurniawansenoupet Kurniawan Kurniawansenoupet,100076540943084,"Heh cangcuter jalan mu di kampung mu di plosok
Tetep haarus si perbaiki jalannya kan itu uang pajak mereka gmna",2026-06-02 11:37:37,0,0
Y29tbWVudDoxMDI0ODU2NTIzMjI4ODQyXzk4NDE3MjY0MDk4OTAyOQ==,Delon,100040942992430,Mantan polisi kok di pilihh yo tolol 🤣,2026-06-02 16:56:56,0,0
Y29tbWVudDoxMDI0ODU2NTIzMjI4ODQyXzEzNzQxMjkzNzc5ODQwMjE=,Syamsudin Hidayat,100008552768419,Beda kelas....,2026-06-02 16:19:55,0,0
Y29tbWVudDoxMDI0ODU2NTIzMjI4ODQyXzE2MTY2Mjc0NjI3NjM2ODA=,Berkah Teknik,61555299043334,Parah ko bisa jadi pejabat,2026-06-02 11:14:19,0,0
Y29tbWVudDoxMDI0ODU2NTIzMjI4ODQyXzIwMTI0Njk2NTYzMjQzNzg=,Sam Wiji,61576165884861,😂KDM top,2026-06-02 10:27:39,0,0
Y29tbWVudDoxMDI0ODU2NTIzMjI4ODQyXzE1MTU3OTQyMjMyNTMzMzY=,Atang Alwi,61553817397666,"Kalau kata pengacara mh, gubenur omdo tepat kali itu,kalau sama KDM nggak  pantas di sebut gebernur omdo mh.",2026-06-02 07:28:54,0,0
Y29tbWVudDoxMDI0ODU2NTIzMjI4ODQyXzE1MTkyODQyNTMyNTg4NDI=,Ariep Pratama Putra,100000426180441,Orang terbaik di jawa tengah.wajib mimpin jateng sampe mati,2026-06-02 16:11:42,0,0
Y29tbWVudDoxMDI0ODU2NTIzMjI4ODQyXzE1ODY1ODY4MzI0Mzg2NDI=,Dhuda Bherkelana,61565251362024,Banyak bacot lo masak jalan ga ad manpaat nya. Org se Indonesia  sakit hati dengar perkataan mu.,2026-06-02 15:16:17,0,0
Y29tbWVudDoxMDI0ODU2NTIzMjI4ODQyXzE3MjE1NzY1MzIzMDk2MDA=,اياه امناه,100050137208378,Iki tandane wong pinter tapi ora ngerti neng masyarakate,2026-06-02 13:26:21,0,0
Y29tbWVudDoxMDI0ODU2NTIzMjI4ODQyXzE3MjMzNDgyMDU1MjQ0MTM=,Fardino,100088891944406,Gombal  fiii lutfiiii,2026-06-02 11:11:22,0,0
Y29tbWVudDoxMDI0ODU2NTIzMjI4ODQyXzk5OTYyNTgyNjA1MTI4NA==,Ramadani,100089959263106,Paksa turun aja .. masyarakat kok cuma tinggal diam lihat gubernur tolol begini..nggeh,2026-06-02 06:16:42,0,0
Y29tbWVudDoxMDI0ODU2NTIzMjI4ODQyXzI3MTU4MDc5NzEzODc1NjQ0,Natan,100093849095012,ni hyg nga btep,2026-06-02 20:50:32,0,0
Y29tbWVudDoxMDI0ODU2NTIzMjI4ODQyXzI4NTU2MDczNjQ3NzkwNjE=,Ciwonk Pajampangan,61583505723875,Otak senglekk..anying pejabat tololl di pilihh,2026-06-02 13:41:12,0,0
Y29tbWVudDoxMDI0ODU2NTIzMjI4ODQyXzEwMTgyMjM1MzA3NjM2NDE=,Juanda julie,61581842802947,"Gubernur ko koplak ya katanya jalan ga ada manfaatnya inikan gubernur koplak semua jalan ada manfaat pa mu jalan kabupaten jalan desa jalan kota ada manfaat nya 
Yang ada di pikiran nya uang dan uang terus masuk kantong nya ya",2026-06-02 13:24:34,0,0
Y29tbWVudDoxMDI0ODU2NTIzMjI4ODQyXzIxMTgwNTY4MTU3ODUwNjE=,Nababan Putra,61587788671147,"Wis... Wis.. Pemikiran samoean dangkal tenan, pak gub. Percuma dadi gubernur jateng, cangkemmu... Pak... Pak...",2026-06-02 10:22:04,0,0
Y29tbWVudDoxMDI0ODU2NTIzMjI4ODQyXzgyMjA5NzAzNDA3NTk4NQ==,Ayu Gordyn,100028584196854,Kalo di pake jalan nanti dompetnya ga mulus jadi jalan mah ga ada gunanya yang penting jalan masuk dompet yang mulus,2026-06-02 14:20:27,0,0
Y29tbWVudDoxMDI0ODU2NTIzMjI4ODQyXzEwMjQ0MDI3MTM2MDc0NTg=,Ujangwahyudi Wahyudi,61585349699514,Jauh bnget klo di bandingkan sm kdm . Klo kdm gercep,2026-06-02 07:12:17,0,0
Y29tbWVudDoxMDI0ODU2NTIzMjI4ODQyXzEwNTIyMzExNDM4MTAzMjQ=,Boyka,61552249036251,"Kdm tidak perlu ada rapat ,datang langsung jadi solusi langsung dijalan kan ,beda Ama yang Laen udah rapat gak ada manfaat nya gak dijalankan lagi ,",2026-06-03 07:35:11,0,0
Y29tbWVudDoxMDI0ODU2NTIzMjI4ODQyXzk2MTI1Nzk1Njc0NDgxMw==,Roh Adi,100091445622286,Gubernor pye iku jalll,2026-06-02 22:01:10,0,0
Y29tbWVudDoxMDI0ODU2NTIzMjI4ODQyXzIyMjQyNjY4NzUwNDMyNDA=,Kang Duren,100003154692840,Ternyata tololl,2026-06-02 21:08:31,0,0
Y29tbWVudDoxMDI0ODU2NTIzMjI4ODQyXzk1MjkyOTY0NzgwNjE0MQ==,Mul Yadi Day,100002635771931,Kasih ludah manusia Kya gtu d pilih ... Sampah makan gajih buta,2026-06-02 20:38:55,0,0
Y29tbWVudDoxMDI0ODU2NTIzMjI4ODQyXzM1NzY5NjA2ODkxMjE1OTI=,Aldy Gaskind,100009500232706,Begini kalo bupati nya goblok ancur,2026-06-02 17:42:42,0,0
Y29tbWVudDoxMDI0ODU2NTIzMjI4ODQyXzE0OTU2NzA5NjU5MDI5NTE=,Afrizal,100000844472787,Gubernur gendeng,2026-06-02 16:46:09,0,0
Y29tbWVudDoxMDI0ODU2NTIzMjI4ODQyXzIwOTYxMjIzNTA5NTIxOTg=,Andi Doank,100046668463990,Gubernur banyak omong,2026-06-02 06:56:47,0,0
Y29tbWVudDoxMDI0ODU2NTIzMjI4ODQyXzEzNTg0NTE4MjI4MjI4NTg=,Mulyadi Mulyadi,100043668213046,Inii Lah sejarah tanah Berdiri ada nya propinsi Gubenur PaLing Edan. Setanah Jawa.. ..,2026-06-02 15:17:00,0,0
Y29tbWVudDoxMDI0ODU2NTIzMjI4ODQyXzE1Mjk1NzcxOTIwOTIwMTE=,Tyo,100047915018313,"gubernur opo iki?! ngunu kugh yow dadi, yow onok sing milih sisan......paling gara"" uang amplop wkkkkk",2026-06-02 20:35:42,0,0
Y29tbWVudDoxMDI0ODU2NTIzMjI4ODQyXzE3MDY0MjA0MTA0ODc5MjE=,Yustinus Andriwanto,100012534916864,Gub paling goblokkkk,2026-06-02 19:48:42,0,0
Y29tbWVudDoxMDI0ODU2NTIzMjI4ODQyXzE3MjMxNTc4NjIwMTI5MTI=,Rujianto Sihombing,61572131942931,Gubernur tai,2026-06-02 07:57:32,0,0
Y29tbWVudDoxMDI0ODU2NTIzMjI4ODQyXzExOTE4NDI1NDk2ODAxODM=,Abas Omen,61576766934255,"Yang milih kan kalian,,,,ya terima saja,,,,",2026-06-02 13:40:45,0,0
Y29tbWVudDoxMDI0ODU2NTIzMjI4ODQyXzgzMTk5MjM2OTY1ODEyMQ==,Gebby Ranna,61558661773620,Gubernur ODGJ lufti Jateng,2026-06-02 19:37:04,0,0
Y29tbWVudDoxMDI0ODU2NTIzMjI4ODQyXzQ0MTYwNjk5NTUzOTAzMzA=,Parmin,100009376910963,Cangkeman,2026-06-02 16:43:50,0,0
Y29tbWVudDoxMDI0ODU2NTIzMjI4ODQyXzEwMTg2MzUxNzExMjE4NjQ=,Betmen Kasarung,100012776760176,Hayang makmur Indonesian mah pejabat na kudu orang Sunda hungkuL😁,2026-06-02 15:50:57,0,0
Y29tbWVudDoxMDI0ODU2NTIzMjI4ODQyXzE3NjI1MTY3OTE0MDA4NDI=,Dedi Adam Tanjung,100077552871622,berarti gubenur nya ngak pernah nge cek jalan,2026-06-02 08:48:24,0,0
Y29tbWVudDoxMDI0ODU2NTIzMjI4ODQyXzE2NzgzNDI1MDM1MDU2NDg=,Aldytukang Takik,61579409797995,Kacau,2026-06-02 22:07:56,0,0
Y29tbWVudDoxMDI0ODU2NTIzMjI4ODQyXzIwMDUzMTY5NTcwNDQwNzg=,Dylan,100002288458510,Org gak punya maalu ya gt...,2026-06-02 22:31:15,0,0
Y29tbWVudDoxMDI0ODU2NTIzMjI4ODQyXzI2MTUzNjU5OTE0MzA5ODEz,Selvie Ajjah,100007685388446,"Terlalu bnyk teori,,,bukti KLO GK pernah turun kelapangan...
😵😵😵",2026-06-02 20:23:23,0,0
Y29tbWVudDoxMDI0ODU2NTIzMjI4ODQyXzE2MTI3NTI0OTY0NjMyNDE=,Budai Vikink Gasolin,100013361804442,Buat warga jateng selama gub ny orang stres ga usah bayar pajak 🤣,2026-06-02 15:11:44,0,0
Y29tbWVudDoxMDI0ODU2NTIzMjI4ODQyXzIyMDA3MTIwNDQwOTQ1MjQ=,Bolo Ngaret,61571940234584,Pemimpin koyo jembut,2026-06-02 21:03:05,0,0
Y29tbWVudDoxMDI0ODU2NTIzMjI4ODQyXzk3NzI5MzkyNTI4OTY5Mw==,Alviansyah Rijal,100056686188137,Bilqng aja Klo duit nya di pke buat jalan ga Ada but kntong gubernur koplak.pke Tuh Cara pemikiran gubernur Jakbar.pmikiran nya kiss bos,2026-06-02 08:02:53,0,0
Y29tbWVudDoxMDI0ODU2NTIzMjI4ODQyXzk0MjU4MTI0MjA4MTEzMw==,Miko,100071062855113,"Lutfi gubernur pekok,,KLO nmnya jaln pasti ad manfaatnya",2026-06-03 14:38:35,0,0
Y29tbWVudDoxMDI0ODU2NTIzMjI4ODQyXzE3NzE5NDU5NTczMTA5MTI=,Novizd,100009322983931,"Yg paling mendukung perekonomian jalan raya.. eeehhh...o""on",2026-06-03 05:18:02,0,0
Y29tbWVudDoxMDI0ODU2NTIzMjI4ODQyXzk3MDUxMTY0NTc4NjI1OQ==,Rizky Barokah,100012662448225,DOBOL,2026-06-02 21:45:37,0,0
Y29tbWVudDoxMDI0ODU2NTIzMjI4ODQyXzI3MjE2ODk2Njc3OTkzODA2,Azril Apip Alfarizi,100093164827210,Yang ginian d jadiin gubenur ahnpada bego,2026-06-02 17:52:50,0,0
Y29tbWVudDoxMDI0ODU2NTIzMjI4ODQyXzEyNzc0NzgwNTA4MzMwNDg=,Wong Khentir,61576587227335,"Gue anak kelahiran Jateng tapi di Menit awal dah gue skip...! 
Jijik denger penjelasan soal jalan...!!!!!!!!!",2026-06-02 20:31:59,0,0
Y29tbWVudDoxMDI0ODU2NTIzMjI4ODQyXzEzNzAxNjE0NDgyODc0MzE=,Wawan Setiawan,100089243311224,Gub koplak,2026-06-02 18:26:20,0,0
Y29tbWVudDoxMDI0ODU2NTIzMjI4ODQyXzI2NDk3NzQ5NTg3NTA5NDM=,Suyono Maksum,61575579117857,Gubernur jancok ki ora waras blas edan gemblung mate sisan kwe.,2026-06-02 16:11:42,0,0
Y29tbWVudDoxMDI0ODU2NTIzMjI4ODQyXzE3MTU2NDcyNjMzOTIxOTA=,Khairun Nisa Kni,100003742190872,Gubernur pea jalan itu buat rakyat,2026-06-02 15:22:48,0,0
Y29tbWVudDoxMDI0ODU2NTIzMjI4ODQyXzI2OTI4MjExMjMzNTM4MzY2,Arman Abdul Ghani,698803747,Otak.korupsi!!! Sama yg di belakang,2026-06-02 10:30:16,0,0
Y29tbWVudDoxMDI0ODU2NTIzMjI4ODQyXzE4NDI3MDQwNTAyMzU2MzU=,Bayu Tri,61560955155415,"Ngedebrus gel,",2026-06-02 10:30:07,0,0
Y29tbWVudDoxMDI0ODU2NTIzMjI4ODQyXzk3NTc3NDQxMjEwMTM5MQ==,Rara Santang,61572376841840,Kmha sia we asnaip,2026-06-02 20:29:48,0,0
Y29tbWVudDoxMDI0ODU2NTIzMjI4ODQyXzI0NjIzMzIxNjc1NjU5ODQ=,Ifan Setiawan,61576066967278,😮😮😮😮Ngoten aja pak nyihir. Pinter banget gubernur nya lancarkan aja jalan keluarga mu biar rakyatnya tau bapak itu koruf nya ditutupi aja nanti meledak keluarganya,2026-06-02 19:37:21,0,0
Y29tbWVudDoxMDI0ODU2NTIzMjI4ODQyXzE3ODcxMzQxMTg3MzI0MzA=,Jarkasih Jr.,61584373498418,bingung mikirin nya kalau  di bilang jalan engga ada gunanya ya udah selesai,2026-06-02 19:16:39,0,0
Y29tbWVudDoxMDI0ODU2NTIzMjI4ODQyXzk3MTY0Nzc3NTg1ODIwNA==,Azis Azis,100048434914934,1 kata oon.gub ni,2026-06-02 16:31:34,0,0
Y29tbWVudDoxMDI0ODU2NTIzMjI4ODQyXzE3MDM4MDM1MDQyNjUzNzc=,Yusup Gemilang,61550116505904,Oon masih di pilih,2026-06-02 09:18:41,0,0
Y29tbWVudDoxMDI0ODU2NTIzMjI4ODQyXzI2NDA2NjE3NjY0NTY2NTA=,Irwan Aisan Indung,100010251723495,Salah  elu   yg  gt  dipilih,2026-06-02 07:10:49,0,0
Y29tbWVudDoxMDI0ODU2NTIzMjI4ODQyXzk3NTcwMjYxMTc2NzM2OQ==,Tanjung Adhe,100013265654537,Masyarakat jateng harus bangga punya gubenur begitu😂😂,2026-06-02 23:34:47,0,0
Y29tbWVudDoxMDI0ODU2NTIzMjI4ODQyXzEwNDI0MTk1MDg0NTgxNTE=,Mido Donk,61580044285892,"ngawor tenan cocote,bangun jalan kok nggak manfaat.berarti Lutfi nggak ono gunane,bayar pajak juga nggak ada gunanya.",2026-06-02 20:42:36,0,0
Y29tbWVudDoxMDI0ODU2NTIzMjI4ODQyXzEwMTI0MzUyODQ0ODg4NzI=,Mbah Kakung,61582966334146,iku seng di pikirke orak rakyate .,2026-06-02 19:48:22,0,0
Y29tbWVudDoxMDI0ODU2NTIzMjI4ODQyXzEzMTUwNDcxMTA3NTA3NTQ=,AasMeza Daf,100001802311626,Omonganya muter² gk ada yg bsa masuk diakal,2026-06-02 13:35:38,0,0
Y29tbWVudDoxMDI0ODU2NTIzMjI4ODQyXzM3Nzk0MTg1NTIyNTYwNzE=,Acil Bae,100094463705909,"Lucu kalau liat gubernur satu ini..semua jln pasti ada manfaatnya,JD klu g bisa dpt duit g akan d bangun... intinya mungkin klu duitnya kecil emoh",2026-06-02 10:20:23,0,0
Y29tbWVudDoxMDI0ODU2NTIzMjI4ODQyXzEzMTkyMTAxODI5NjE3MTM=,Dwi Prasetiyo Aji,100005754365179,Astaghfirullah nyengiti temen gaes walopun gak nyoblos ana warga Jateng 🫩,2026-06-02 20:21:21,0,0
Y29tbWVudDoxMDI0ODU2NTIzMjI4ODQyXzE2NzkzMTQzMDMzMDUzNzk=,Mang Uyu,100034500406752,"Rek tumbuh ekonomi kumaha mun jaln na acut
Yang di utamakan itu jln dulu.  ( akses utama )",2026-06-02 19:37:18,0,0
Y29tbWVudDoxMDI0ODU2NTIzMjI4ODQyXzE0Njk4NjE1NDQzNzU5OTE=,Acep Suparta,100011950680082,Mantap bapak Aing,2026-06-02 07:12:47,0,0
Y29tbWVudDoxMDI0ODU2NTIzMjI4ODQyXzE1NTczMjk0MzYxMjA2NzY=,Muhamad Syahril,100001030460005,Gubernur yg bijak.. Wajib 12 priode ini gubernur,2026-06-02 21:25:36,0,0
Y29tbWVudDoxMDI0ODU2NTIzMjI4ODQyXzEzMTk2NTU3NjMwNDgyODE=,Yung's Saka,100012494920355,Yang pantas disebut lambe turah ya ini...,2026-06-02 19:27:39,0,0
Y29tbWVudDoxMDI0ODU2NTIzMjI4ODQyXzE0NDIxNTE5OTQyNjE2OTE=,Yanz Babeh Na Dyan,100065304459146,"Biayaya bsar, emang pke duit lu 😂😂😂",2026-06-02 17:39:20,0,0
Y29tbWVudDoxMDI0ODU2NTIzMjI4ODQyXzE0NjM4ODA0OTgzNjc1ODg=,Pemanah Rasa,100014276105407,Gubernur omon2😂,2026-06-02 10:59:16,0,0
Y29tbWVudDoxMDI0ODU2NTIzMjI4ODQyXzE2Njk2MDE1NDQzNDc3NTI=,Irwan Iskandar,61557370522754,Wahhh ini mah bela diri gub teh,2026-06-02 07:15:08,0,0
Y29tbWVudDoxMDI0ODU2NTIzMjI4ODQyXzQ0NDc2ODY5ODg4NDk2MTY=,Yadi Iday,100063467530329,"Lucu"" ni gubernur",2026-06-02 18:46:06,0,0
Y29tbWVudDoxMDI0ODU2NTIzMjI4ODQyXzk0MDQ1ODc3MjM2OTA3Mg==,Eyang Anom,61559907166124,"🤣🤣🤣 pinter"" dongo",2026-06-02 20:08:10,0,0
Y29tbWVudDoxMDI0ODU2NTIzMjI4ODQyXzk4NjY3MzMzNDA5MTkxNw==,Andi Andi,100086640018113,"Bgn lah jln perlahan, selagi punya jabatan,, mudah"" jln, menuju surga lancar, bgt jg masyarakat jga jalan yg sdh bgs",2026-06-02 14:38:03,0,0
Y29tbWVudDoxMDI0ODU2NTIzMjI4ODQyXzEzMDUwMTg4MzE3NTkwMTU=,Yottaminna,61552831807334,Ciciye gubernure ora jelas temen sih gumun wong kaya kue koh dipilih Peh ora jelas blas,2026-06-02 05:26:37,0,0
Y29tbWVudDoxMDI0ODU2NTIzMjI4ODQyXzI0MDkyMTE2NDI4NzkxNzk=,Toto Adiyanto,61572664494480,Mantaf KDM,2026-06-02 22:03:03,0,0
Y29tbWVudDoxMDI0ODU2NTIzMjI4ODQyXzUyMDgyOTE3NTYxNjc0MTM=,Alex Peppy,61562869596062,Kalau gebenor tolol ya gitu. Semua jalan itu bermanfaat dan berguna bagi masyarakat,2026-06-02 21:36:02,0,0
Y29tbWVudDoxMDI0ODU2NTIzMjI4ODQyXzMxMDI5NTQ2MDk4OTY1MjU=,Asep Suryana,100008295170123,Kok iso ... gubernur pemikirannya kayak orang gak punya pikiran?,2026-06-02 14:11:29,0,0
Y29tbWVudDoxMDI0ODU2NTIzMjI4ODQyXzk4ODQwMzQ5MDc4ODA4Ng==,Ramon Itik,61587394361645,"Gubernur jteng 
Gebenur molor",2026-06-02 07:15:34,0,0
Y29tbWVudDoxMDI0ODU2NTIzMjI4ODQyXzk5NTc1MTg4Mjg0NTg5Ng==,Ahmad Asep Ahmadi,100004756339139,"KOPLAK LOL. BEG, TENANANAN GUBERNUR PRO PRIORITAS TERKORUP SEPRTI NYA",2026-06-02 19:09:50,0,0
Y29tbWVudDoxMDI0ODU2NTIzMjI4ODQyXzg1MTkyNjA0NzQ3NTczOA==,Purnomo Heri,61572007085099,Kok gak di lengser kan ya,2026-06-02 18:37:22,0,0
Y29tbWVudDoxMDI0ODU2NTIzMjI4ODQyXzE2ODI1MzY5NDkzNTYyNzk=,Alex Alex,100086343030047,Ayo warga jateng. Siap d nepal kan pejabatnya.,2026-06-02 22:38:43,0,0
Y29tbWVudDoxMDI0ODU2NTIzMjI4ODQyXzI0Mzc3NzM4NTMzNTY5NzA=,Agus Sandiagauno Agustus,100092852775027,Namanya saja jeneral ini namanya aja jeneral tapi otaknya tidak ada otak otak anjing pangkatnya aja tu jeneral kalau otaknya itu anjing enggak ada otak benar itu,2026-06-02 19:28:10,0,0
Y29tbWVudDoxMDI0ODU2NTIzMjI4ODQyXzIyNDEwMDQ1MDY3NTQ3NTM=,Agus,100044539416088,Dah waktunya di lengserkan ..,2026-06-02 16:59:54,0,0
Y29tbWVudDoxMDI0ODU2NTIzMjI4ODQyXzE1NDc5MzQ2OTM2OTgzOTk=,Rudi Juna,100002475515099,Lagi belajar mohon di maklum,2026-06-02 07:17:34,0,0
Y29tbWVudDoxMDI0ODU2NTIzMjI4ODQyXzE3MTU3NTM3NTYwOTcyNzY=,Sumardina Sumardina,61571541573320,Parah re re,2026-06-02 21:36:16,0,0
Y29tbWVudDoxMDI0ODU2NTIzMjI4ODQyXzE0ODg5ODA0MDk2MjEzMzc=,Miko Sujat,61565101866396,Bayar pajak tidak ada mampaatnya,2026-06-02 20:40:27,0,0
Y29tbWVudDoxMDI0ODU2NTIzMjI4ODQyXzk5OTE4MDU2NTgxMzU3NQ==,Eraa Tea,61557779813338,"𝕵𝖆𝖓𝖌𝖆𝖓 𝖇𝖆𝖓𝖉𝖎𝖓𝖌𝖐𝖆𝖓 𝖆𝖒𝖆 𝖐𝖉𝖒 𝖉𝖔𝖓𝖌, 𝖇𝖊𝖉𝖆 𝖏𝖆𝖚𝖍 𝖆𝖒𝖆 𝖐𝖉𝖒 𝖒𝖆𝖍",2026-06-02 17:18:11,0,0
Y29tbWVudDoxMDI0ODU2NTIzMjI4ODQyXzEyMjg5NzE0MDU4NDEyNzk=,Ririn Rinita,61579729680696,Gubenur bnyk bacot .coba tuh gubenur bpk aing sitset lngsung beres  .ini mh gubernur bnyk derma bisa yh jelekn gubenur Jawa Barat,2026-06-02 16:34:34,0,0
Y29tbWVudDoxMDI0ODU2NTIzMjI4ODQyXzkyNTQ1NjA2MzgzOTQwNA==,Cemerlang Cemerlang,100086228172014,Pinter ngeles ni gubnernur,2026-06-02 07:04:07,0,0
Y29tbWVudDoxMDI0ODU2NTIzMjI4ODQyXzE5MTE0ODk3Nzk1MjY2MjA=,Gule Ptk,100004298231617,Gubernur mplanga plongo kaya asu,2026-06-02 05:03:16,0,0
Y29tbWVudDoxMDI0ODU2NTIzMjI4ODQyXzE1MzY4NDAzNzgxMzUxMDE=,Wahyudie Akilla,100000583722931,Bos anu lutfi wesss dungu 😂,2026-06-02 23:26:34,0,0
Y29tbWVudDoxMDI0ODU2NTIzMjI4ODQyXzEwMTQxMTQxODExOTg3NjI=,Murdock Slank,61570092700101,ORA UMUM...!!!,2026-06-02 11:52:45,0,0
Y29tbWVudDoxMDI0ODU2NTIzMjI4ODQyXzEzNDAyNDczODgwNTE2NTg=,Dhedhedhe Dhe Dhe,100005308360715,Ga ad manfaatnya ....lalu warga d sana memang bukan tanggung jawab anda paaa.... Bicara bapak sedikit tapi nancep d hati,2026-06-02 20:24:05,0,0
Y29tbWVudDoxMDI0ODU2NTIzMjI4ODQyXzkyODYzMTA0Njg4MDYxMg==,M Adam,100018731736392,Pemimpin koplak,2026-06-02 20:50:39,0,0
Y29tbWVudDoxMDI0ODU2NTIzMjI4ODQyXzE3MzM1MzM4MTgwODEzODU=,Sisabrie Ranknekads,100004052493575,cumi pinter jawab alias pinter ngeLES .artinya jonk.yrus manfaatnya apa buat warganya,2026-06-02 13:31:57,0,0
Y29tbWVudDoxMDI0ODU2NTIzMjI4ODQyXzI4MTIwOTM5NzU4MTU0OTk=,Faeyza,100024097721561,Orang oon bisa jadi gubernur.🤣🤣🤣,2026-06-02 13:24:18,0,0
Y29tbWVudDoxMDI0ODU2NTIzMjI4ODQyXzE1MTg3OTYyNjk3MjAxODk=,Jecko Ramtamtam,100089885855778,Sehingga apa..... Gubernur  kok peko,2026-06-02 05:11:22,0,0
Y29tbWVudDoxMDI0ODU2NTIzMjI4ODQyXzE3MDU1NzkwMjQyMjI3MDA=,Ki Ahmad,100080508584948,"Nanti Dulu Dong Belum Balik Modal Nih Nyalon Gubernur Hahaha, kalo udah balik modal baru Infrastruktur😂 dasar plenger",2026-06-02 15:10:58,0,0
Y29tbWVudDoxMDI0ODU2NTIzMjI4ODQyXzQwMzE5ODUwNDA0MjkwMTg=,Suryo Mahendra,61573049769706,Wong goblok kok dadi gubernur ..,2026-06-02 12:36:51,0,0
Y29tbWVudDoxMDI0ODU2NTIzMjI4ODQyXzk3NjIwMDU3ODQ4MjIzOA==,Aryo Alfandi,100027356480212,"Makan pak duitnya buat sendiri,jalan ma g penting, yang penting perut BPK kenyang",2026-06-02 17:38:52,0,0
Y29tbWVudDoxMDI0ODU2NTIzMjI4ODQyXzE2MTA1OTY2NzAwNDI1NzM=,Hara Riem Bengeutt,100078202355499,Gubernur paling terngeyelll  🤭🤭🤭🤭🤭😂😂😂😂😂😂,2026-06-02 12:11:55,0,0
Y29tbWVudDoxMDI0ODU2NTIzMjI4ODQyXzEzMTAxNDYyODEyNjgyMjA=,Manto Jaya,100011772440484,Gubernur koplak yg bisa tilang di tempat dapat duit,2026-06-02 20:48:43,0,0
Y29tbWVudDoxMDI0ODU2NTIzMjI4ODQyXzEzNjc0Mjc1ODUyMjgxMTI=,Mang Yadi,100053204384561,"Capebuk tausah usul"" ajak warga gotongroyong",2026-06-02 13:44:54,0,0
Y29tbWVudDoxMDI0ODU2NTIzMjI4ODQyXzI3NTM3OTI5MTc1ODIwMjU3,Muhammad Al Fath,100037265560977,Pejabat ko pada tolol ya otaknya bawa ke kalo lg pake seragam itu,2026-06-02 13:10:09,0,0
Y29tbWVudDoxMDI0ODU2NTIzMjI4ODQyXzEwMTM1MTg4NjExODM0Mjg=,Sangidun Ahmad,61557381076741,Kita jadikan seumur hidup lutfi ini biar tambah kacau Jawa Tengah di pimpin oleh lutfi,2026-06-02 13:14:34,0,0
Y29tbWVudDoxMDI0ODU2NTIzMjI4ODQyXzEwMjM3NTU3ODAyMTg5ODA=,Jessie Cipi,61585060174228,"Gubernur goblok....tolol....
Rak ISO mimpin rakyat....",2026-06-02 18:39:15,0,0
Y29tbWVudDoxMDI0ODU2NTIzMjI4ODQyXzI4NTY4MjU1MjQ2NTE3OTc=,BpkNya Wildan,100008339768086,Loba bacot lah,2026-06-02 17:25:47,0,0
Y29tbWVudDoxMDI0ODU2NTIzMjI4ODQyXzIyNjA3NTk5NjQ3NTI5MTY=,Koko Nirvana,100011369153538,Goblok..jalan udah bagus mah ada juga guna nya,2026-06-02 10:22:59,0,0
Y29tbWVudDoxMDI0ODU2NTIzMjI4ODQyXzEzNzgxNjcxNjA4MzM3MTQ=,Agoes Tea Wehk Lackh,100024006242541,Gubernur tergoblog klu GK ad manfaat ny km aj jln kaki,2026-06-02 19:35:31,0,0
Y29tbWVudDoxMDI0ODU2NTIzMjI4ODQyXzk3Njg1OTA3NTEzNTg3NQ==,Ka Kona,100046285657559,Koplak mbok,2026-06-02 18:12:58,0,0
Y29tbWVudDoxMDI0ODU2NTIzMjI4ODQyXzk4ODIzOTE5MDUxMTg4NQ==,Rindu Rindu,61556514747611,Gubernur muka itil jadi ga mikirin rakyat nya yang ada di otak nya hanya itil,2026-06-02 17:49:14,0,0
Y29tbWVudDoxMDI0ODU2NTIzMjI4ODQyXzk4NzI5NjQ2NzQzMjU5NA==,Doni Wibowo,61556310764521,Owalah . Goblok2,2026-06-02 20:39:28,0,0
Y29tbWVudDoxMDI0ODU2NTIzMjI4ODQyXzQ0NTkwOTc5Mjc2NTgwMzY=,Kelapasekayu Dramaga,61567450396436,"Hadeuuhhh, anda kira masyarakat semua nya bodoh ya, pemikiran anda sempit sebagai gubernur,",2026-06-02 11:47:28,0,0
Y29tbWVudDoxMDI0ODU2NTIzMjI4ODQyXzQ1NTgyNjY3MzExNjMzMzg=,Sukono,100041316791486,"Jwa tengah,
Di tangan yng salah.
#",2026-06-02 19:18:53,0,0
Y29tbWVudDoxMDI0ODU2NTIzMjI4ODQyXzEzMDc2OTI0MjQxOTQzMTQ=,Jasmani,61572729989668,"Jawa tengah bersatu, gulingkan itu guberenur,.",2026-06-02 05:39:16,0,0
Y29tbWVudDoxMDI0ODU2NTIzMjI4ODQyXzE1NzQxNDEzMzc3MTg1Mjk=,Nugraha Saja,100075680620699,Gubernur koq tolol n goblok...,2026-06-02 21:51:11,0,0
Y29tbWVudDoxMDI0ODU2NTIzMjI4ODQyXzEyODMwNjQ0ODAyMzUxOTc=,M Samboja,61585240053157,Artikulasi nya cukup jelas ini gubernur,2026-06-02 16:42:09,0,0
Y29tbWVudDoxMDI0ODU2NTIzMjI4ODQyXzEzMDA2ODYzNjE3NzQ1NDk=,Aep Saepuloh,100010047310534,Gubenur tolol,2026-06-02 19:12:31,0,0
Y29tbWVudDoxMDI0ODU2NTIzMjI4ODQyXzg2MDcxNjg3MDQwNjU2OA==,Nupriyadi,100009745861574,Gubernur Pekokkkkkk,2026-06-03 08:42:25,0,0
Y29tbWVudDoxMDI0ODU2NTIzMjI4ODQyXzE2OTk0NjkzOTQ0OTIwMTY=,Anigrosir,100061289235090,"Demo saja .  Ga guna jadi gubernur  ,,,",2026-06-02 11:17:15,0,0
Y29tbWVudDoxMDI0ODU2NTIzMjI4ODQyXzEzMTczNDcyMDY1MjkwMTI=,Hudaa Setiawan,100044737758664,Gubernur tai,2026-06-02 06:13:20,0,0
Y29tbWVudDoxMDI0ODU2NTIzMjI4ODQyXzE1Mzc4ODg3Njg0NDI2OTI=,Renaldi Arkana,100021593350552,MANUSIA GOBLOK JADI GUBERNUR !! HAHA ASU.,2026-06-02 11:44:47,0,0
Y29tbWVudDoxMDI0ODU2NTIzMjI4ODQyXzEyOTQwNDI2MDkzNzk0MDc=,Apin Gagundali Kombu,100008037363241,Gubernur bodoh,2026-06-02 15:49:26,0,0
Y29tbWVudDoxMDI0ODU2NTIzMjI4ODQyXzEzMzIwMzg1MzU3NDMyMzg=,Khanza Kenzo,100055669292039,Ketika org goblok+tolol di pilih jdi gubernur ea gto hasil.n,2026-06-02 18:08:07,0,0
Y29tbWVudDoxMDI0ODU2NTIzMjI4ODQyXzE1MTQ2NjU0MTY4MjUwNDU=,Anwar Anjar,100028819157998,Gubernur anjing,2026-06-02 20:22:02,0,0
Y29tbWVudDoxMDI0ODU2NTIzMjI4ODQyXzEwMTU1NTI3MDc1MDI0Mzk=,Saeful Hayat,61569333955848,kerja lah lutpy jngn banyak bacot,2026-06-02 12:02:25,0,0
Y29tbWVudDoxMDI0ODU2NTIzMjI4ODQyXzEwMTEwMjE5NDQ2OTQ2NjI=,Dans Suhendar,100051734720639,"Gubernurnya nae umur hidup, ini wkwkwk",2026-06-02 18:02:50,0,0
Y29tbWVudDoxMDI0ODU2NTIzMjI4ODQyXzEyOTMwMDAxNzI5NDY5MjM=,Wijaya Budi Anton,100021643570654,Pilihan siapa otak kok tolol bgitu,2026-06-02 20:18:00,0,0
Y29tbWVudDoxMDI0ODU2NTIzMjI4ODQyXzIwODA2NjkxODYxMjg2MjE=,Tigreal,100088492237977,"Dimana mana ge jalan mah manfaat atuh goblog tolol te boga otak , baju we sia mah sragam otak ewehan .dasar setan otak",2026-06-02 10:21:13,0,0
Y29tbWVudDoxMDI0ODU2NTIzMjI4ODQyXzEzMTIzMTkxNDAzNjMwNDk=,BeRi Silouwie,100003798832077,Ada ya gubernur yg otaknya koplak?!,2026-06-02 20:38:54,0,0
Y29tbWVudDoxMDI0ODU2NTIzMjI4ODQyXzE1NTgyNTU3NTI2NDgxMjM=,Sodik Wargi Baraya Kdm,61580059238339,Rakyat butuh jalan pak,2026-06-02 05:01:39,0,0
Y29tbWVudDoxMDI0ODU2NTIzMjI4ODQyXzE3NzczODQxMDMwNDA1OTY=,Serpihan Senja,100026868164743,"Untuk warga Jateng yg mau mendemo gede2 an ke Lutfhi, kami persilahkan dengan senang hati 🤣🤣🤣
Kami dri Jabar, hnya bisa nyimak..",2026-06-02 22:14:29,0,0
Y29tbWVudDoxMDI0ODU2NTIzMjI4ODQyXzIzNDQ1MTg3MDU5NTc2NTc=,Juan Andi Pom,100015062732572,Eh tolol emang nya pake dana pribadi nte dasar otak udang ga gableuk pucus,2026-06-02 18:13:34,0,0
Y29tbWVudDoxMDI0ODU2NTIzMjI4ODQyXzk2Mzg5MTQ5MzE1MDEyMg==,Abizar,100088931390251,Gubernur bodo.. tolol... Idiot... Ada ya gubernur kaya gini gak ada otak,2026-06-02 07:36:54,0,0
Y29tbWVudDoxMDI0ODU2NTIzMjI4ODQyXzEwMDAwMDA0NzI3MTEwMjc=,Sumala Lamong,61586188381187,LUTFI GOBLOK,2026-06-02 09:56:31,0,0
Y29tbWVudDoxMDI0ODU2NTIzMjI4ODQyXzEyODQyOTk1OTM4NzY3OTk=,Jhon Kiss,100009833178673,Yang tetangganya orang ini pasti bilang orangnya baik ko ga sombong😂,2026-06-02 17:00:59,0,0
Y29tbWVudDoxMDI0ODU2NTIzMjI4ODQyXzE1MDIxMDU3NDEzODQ5MDA=,Masgojek Mas,100050106578524,😂😂😂😂😂,2026-06-02 21:39:15,0,0
Y29tbWVudDoxMDI0ODU2NTIzMjI4ODQyXzEwMjY3ODcwMjMxOTc4OTU=,Brigenz Jolo,100007281847805,Harusnya ucapan gubernur bukan seperti itu. Itu malah menyudutkan masarakat kecil pie to mass omongane kayak ngono ora ono mangpaate,2026-06-02 21:47:31,0,0
Y29tbWVudDoxMDI0ODU2NTIzMjI4ODQyXzIyMDkzOTcwNDMxNjc2NjQ=,Mohammad Sukron,100026650933444,🤣🤣🤣🤣🤣,2026-06-02 20:32:30,0,0
Y29tbWVudDoxMDI0ODU2NTIzMjI4ODQyXzE0MjIxMzMzMzY1NTA4MTQ=,Pipe Pirman Permana,100001980228291,"Kasihan warga jawa tengah gubernurnya sangat bodoh , somoga satu periode😭",2026-06-02 19:44:22,0,0
Y29tbWVudDoxMDI0ODU2NTIzMjI4ODQyXzE5MjIxMTAwNjg1MDgxODM=,Mitrakencana Adv Mitrakencana Adv,100041482924307,🔥😂🔥🔥😂🔥😂😂,2026-06-02 21:27:44,0,0
Y29tbWVudDoxMDI0ODU2NTIzMjI4ODQyXzE1MDA3Nzg4MzUxMzIwMzQ=,Apuk Ba E,100078543855084,😂,2026-06-02 21:16:20,0,0
Y29tbWVudDoxMDI0ODU2NTIzMjI4ODQyXzM2MDQ5Njg4MTQxMzQyOTY5,Ahmad,100050151243474,😂😂😂,2026-06-02 19:55:12,0,0
Y29tbWVudDoxMDI0ODU2NTIzMjI4ODQyXzE1MjYyNjY0MTU4MjY2NDE=,Nelson,61563902335162,😂😢😂😂😂,2026-06-02 12:26:38,0,0
Y29tbWVudDoxMDI0ODU2NTIzMjI4ODQyXzI0MjM0NzA0MjE0OTI3MzE=,Dhe Tara Kamanamana,100044153531118,😂😂😂😂😂😂😂😂😂😂😂😂😂😂😂😂😂😂,2026-06-02 15:15:08,0,0
Y29tbWVudDoxMDI0ODU2NTIzMjI4ODQyXzIyNzgxMDg4NDI5NzAzNTc=,Zeny Nyong'o,100009639995728,Hidup pak Luthfi 😂😁 lanjutkan korupsi mu belum balik modal 😂😁,2026-06-02 23:33:20,0,0
Y29tbWVudDoxMDI0ODU2NTIzMjI4ODQyXzk3MzU1MTMwODc1NjY2OA==,Umpu Kakah,100012020620128,"Kasian Benar masyarakat Pelosok Jawa Tengah , Salah Pilih Gubernurnya .",2026-06-02 07:15:51,0,0
Y29tbWVudDoxMDI0ODU2NTIzMjI4ODQyXzE2Mzg3ODM2MDA3NTIxNTQ=,Daeng Ega,100015887524979,Purnomo Belajar Baik Fans - PBBF,2026-06-02 19:54:00,0,0
Y29tbWVudDoxMDI0ODU2NTIzMjI4ODQyXzEzMzY5NjUwMjE4MzQ5NTg=,Sudin Nifa,61579592165411,🔥😂,2026-06-02 20:23:44,0,0
Y29tbWVudDoxMDI0ODU2NTIzMjI4ODQyXzIwMTQ3MjYyNTI0NzE2MTA=,Ahmad Fauzi,61569496764074,Jawa koekkk,2026-06-02 22:21:18,0,0
Y29tbWVudDoxMDI0ODU2NTIzMjI4ODQyXzIwMDMxNjE2MTM5MjA4NTk=,Yadi Saefullah,100002429337006,Bacot tok,2026-06-02 20:17:59,0,0
Y29tbWVudDoxMDI0ODU2NTIzMjI4ODQyXzEzNDUwMzQ4NzQxODExNDQ=,Bang Ajat,100006966931543,Si botol kecap sudah tidak menyakinkan lagi mestinya di Do,2026-06-02 17:49:34,0,0
Y29tbWVudDoxMDI0ODU2NTIzMjI4ODQyXzE2NzIxMjI2Mjc0NTQzODY=,Immanuel Fernando Marpaung,100089505681081,"Tuh di penghujung vidio cuma bapak aing KDM yang bener ngomongnya.
si PANJUL asbun aja kalau becakap muncungnya itu 😁",2026-06-02 17:35:49,0,0
Y29tbWVudDoxMDI0ODU2NTIzMjI4ODQyXzE5MzI2OTA0NDA3NzEwMTE=,Sabar Santoso,100054895804598,Mungkin kalau ngak penting . Dulu ngak akan di buat jalan. Blok,2026-06-02 14:49:26,0,0
Y29tbWVudDoxMDI0ODU2NTIzMjI4ODQyXzEwMTMyMTg1MTc4OTM1MzQ=,Sandy Cou Sandy,100057029186672,banyak teori omdo,2026-06-02 14:39:01,0,0
Y29tbWVudDoxMDI0ODU2NTIzMjI4ODQyXzIwMTMxODA5MjU5Njc5ODI=,Saepul Uyun Reel,100003790712661,Trus pajak kendaraan kita  nya di kemanain pak klo kaga buat jalan,2026-06-02 13:57:29,0,0
Y29tbWVudDoxMDI0ODU2NTIzMjI4ODQyXzk4Mzk2NTk4NzYwMjM3Nw==,Iyan Suryana,100042335926236,Kdm itu sangat bagus .ga omon omon doang langsung bangun ini baru gubernur,2026-06-02 13:09:49,0,0
Y29tbWVudDoxMDI0ODU2NTIzMjI4ODQyXzgxNzEwMzA2NDYxNjc3MA==,Ujang Junaedi,61573390285076,Gubernur oon,2026-06-02 12:58:53,0,0
Y29tbWVudDoxMDI0ODU2NTIzMjI4ODQyXzk4NzAxOTUxNDI2MDQ2MA==,Adian Boed,100006641351118,Nah gitu netizen jadi yang viral itu harus dimitigasi,2026-06-02 11:09:18,0,0
Y29tbWVudDoxMDI0ODU2NTIzMjI4ODQyXzM1MjQwMTE4Mzc3NzU2NTM=,Yonna Sativa,61553580731903,"Kalo kepilih lagi , tolol banget orang yang milih hewan ini",2026-06-02 09:36:39,0,0
Y29tbWVudDoxMDI0ODU2NTIzMjI4ODQyXzEzNzU4MDAyMjc4MDI5MDk=,Djajat Mika,100031054155501,Wkwkwk kasian ko bisa ke pilih 😭,2026-06-02 09:14:18,0,0
Y29tbWVudDoxMDI0ODU2NTIzMjI4ODQyXzM5MjE1MTUwMzQ4MjQ4NzA=,M Nur S,100001722163298,"Jawaban yang kurang bijak bagi aparatur yang berpendidikan yang harusnya mempunyai pola fikir yang lebih luas.,, tapi jawaban njenengan membuktikan sekolah tinggi belum tentu pintar...",2026-06-03 07:36:55,0,0
Y29tbWVudDoxMDI0ODU2NTIzMjI4ODQyXzEzNTU5ODAwNTY3MDk0OTM=,Wisnu Bawa,100082733252445,Banyak epek ekonomi.. Dari jalan pak jika jalan jelek rakyat... Akan susah... Mengeluarkan hasil.. Jadi perekonomian akan terhambat...,2026-06-03 04:05:03,0,0
Y29tbWVudDoxMDI0ODU2NTIzMjI4ODQyXzE1MjQ2MDk4NDU4MDcyNDA=,Wantoaja,100083106170135,Bamyak omong tp tongkosong...ora danta,2026-06-02 22:10:11,0,0
Y29tbWVudDoxMDI0ODU2NTIzMjI4ODQyXzEzMDM1MzUxNzUzMTYyNTQ=,Agus Iday Pahrudin,100001809050091,Bangun jalan yg bisa jadi bisnis saja pak pak giliran lu butuh suara aja nyampe liang tikus lu datengin,2026-06-02 22:09:37,0,0
Y29tbWVudDoxMDI0ODU2NTIzMjI4ODQyXzIzMTQ2OTEwMDkwNTU0NjE=,Sunaryo,100046807956679,Gubernur goblok...,2026-06-02 21:59:37,0,0
Y29tbWVudDoxMDI0ODU2NTIzMjI4ODQyXzI2ODc5NDcyMjkxNjgxMzAy,Herman Eko,100003176189202,akpol mana becus ngurus rakyat ngurus tilangmah iya...h,2026-06-02 21:31:24,0,0
Y29tbWVudDoxMDI0ODU2NTIzMjI4ODQyXzE3NzAyNTgwNzcyNzE2NjI=,Kakaroto Roto Roto,61581390701704,"Gubernur goblok otak TAI 
pikirannya sempit  kayak dengkul u, cok",2026-06-02 21:24:09,0,0
Y29tbWVudDoxMDI0ODU2NTIzMjI4ODQyXzQyOTQyNTIxOTQxMjA3NjI=,Ida Tutu,61552163635823,gubenur otak dungu...alias bego tolol....,2026-06-02 21:09:29,0,0
Y29tbWVudDoxMDI0ODU2NTIzMjI4ODQyXzEzMjYwMjA3Mzk0OTQwOTA=,Norinto,100039988315451,Gubernur itu seperti KDM berani ga lutfi nyontoh seperti jabar,2026-06-02 21:06:40,0,0
Y29tbWVudDoxMDI0ODU2NTIzMjI4ODQyXzE2Njk0Nzg2NDc2Mzg1NzA=,Dhiela Adjh,100046534127699,gubernur jateng  ko goblooog  bnget ya...,2026-06-02 19:47:31,0,0
Y29tbWVudDoxMDI0ODU2NTIzMjI4ODQyXzE1NTgzNTU5NjI2MjQ0MTg=,Arbaun Tolelet,100033806686627,Kdm josss,2026-06-02 18:00:08,0,0
Y29tbWVudDoxMDI0ODU2NTIzMjI4ODQyXzk1ODg2MzExMDQ3NjE1OA==,Pati Nyawa,61584968846625,"jadikan gubernur seumur hidup aja,masarakat jateng,baguuuus pk gubernurnya??",2026-06-02 17:56:05,0,0
Y29tbWVudDoxMDI0ODU2NTIzMjI4ODQyXzk3OTY1ODc3NDQ3NDQ3Mg==,Rendi Rian,61571630548321,ituh kan jalan buat para petani,2026-06-02 16:52:45,0,0
Y29tbWVudDoxMDI0ODU2NTIzMjI4ODQyXzE1MTE3MTg5OTY5OTcwMDM=,Golek Semar,100063204517651,Jelas beda dong jauh banget,2026-06-02 16:07:08,0,0
Y29tbWVudDoxMDI0ODU2NTIzMjI4ODQyXzE5NzgzNTM4NzI3OTIwMjg=,Indra Dwiguna Jh,61587385594480,"ayooo calonkan beliau jadi presiden yuuk,,,🤣🤣🤣🤣🤣🤣🤣",2026-06-02 13:17:44,0,0
Y29tbWVudDoxMDI0ODU2NTIzMjI4ODQyXzg0NTA2MjQ4ODIxODY0OA==,Suwarto,100061259948811,Gubernur e lewat sawah,2026-06-02 12:48:04,0,0
Y29tbWVudDoxMDI0ODU2NTIzMjI4ODQyXzQ1MzE0MzI1NzM3NTMyNDI=,Jais Deni,100092639991782,Penjabat goblokkk asuh..otak bodokk,2026-06-02 11:54:10,0,0
Y29tbWVudDoxMDI0ODU2NTIzMjI4ODQyXzIzNjczMTE0MDcxMzcxODM=,Den Jr.,61559981349329,Pemikiran nya sama gubenur jawabarat sama gubernur  jawa tegah bagai kan lagin dan bumi lebih cerdas  gebenur jawabarat,2026-06-02 11:54:04,0,0
Y29tbWVudDoxMDI0ODU2NTIzMjI4ODQyXzI3MjE2OTU2MTY0NjYwMTAw,Ahmad Matin,61576629374205,Hasil prodak jawa tengah lucu2,2026-06-02 11:45:20,0,0
Y29tbWVudDoxMDI0ODU2NTIzMjI4ODQyXzI1NjQ2Njg4MjczMDk3ODU=,Syehedo Wati,61582934306935,"Klu KDM,GK peduli itu jln desa,kabupaten,propinsi,pokoknya bangun",2026-06-02 11:32:11,0,0
Y29tbWVudDoxMDI0ODU2NTIzMjI4ODQyXzEyODQzMjM1MTM3ODI5NTg=,Muslim Muslim,100093489366047,Kok panggah pekok ae,2026-06-02 10:36:08,0,0
Y29tbWVudDoxMDI0ODU2NTIzMjI4ODQyXzI3MDQ2ODE5ODExNjA2MDc1,Gusni Herman,100081294285305,Opo iki🤣🤣🤣🤣🤣,2026-06-02 10:16:27,0,0
Y29tbWVudDoxMDI0ODU2NTIzMjI4ODQyXzE3NTIxMzY3MjU3NDk0Njk=,Kimin Dobol,61582799021217,mulut lutfi ini gak ada bedanya sama MEMEK YG BARU KENA KONTOL dan otaknya juga kerendam Peju makanya dungu permanen....maling pisan maklum mbah2nya dulu juga maling,2026-06-02 07:41:24,0,0
Y29tbWVudDoxMDI0ODU2NTIzMjI4ODQyXzEzNTAyMzU1MDcwMDI4Mjg=,Nusantara Pertiwi,61580459201409,Mantappp kdm,2026-06-02 07:14:55,0,0
Y29tbWVudDoxMDI0ODU2NTIzMjI4ODQyXzIwNzUwNzM2NTM0MTM0NTQ=,Achiang Elgato,100008394799363,Lengserkan saja kalau pikiran gak beres,2026-06-02 06:45:07,0,0
Y29tbWVudDoxMDI0ODU2NTIzMjI4ODQyXzEzNTAyNTQwNzAzMTEzNTM=,Jecko Ramtamtam,100089885855778,Gubernur kok pekok..... Mosok  jlan ora ono manfaat eeeee...... Kan pekok..... Pekok jan.. Ws pekok..... Yen jalannya di bangun  apik... Mulus  kan perekonomian    meningkat.... Piye to iki gubernur kok pekok.....,2026-06-02 05:13:05,0,0
Y29tbWVudDoxMDI0ODU2NTIzMjI4ODQyXzE1NjE0NjYxMTIyNzI2MjY=,Galih Kurniawan,100008601512396,kdm jadi presiden indonesa siap maju da itu pasti,2026-06-02 22:07:04,0,0
Y29tbWVudDoxMDI0ODU2NTIzMjI4ODQyXzI2NjE2NDMwOTc4MDU4MDM5,Aki Aki,100085036432634,"maka nya bapak ibu milih pemimpin itu yg bener ,jgn kaya gubenur jtm yg bengo banget",2026-06-02 22:06:11,0,0
Y29tbWVudDoxMDI0ODU2NTIzMjI4ODQyXzE1MTgxOTc4ODk3MTIzNzQ=,Pariono Prastio,100036623439723,Due gubernur kakean micin Yo ngene iki,2026-06-02 21:09:30,0,0
Y29tbWVudDoxMDI0ODU2NTIzMjI4ODQyXzE0MjY1NjU1NjI4MzQzNTM=,Nanung Suhendar,61587708867711,Jauh sama kdm  kerja nya satset .,2026-06-02 19:55:03,0,0
Y29tbWVudDoxMDI0ODU2NTIzMjI4ODQyXzEwMjk3NTMxOTI5NTI2Nzg=,Kevin Wijaya,61562219391415,Copot langsung,2026-06-02 19:50:38,0,0
Y29tbWVudDoxMDI0ODU2NTIzMjI4ODQyXzEyOTg4NDM1ODI0NDU4NzI=,Alghean Putra Pasundan,100018086977575,Dia gengsi ngikutin kinerja KDM.,2026-06-02 19:35:15,0,0
Y29tbWVudDoxMDI0ODU2NTIzMjI4ODQyXzE2ODU5ODAxNzk0MDUyMzI=,Rohmat Bekasi,100009929611758,Aaaaaaaaaaaaaah klamaaaaaaaaah ngomong mulu,2026-06-02 14:46:43,0,0
Y29tbWVudDoxMDI0ODU2NTIzMjI4ODQyXzc3NTgwMzA0ODk1MjAyNg==,Ciwonk Pajampangan,61583505723875,Ngomong nya pd anjing ..otak mabok kucubung ...,2026-06-02 13:41:52,0,0
Y29tbWVudDoxMDI0ODU2NTIzMjI4ODQyXzE5NDI3NTc4NTY0MzA2NDk=,Sepeda Listrik Rancamanyar,61566920879592,Lieur,2026-06-02 21:50:50,0,0
Y29tbWVudDoxMDI0ODU2NTIzMjI4ODQyXzE1MzU3MDk2OTE0Njg1MzQ=,Purnomo Heri,61572007085099,2 tahun KRNA aspal ya jelekj,2026-06-02 18:38:31,0,0
Y29tbWVudDoxMDI0ODU2NTIzMjI4ODQyXzIwMDc0NTY1MzMyMjM4OTM=,Sayeti,100055465871980,Sekolah duwur2 smpe jd jendral jd gubernur.... Jln bagus mulus kok gk ada manfaat.... Jln mulus.. Adlh awal ekonomi n pangan bergerak cpat,2026-06-03 12:23:20,0,0
Y29tbWVudDoxMDI0ODU2NTIzMjI4ODQyXzE3NzA3OTYwNDM5MDY3MTk=,Ida Marisyah Kayla,100067782128571,"KLO ga ada manfaatnya ya tinggal di hutan aja jgn keluar kota,,,dasar manusia tak guna",2026-06-03 12:14:36,0,0
Y29tbWVudDoxMDI0ODU2NTIzMjI4ODQyXzEwMTkzOTEzNjcxMjI4MjQ=,Nanang Zhu,100003236486055,beda kelas.,2026-06-03 06:00:45,0,0
Y29tbWVudDoxMDI0ODU2NTIzMjI4ODQyXzE3MzAzNDMxODgzODc4MDM=,Rina Setiawati,100053480765785,"Oh yaa.., dari pada jln yg di buat utk keruk kekayaan negri seperti tambang misalnya apa yg didapat anak negri cuma lobang lobang..,dan licin dikit.. enakan oligarki...duit dapat Ndak tanggung jawab... Aduuuhhh....kerja cerdas Doong pak...!! Lihat  JABAR.. hebat sistemnya... Jln utk ketahanan pangan yg utama ....👍",2026-06-03 05:17:37,0,0
Y29tbWVudDoxMDI0ODU2NTIzMjI4ODQyXzEzMTA2OTY5ODExOTAzMjE=,Andre,100016929317493,"Kok Ono pemimpin koyok NGNE. 
Rojo ngeyel",2026-06-03 05:13:47,0,0
Y29tbWVudDoxMDI0ODU2NTIzMjI4ODQyXzk4NzU5ODQyNzM1MjM2NQ==,Rina Setiawati,100053480765785,"Luthfi, ngomong kamu itu yg benar aja ...
LAA jalan yg paling gacor itu utk masyarakat pertanian utk menumbuhkan swasembada pangan biar rakyat kuat ekonominya . Baru jln yg berpotensi  utk kemajuan di sektor lainnya ..ok🙂👍",2026-06-03 05:12:26,0,0
Y29tbWVudDoxMDI0ODU2NTIzMjI4ODQyXzM1OTkxOTc0MDM1NzY3MjA=,Erdiboy Nuraedi,61574074791467,😂😂😂,2026-06-03 05:00:54,0,0
Y29tbWVudDoxMDI0ODU2NTIzMjI4ODQyXzI0MTc5MjIxMzUzNzA4ODY=,Unyil Tok,61582856529206,Wes ganti ae gubernur ora mutu... Percuma gelo aq su.. Milih lutfi,2026-06-03 04:46:43,0,0
Y29tbWVudDoxMDI0ODU2NTIzMjI4ODQyXzI3NDUyODc4MTExMDEyNzkz,Nur Sofyan,100035604048479,Lengserin ajj ....,2026-06-03 04:08:48,0,0
Y29tbWVudDoxMDI0ODU2NTIzMjI4ODQyXzEwMTQzMDQwNzQ0NjYxNjY=,Candra Hermawan,61557603695521,😂,2026-06-03 03:54:37,0,0
Y29tbWVudDoxMDI0ODU2NTIzMjI4ODQyXzE3MTg1NjUyNzI2NzkyODc=,Cakra,100028919389908,gubernur lieur,2026-06-03 03:32:35,0,0
Y29tbWVudDoxMDI0ODU2NTIzMjI4ODQyXzE2NDE4MTQzMDM1NzE2MDA=,Endang Saputra,100049374105604,"Gubernur dungu, goblok nya udah tingkat dewa 🤣🤣",2026-06-03 00:57:54,0,0
Y29tbWVudDoxMDI0ODU2NTIzMjI4ODQyXzEzMTYzNzU1MDM5MzgyOTU=,Edi Suryo,61573697037198,"Ini pejabat ngk mmang mntap😃
Biar duit ny d kantong mereka gtu😃",2026-06-03 00:24:02,0,0
Y29tbWVudDoxMDI0ODU2NTIzMjI4ODQyXzEwMDMxODcxMzIyNjQ0MzA=,Opey Ishak,61562500544703,Dia cmn iri sma KDM 😂,2026-06-02 23:59:11,0,0
Y29tbWVudDoxMDI0ODU2NTIzMjI4ODQyXzk1MzIwMDEzNDM3NjczNQ==,Yogi Ismail,61550203445410,Gubernur paling GEBLEUG ampun 😂😂😂,2026-06-02 22:36:29,0,0
Y29tbWVudDoxMDI0ODU2NTIzMjI4ODQyXzg4NzI3NDg0MTA2NDM1Nw==,Jartii Aswan,100013192303203,"kalau belajar ekonomi dari buku
itu untuk pengusaha saja
kalau pejabat harus belajar dari rayat ter bawah
karna harus tau putaran uang warga nya.
negara maju itu 
negara yg mensejahterakan rayat kecil karna putaran uang nya sangat cepat",2026-06-02 22:11:39,0,0
Y29tbWVudDoxMDI0ODU2NTIzMjI4ODQyXzEzNTg2NjUxMjYxOTk2MDE=,Wahidin Djimponk Property,100065603012457,"Bukan g ada manfaatnya tp disitu bukan lumbung suaranya wktu pemilihan
Jd prioritas lumbung suaranya dl
Gt tah mksdnya",2026-06-02 22:08:22,0,0
Y29tbWVudDoxMDI0ODU2NTIzMjI4ODQyXzEzMTk4ODM4NzYxNDExMDc=,Sunardi,100074091776641,Bener bener Tolol gub Jateng,2026-06-02 22:06:36,0,0
Y29tbWVudDoxMDI0ODU2NTIzMjI4ODQyXzk3MjgwMzUxMjQxMjIwNA==,Budi Chadong,61557606304665,Hahaha.... goblog,2026-06-02 22:01:10,0,0
Y29tbWVudDoxMDI0ODU2NTIzMjI4ODQyXzE3NDkyMTk1OTk4NTMyODA=,Ali Aswan,100079532528935,Parah banget orang ini..jauh beda dengan kang Dedi Mulyadi,2026-06-02 21:58:08,0,0
Y29tbWVudDoxMDI0ODU2NTIzMjI4ODQyXzkyNzQ2MDg1MDMxMzY1NQ==,Imam Maulana,100006714575813,Gubunur gk cerdas pesimis,2026-06-02 21:52:19,0,0
Y29tbWVudDoxMDI0ODU2NTIzMjI4ODQyXzM0MjI3MTExNDEyMjU0MjY=,Gusti Prabu Siliwangi,100064217135413,Kok tolol yah si onoh mah😂,2026-06-02 21:50:12,0,0
Y29tbWVudDoxMDI0ODU2NTIzMjI4ODQyXzE1MjE1NTgwNTk2MjA3NzQ=,Qurna'esin Esin,100039639797449,Gub....Bodoh di piara,2026-06-02 21:46:22,0,0
Y29tbWVudDoxMDI0ODU2NTIzMjI4ODQyXzIxNzM5MjQzMzM0MDU1MjI=,Ramlan Kampak,1782202832,"BEDA KELAS SAMA GUB JAWA BARAT ,susah di ajak ngobrol nih 😂",2026-06-02 21:37:04,0,0
Y29tbWVudDoxMDI0ODU2NTIzMjI4ODQyXzE2OTgzMzk0NjExOTI4MjI=,Husen Husen,100064487115309,Cocok ni jadi RI 1 😜,2026-06-02 21:26:58,0,0
Y29tbWVudDoxMDI0ODU2NTIzMjI4ODQyXzEwMTY3NjEyMDA4NjE4NDY=,Rianto Fiqro,100044852197191,Suruh si Dedi Mulyadi mengsahkan uu perampasan aset kalo berani..selagi uu perampasan aset ngk di terbitkan jadi babu seumur hidup.,2026-06-02 21:24:50,0,0
Y29tbWVudDoxMDI0ODU2NTIzMjI4ODQyXzE2MTY2MjI5NDAwMDI5NzQ=,Ahmad Zaki,61583388520980,Lutfi gabud,2026-06-02 21:24:36,0,0
Y29tbWVudDoxMDI0ODU2NTIzMjI4ODQyXzk4MTE5MDA4Nzk1ODU5MQ==,Damar Setiadi,100093641383651,Kok orang kyk gini bisa jd gurbernur ya..,2026-06-02 21:22:32,0,0
Y29tbWVudDoxMDI0ODU2NTIzMjI4ODQyXzE5NjMzMjY1NDA5NjgwNjA=,Babab Ara,61580081518346,Pejabat 6ang satu 8ni cuma cukup satu kta buat saya Hai bangsat tdk manfaat gmna bansat. Rakyat bayar pajak,2026-06-02 21:21:28,0,0
Y29tbWVudDoxMDI0ODU2NTIzMjI4ODQyXzIwNTE3MDAzMzU3ODEwOTE=,Aby Jr,100009673656476,Mantap iki pilihane wong jateng 😂,2026-06-02 21:12:11,0,0
Y29tbWVudDoxMDI0ODU2NTIzMjI4ODQyXzgzNjkwNzkwMjQ0ODc2OA==,Timi Latif,100004594712373,Gubetnur otak korup ya gitu pemikirannya curek..,2026-06-02 21:11:28,0,0
Y29tbWVudDoxMDI0ODU2NTIzMjI4ODQyXzIwNDA4NTI5MzY3ODI1MDg=,Erwin Syahputra,100002083323731,Bilg z uang nya mau kamu mkn sendiri lutfi,2026-06-02 21:11:22,0,0
Y29tbWVudDoxMDI0ODU2NTIzMjI4ODQyXzE5OTg0NTk4MzEwMzI1MTE=,Dedy,100046516968953,Angkat jDi presiden kedepanya ini sangat bermutu pemikiranya salm waras,2026-06-02 21:11:06,0,0
Y29tbWVudDoxMDI0ODU2NTIzMjI4ODQyXzI0MDcyMDIyMDYzNTU0NDk=,Aamjuhaeri,100054156844458,Gubernur gk ada manfaatnya 🤣,2026-06-02 21:09:53,0,0
Y29tbWVudDoxMDI0ODU2NTIzMjI4ODQyXzE0OTYyNzA2NjUzNDAxNTg=,Edwin Aldrin,100026294835528,Dungu,2026-06-02 21:08:04,0,0
Y29tbWVudDoxMDI0ODU2NTIzMjI4ODQyXzE1MDYyMTE2ODQzMjg2NjY=,Ogi Giyan,61552051612813,Pak...jalan lah bapak ke jalan menuju jalan ahirat,2026-06-02 21:06:44,0,0
Y29tbWVudDoxMDI0ODU2NTIzMjI4ODQyXzIwNjk3Mzc3NTcyMjQzNjA=,Hasto Nis,61575309222631,Masyarakat semua bayar pajak pak🤣🤣 jadi jangan hnya pilih masyarakat yang punya potensi saja aneh skli🤦🤦,2026-06-02 21:05:50,0,0
Y29tbWVudDoxMDI0ODU2NTIzMjI4ODQyXzE1MTQ0NzczMzAxNjQwNzU=,Andika Pratama,61554344145181,La anggaranya kmn pak ...bok survei lngsunh kjln sperti p kdm biar tau ..itu mnumbuhkan ekonomi tidak e. Jngn cuma debat ..kapan kelarnya mslh,2026-06-02 21:03:04,0,0
Y29tbWVudDoxMDI0ODU2NTIzMjI4ODQyXzE1OTMwODQ0NTI1MzA2ODk=,Yunita Mandasari,100028158312018,parah si nih gubernur padahal klo jalanan bagus bisa JD pariwisata,2026-06-02 20:52:48,0,0
Y29tbWVudDoxMDI0ODU2NTIzMjI4ODQyXzEzNzgwMTQzNzQyMDgwNTQ=,Young Li,61577294135343,jngn menyesal kan itu pilihan anda anda semua😂,2026-06-02 20:52:34,0,0
Y29tbWVudDoxMDI0ODU2NTIzMjI4ODQyXzg1MTYzNDk1NzUyNjM5OA==,Naura,61573766197599,gubernur banyak drama .... 😂,2026-06-02 20:48:42,0,0
Y29tbWVudDoxMDI0ODU2NTIzMjI4ODQyXzE5MjUxNDE5MzE2ODMzMDc=,Btn Rumah,100001079371865,"Aku sebagi warga Jabar, sangat mendukung  Gubernur Jateng kalo bisa 4 Periode,,, sahhh
Siap siap Cek Tensi tip hari akan turun terus.",2026-06-02 20:44:07,0,0
Y29tbWVudDoxMDI0ODU2NTIzMjI4ODQyXzEwMTk1MTM1NDc0MzUyMTU=,Jaboen AL Farizzy,100050122807135,Teori teori teori....,2026-06-02 20:41:01,0,0
Y29tbWVudDoxMDI0ODU2NTIzMjI4ODQyXzE0Mjc4NjcyODkxOTIyMzE=,Eyang Depok Paringga,100080818320199,Butuh proses coba klo sampean jadi gubernur pa ora puyeng ndasmu,2026-06-02 20:36:49,0,0
Y29tbWVudDoxMDI0ODU2NTIzMjI4ODQyXzE4ODE5NTIxNTI1MDM0ODU=,M Afnan Pratama,61551065160801,"Ah Bagong ue NU Kitu MH dimna Aya jln teu mnpaat , Kabeh ge jln MH manpaat sipat anu sok di lewatan mh",2026-06-02 20:25:58,0,0
Y29tbWVudDoxMDI0ODU2NTIzMjI4ODQyXzE2MzM2ODYyOTQ0MTY0MTQ=,Sudin Nifa,61579592165411,😮😭,2026-06-02 20:25:28,0,0
Y29tbWVudDoxMDI0ODU2NTIzMjI4ODQyXzM4NzQwNDA1MzYyMzgwNjg=,Yadisupriyadi,100020915508348,"Kenapa kdm d kritik🤦🤦
Giliran mbg diam bae🤭🤭🤭
Mbg Yg merugikan para pedagang",2026-06-02 20:24:30,0,0
Y29tbWVudDoxMDI0ODU2NTIzMjI4ODQyXzIwMDAzOTI3NDQxODIzMDI=,Olih S,100025038306089,🐕🐷🐕🐷🐕🐷🐕🐷,2026-06-02 20:18:09,0,0
Y29tbWVudDoxMDI0ODU2NTIzMjI4ODQyXzg3NTQ0MjU4NDg4ODg4Mw==,Welem Domakubun,100010435366272,"GUBERNUR PALING BODOK INI MAH , ASU GUBERNUR BODOK",2026-06-02 20:03:18,0,0
Y29tbWVudDoxMDI0ODU2NTIzMjI4ODQyXzI3MzQ3MDA4MDE4MjI3ODAx,Mudhy Khan Avone,100013105660103,"Mantap gubernur Jateng lanjutkan gubernur seumur hidup yg di luar Jateng senyum "" aja yaaaa🤣🤣🤣🤣🤣🤣🤣🤣🤣",2026-06-02 19:57:47,0,0
Y29tbWVudDoxMDI0ODU2NTIzMjI4ODQyXzE1ODAzMzU1NzM3MTM4MjU=,Aira Nur Bahtiar,100000961008926,Ini gubernur jateng di buat dari cairan mna ..bego bgt bnr 🤣🤣,2026-06-02 19:55:01,0,0
Y29tbWVudDoxMDI0ODU2NTIzMjI4ODQyXzE5NjY3OTYxOTM5NTkzMzE=,Arigal Mamba,100091268042769,Jancoook🤣,2026-06-02 19:54:06,0,0
Y29tbWVudDoxMDI0ODU2NTIzMjI4ODQyXzk2OTc4ODM2MjM1MzY5Mw==,Herlin Alfatih,100001484867435,Gubernur JATENG lg memperlihatkan KEBODOHAN'Y🤣🤣🤣,2026-06-02 19:35:13,0,0
Y29tbWVudDoxMDI0ODU2NTIzMjI4ODQyXzcwNTIwNTY5NjAxOTk0Ng==,Heri Uyeah,100001508841662,Untung kepunyaan jawa tengah😂,2026-06-02 19:31:31,0,0
Y29tbWVudDoxMDI0ODU2NTIzMjI4ODQyXzIxMDM1ODkxMjA1NjI2Njc=,Melki Babys,100000257645714,Ngomong sama orang bodoh ya ORA paham itu Bu. Paham nya kalo di demo sw Jateng baru kebuka matane,2026-06-02 19:31:14,0,0
Y29tbWVudDoxMDI0ODU2NTIzMjI4ODQyXzk4MzE0NTAzNDQyMjM5OA==,Asep Alpin,100017772162824,Otak nya goblog hihihihi,2026-06-02 19:30:34,0,0
Y29tbWVudDoxMDI0ODU2NTIzMjI4ODQyXzE0OTkyMjgyMzE2NjU4MjM=,Agus Sandiagauno Agustus,100092852775027,😡😡😡😡😡,2026-06-02 19:28:29,0,0
Y29tbWVudDoxMDI0ODU2NTIzMjI4ODQyXzE1OTg3OTE0Mzg1MjI4NTM=,Sultan Firman Sativa,100055549961474,Gubernur tolol pinter bupatinyaaa,2026-06-02 19:13:11,0,0
Y29tbWVudDoxMDI0ODU2NTIzMjI4ODQyXzE1NjMzNTM4NDUzNzY3NjE=,Diky Rohmansyah,61550009381029,Stres kali dia,2026-06-02 19:08:02,0,0
Y29tbWVudDoxMDI0ODU2NTIzMjI4ODQyXzEyMDY4ODc1MzgxNDUwOTI=,Ipoel Vhalvolin,61560526895635,Ribetttt.,2026-06-02 19:03:17,0,0
Y29tbWVudDoxMDI0ODU2NTIzMjI4ODQyXzQ0ODQ3NTUzODg0MDY3MDk=,IDea Yuzz,100014300355124,Masih level 1 nih gubernur !!!,2026-06-02 18:34:17,0,0
Y29tbWVudDoxMDI0ODU2NTIzMjI4ODQyXzE3MjM1MjIyMDg4MDM3MDU=,M Yusuf,100025977879652,Blon,2026-06-02 18:27:50,0,0
Y29tbWVudDoxMDI0ODU2NTIzMjI4ODQyXzEwMTA2ODgzNjc5OTU1NDE=,Imang Purnama,100003956243588,Ngelantur......,2026-06-02 18:27:48,0,0
Y29tbWVudDoxMDI0ODU2NTIzMjI4ODQyXzIwOTc5OTA2MDc3OTE5Mzc=,Slamet Yongki,100054450271029,kakaen omong,2026-06-02 18:25:09,0,0
Y29tbWVudDoxMDI0ODU2NTIzMjI4ODQyXzI0MDQ2NDIyMTAwMjUwOTQ=,Ramdani Gunawan,100038682100908,Mumet ndase pak,2026-06-02 18:22:36,0,0
Y29tbWVudDoxMDI0ODU2NTIzMjI4ODQyXzEzMDIwMDIyMjg3MjI4OTE=,Maulana Putra,100068626253253,Nk ora mampu mudur ae fi lutfi,2026-06-02 18:19:14,0,0
Y29tbWVudDoxMDI0ODU2NTIzMjI4ODQyXzEzNTIyNjYyNTAxNTc2MTU=,Ranunk Rnk,100029593219219,Mndingan mundur jadi Gubernur nya 😂😂,2026-06-02 18:16:52,0,0
Y29tbWVudDoxMDI0ODU2NTIzMjI4ODQyXzg3OTIxMTI3MTkxMTk5OQ==,Asghann TulAlit,100003905225711,Jawaban tanpa kejelasan solusinya gimana. Beda banget dgn gub sebelahnya. Padat jelas dan pasti langsung bersolusi..,2026-06-02 17:43:37,0,0
Y29tbWVudDoxMDI0ODU2NTIzMjI4ODQyXzE2NzYzNzQxMDAwNjczNDU=,Apriliandi Firdaus,100081194183468,Pekok😂😂😂😂,2026-06-02 17:42:39,0,0
Y29tbWVudDoxMDI0ODU2NTIzMjI4ODQyXzQ2MTM5MTM3NTU1NDYzNDU=,Jago Merah,100034334028583,parah iki wong edan,2026-06-02 17:31:02,0,0
Y29tbWVudDoxMDI0ODU2NTIzMjI4ODQyXzE0MDUxMzM3MzEzNDU2MTA=,Marzuki S Pagoca,100081498321135,KDM terbaik untuk NKRI,2026-06-02 17:19:30,0,0
Y29tbWVudDoxMDI0ODU2NTIzMjI4ODQyXzEzMjAyMTgxNTM2MzA3NTg=,Mahendra Ratna Dilla,100012208488300,"DASAR LADUSING....
 MASARAKAT SEKARANG UDAH PADA PINTER"" BRO...",2026-06-02 17:10:23,0,0
Y29tbWVudDoxMDI0ODU2NTIzMjI4ODQyXzM5NDY0NjM0MjU2NTU4MzE=,Muji Saeful Hidayat,61555894132646,Mungkin pak lutfi lebih memilih membangun jalan menuju neraka,2026-06-02 17:07:59,0,0
Y29tbWVudDoxMDI0ODU2NTIzMjI4ODQyXzM1Njc0NDI0NDAwOTkwNjA=,Irpan Kelelawar Hitamputih,100000455931078,Yg pilih orang nie siapa sih ko bisa masuk....,2026-06-02 17:05:12,0,0
Y29tbWVudDoxMDI0ODU2NTIzMjI4ODQyXzE2NjU0MDQ0MzgwNDA2ODA=,Suwitno,100048440481736,"Banyak mulut, ngeles mulu",2026-06-02 17:04:26,0,0
Y29tbWVudDoxMDI0ODU2NTIzMjI4ODQyXzE3MjkyNzU4OTE0NDQ0ODc=,Las Palmas,100022027776662,Dulu  sekarang pak,2026-06-02 17:02:57,0,0
Y29tbWVudDoxMDI0ODU2NTIzMjI4ODQyXzk4MjI5MzMxNzczNDU2NA==,Warsino Jave,100066901726074,Halo gaessss...🤣😂🤣,2026-06-02 16:54:45,0,0
Y29tbWVudDoxMDI0ODU2NTIzMjI4ODQyXzgyMjU3OTYxMDY4OTM3Mg==,Bintang,61565167694458,Gubernur Jateng Kehed goreng patut,2026-06-02 16:53:17,0,0
Y29tbWVudDoxMDI0ODU2NTIzMjI4ODQyXzE4Nzg0Nzk5MTYxNzExMDY=,Yogi Ivan,61571735625508,Belagu ....ga mau di koreksi,2026-06-02 16:36:37,0,0
Y29tbWVudDoxMDI0ODU2NTIzMjI4ODQyXzI1MDU5NzA2NzMxODIyMzg=,Ipadii,100088242082488,Ga ada duit aja jangan banyak omong kerjanya 000000000000,2026-06-02 16:28:07,0,0
Y29tbWVudDoxMDI0ODU2NTIzMjI4ODQyXzE1MzYxMDE2NzQ3NTkwMTA=,Kumala Karungut,100002843318000,Astafirullah kok gak ada gunanya sih pak😢,2026-06-02 16:25:59,0,0
Y29tbWVudDoxMDI0ODU2NTIzMjI4ODQyXzk5NjE3Mzc0NjEwOTc0MQ==,Kawat Duri,61586288860804,Nepalkan gebernur begini,2026-06-02 16:04:02,0,0
Y29tbWVudDoxMDI0ODU2NTIzMjI4ODQyXzE0OTAzMDg3Nzg3MjQ5NzE=,Harry Moxer,100000485964460,Gak jelas..,2026-06-02 16:02:23,0,0
Y29tbWVudDoxMDI0ODU2NTIzMjI4ODQyXzEzMjAxMjg1NDAxODY2NjM=,Sibob,100014216374272,Nepalkan aja,2026-06-02 16:02:21,0,0
Y29tbWVudDoxMDI0ODU2NTIzMjI4ODQyXzE0NzU4MjIxOTM3NTcyMjQ=,Zaabi Feriska,61575351781372,😂😂😂😂😂,2026-06-02 15:33:37,0,0
Y29tbWVudDoxMDI0ODU2NTIzMjI4ODQyXzEyOTU1OTEwMjI2NjA5ODU=,Dadang Seherman,100036013309231,TURUNIN AJA GUBERNUR KAYA GINI .....GA ADA GUNANYA BUAT RAKYAT,2026-06-02 15:01:56,0,0
Y29tbWVudDoxMDI0ODU2NTIzMjI4ODQyXzEzNzk4NDg4OTA2MzczNzU=,Abdul Fatah Fatah,61556654027155,Koplak banget pernyataan nya dlu penjajah membangun jalan dulu agar mempermudah akses mereka dlm menyuplai kebutuhan nya agar bisa mempermudah dalam perputaran ekonomi nya,2026-06-02 14:56:48,0,0
Y29tbWVudDoxMDI0ODU2NTIzMjI4ODQyXzE2ODI2NTI1MTMwNzMxMDk=,Karya Utama Karya Utama,100066351924268,👍👍👍👍buat bp aing,2026-06-02 14:43:36,0,0
Y29tbWVudDoxMDI0ODU2NTIzMjI4ODQyXzE0ODc3NTExNjMzODYzMzg=,Agus Gunawan,61552139857457,"Salah sendiri pilih dia, udah tau dari kepolisian, kalo aku sih ogah",2026-06-02 14:35:47,0,0
Y29tbWVudDoxMDI0ODU2NTIzMjI4ODQyXzE2NzEyMTk5NDc0MTc1NDE=,Tono Heryanto,61556960262196,Nah dia d angkat jd gubernur tugasnya apa,2026-06-02 14:30:54,0,0
Y29tbWVudDoxMDI0ODU2NTIzMjI4ODQyXzEzMjM2MDAxNjkxMDQxNTc=,Dede Kunzen Ffc,100000755855744,Parah eunx ini mah pejabat teh fuck 🖕,2026-06-02 14:27:13,0,0
Y29tbWVudDoxMDI0ODU2NTIzMjI4ODQyXzM5MDc2NzM0Njk1NDI0Mzk=,Deni Sugiarto,100080171897703,Gub nyinyir giliran kerja ga becus 😂😂😂😂😂,2026-06-02 14:08:17,0,0
Y29tbWVudDoxMDI0ODU2NTIzMjI4ODQyXzE2NjcyMDAwNDc4OTIwNzE=,Dipho Wahyudi Dipho,100003204024261,Jangan dipilih lagi.,2026-06-02 14:02:23,0,0
Y29tbWVudDoxMDI0ODU2NTIzMjI4ODQyXzE2MjMxNzU3Njg3ODc1NTQ=,Karuhun Sancang,100081320375306,"kata siapa masrakat tida tau . sekarang masrakat lebih pinter,,",2026-06-02 13:57:32,0,0
Y29tbWVudDoxMDI0ODU2NTIzMjI4ODQyXzEwMDczMzQ0MTUxNjI5OTc=,Muslim,100084108271559,Gubernur koplak,2026-06-02 13:52:49,0,0
Y29tbWVudDoxMDI0ODU2NTIzMjI4ODQyXzE4NjA2OTQ0ODEyNjU2MjY=,Durip Durip,61579643175891,Jawa Barat hadir🙏 Si Lupfi mah Gubernur paling ceurdas🤭cerdas buat jadi Korupsi😄😄,2026-06-02 13:35:33,0,0
Y29tbWVudDoxMDI0ODU2NTIzMjI4ODQyXzk2NzMzMjMxOTI1OTMzNw==,Adie Prasetyo,100002483650516,"Logika yg bikin hancur ..
Jgn sampai di normalisasi logika sperti ini.
Mau membangun tp kudu di liat untung rugi.
Pantas banyak anak bangsa yg pengen lepas dari bumi Pertiwi.
Karna pemimpin kita cuma liat untung rugi. Bernegara macam berdagang kios sepetak",2026-06-02 13:32:26,0,0
Y29tbWVudDoxMDI0ODU2NTIzMjI4ODQyXzg3NjAyODI4NTUzMDg0NA==,Bani Nk,100069030782492,gubernur bodohhh..model gini kok dipilih..,2026-06-02 13:30:41,0,0
Y29tbWVudDoxMDI0ODU2NTIzMjI4ODQyXzI3MDgxMTgwMTQxNTc3MDY2,Caridin Icank,100002447475635,Wis aja PD glem bayar pajak😀,2026-06-02 13:27:29,0,0
Y29tbWVudDoxMDI0ODU2NTIzMjI4ODQyXzg3Mjk4OTU3NTg1NDgxNA==,Mas Nawi,100091079360346,Ya begjamu gubernur iki hehehehe...,2026-06-02 13:18:09,0,0
Y29tbWVudDoxMDI0ODU2NTIzMjI4ODQyXzE1MzcxMDA0OTQ3MTUyMDE=,Dudi,100040023469087,GUBERNUR TER GOBLOG SE INDONESIA,2026-06-02 13:05:38,0,0
Y29tbWVudDoxMDI0ODU2NTIzMjI4ODQyXzE3MDgwMzE1ODAzMjYyMzI=,Japar Maulana,100034969532953,Dasar wong edan,2026-06-02 12:35:57,0,0
Y29tbWVudDoxMDI0ODU2NTIzMjI4ODQyXzE0NTUzNTAxMjk2NzQ4NDI=,Eni Mthree,100011988428187,Hadeuuuh,2026-06-02 12:35:39,0,0
Y29tbWVudDoxMDI0ODU2NTIzMjI4ODQyXzE2ODk1OTk3Njg5NTUzMjA=,Nanang Hudaya,100008110781885,"lutfi itu blunder ngomong nya kaya anak sd,😂",2026-06-02 12:25:57,0,0
Y29tbWVudDoxMDI0ODU2NTIzMjI4ODQyXzk4NTkzMzMxMDc0MzQ5OQ==,Arkanza Aqila,100082997967945,"Lah konyol nih pejabat,,,mana ada jalan yg GK ada manfaatnya,,,semua jalan bermanfaat bagi masyarakat pak,,, sekalipun ada bangun jalan d tengah sawah itu pasti bakal bermanfaat",2026-06-02 12:01:36,0,0
Y29tbWVudDoxMDI0ODU2NTIzMjI4ODQyXzE0OTMwMDUyNjU2NTQyMTg=,Akky Sya,61568324347147,"Jln ga ada manfaatnya, gmn ceritanya, ada jln pasti krna ada masyarakat yg lalulalang ke situ,. Ya brarti ada manfaatnya dong masyarakat jd nyaman lewat situ..",2026-06-02 11:51:56,0,0
Y29tbWVudDoxMDI0ODU2NTIzMjI4ODQyXzM2MDE2MzI4NjMzMDkyOTQ=,Nawang Wulan,100041419876217,"Bener pak masyarakat mana tau jalan propinsi jalan bupaten,,rakyat mah taunya bayar pajak saja pak",2026-06-02 11:50:18,0,0
Y29tbWVudDoxMDI0ODU2NTIzMjI4ODQyXzI4MDc1OTg3Mzk2MTIwMTE=,Dace Supri,100035309504088,Jauh beda bagai langit dan bumi sama gubernur jabarr,2026-06-02 11:49:56,0,0
Y29tbWVudDoxMDI0ODU2NTIzMjI4ODQyXzEwNzEzODA5MTU4MjY1MTU=,Piyan Sopiyan,61552080386348,Preet..,2026-06-02 11:43:58,0,0
Y29tbWVudDoxMDI0ODU2NTIzMjI4ODQyXzkyMjcxNzg1NzQ1NzY3MQ==,Didi Makau Dima,100029421253341,Taik pemikirannya masih dangkal,2026-06-02 11:33:13,0,0
Y29tbWVudDoxMDI0ODU2NTIzMjI4ODQyXzE1MTM1NjYzODM1ODgxMjQ=,Khodimah Binti Nasrudin,100077784806601,"Gubernur otake rusak,Kyo dalane",2026-06-02 11:30:43,0,0
Y29tbWVudDoxMDI0ODU2NTIzMjI4ODQyXzk3Nzg4MjM5ODIwNTkxMw==,Mimid Abdulhamid,100071237617208,Opo were were ah lieur 🤣,2026-06-02 11:17:50,0,0
Y29tbWVudDoxMDI0ODU2NTIzMjI4ODQyXzE5NTQ0MjI5MTUxODU4OTA=,Bundy Imat Laifir,61567864439073,Ko bisa gubernur beda2 in daerah rakyat nya  harus nya merata,2026-06-02 10:49:03,0,0
Y29tbWVudDoxMDI0ODU2NTIzMjI4ODQyXzk3OTYyODY4MTM3NjE5MQ==,Petong Ruwet,61577305287315,Memang masarakat jateng tolol semuanya,2026-06-02 10:41:30,0,0
Y29tbWVudDoxMDI0ODU2NTIzMjI4ODQyXzEzMTk4ODQyMzM2NTk0MDc=,Petong Ruwet,61577305287315,Copot gubernur luthfi gubernur tolol,2026-06-02 10:40:56,0,0
Y29tbWVudDoxMDI0ODU2NTIzMjI4ODQyXzI0MDQwMjMwMzM0NDEwMjc=,Heris Jarot,100082849839879,"Dasar tolol, masa ngebangun jalan ga ada manfaatnya🤦‍♂️🤦‍♂️🤦‍♂️🤦‍♂️. Dasar si otak dangkal👎👎👎",2026-06-02 10:40:50,0,0
Y29tbWVudDoxMDI0ODU2NTIzMjI4ODQyXzIwNzE3NjUxMTMzNzU2ODI=,Meita,61565854341819,gubnur bego,2026-06-02 10:37:20,0,0
Y29tbWVudDoxMDI0ODU2NTIzMjI4ODQyXzE0NDUyMDMxMTczNTkyMjI=,Turyono Yono,100072766728100,Mntan maling Otak rampok,2026-06-02 10:28:34,0,0
Y29tbWVudDoxMDI0ODU2NTIzMjI4ODQyXzk2ODE4NDM2OTU0OTYyMw==,Turyono Yono,100072766728100,Gubernur tolooollll,2026-06-02 10:28:14,0,0
Y29tbWVudDoxMDI0ODU2NTIzMjI4ODQyXzE4NDM2Njg0MzAzNTI2MzA=,Putra Talaga Ligar,100008238068508,pak pak rakyat di desa yang punya warung yang terpencil .. belanja pasti kepasar itu salah satu siklus ekonomi.. terus ada petani yang ingin menjual hasil taninya itu siklus ekonomi .. nah kalau jalan nya jelek atau tidak ada akses yang baik terhambat dong siklus perputaran ekonomi nya,2026-06-02 10:19:36,0,0
Y29tbWVudDoxMDI0ODU2NTIzMjI4ODQyXzEzMTg3ODYyOTAxOTk4MDE=,Ngurah Adie,100011324029280,Naikan pajak lagi pak...😂😂😂,2026-06-02 10:18:49,0,0
Y29tbWVudDoxMDI0ODU2NTIzMjI4ODQyXzE1MzE0ODg2ODE4NjQzNDQ=,Deywan,100041663292938,Taik,2026-06-02 10:18:41,0,0
Y29tbWVudDoxMDI0ODU2NTIzMjI4ODQyXzk2OTI1OTQzOTI4NDg4MQ==,Nur Chim,61574013817803,Banyak mulut,2026-06-02 10:07:48,0,0
Y29tbWVudDoxMDI0ODU2NTIzMjI4ODQyXzE1NzAxMzEyNDExMTI0ODI=,Rhoma Fais Al'gozalli,100003981887324,Ga mau dikritik,2026-06-02 09:29:21,0,0
Y29tbWVudDoxMDI0ODU2NTIzMjI4ODQyXzE1MTExNjY0MTQwMzk4NDI=,Alikawim Wim,100080962264377,Pilihane sopoo kui,2026-06-02 09:25:57,0,0
Y29tbWVudDoxMDI0ODU2NTIzMjI4ODQyXzEzNTUyOTE0OTk3OTg4Mjg=,Sugino,100027065948422,"Pak, jalan di bangun itu bukan mengikuti pola pikiran Bapak, tapi untuk meningkatkan pembangunan di wilayah yang tidak terjangkau pembangunan, agar masyarakat menikmati hasil pajak dari pemerintah yang dipungut dari masyarakat itu sendiri
Ini 𝗕𝗮𝗽𝗮𝗸 𝗞𝗲𝗽𝗮𝗹𝗮 𝗧𝗼𝗹𝗼𝗹 amat ya

Beda dengan 𝗚𝗨𝗕𝗘𝗥𝗡𝗨𝗥 𝗝𝗔𝗪𝗔 𝗕𝗔𝗥𝗔𝗧 yang lebih mementingkan kemakmuran rakyat daripada 𝗘𝗚𝗢 sendiri",2026-06-02 09:14:20,0,0
Y29tbWVudDoxMDI0ODU2NTIzMjI4ODQyXzEwMDc2NTkwMDQ5OTQwNDY=,Tatang Heryana Kopi,61573418969781,Ngaco jawabannya,2026-06-02 09:07:52,0,0
Y29tbWVudDoxMDI0ODU2NTIzMjI4ODQyXzEzMjMxNDUyOTY0Mzg1NDQ=,Yono Yono,100068080155623,Omong doang contoh KDM semua jalan bermanfaat untuk pertumbuhan ekonomi .,2026-06-02 08:53:08,0,0
Y29tbWVudDoxMDI0ODU2NTIzMjI4ODQyXzg3MzI5NTU5MjQ3ODc0Ng==,Rama Ramadan,100065555311808,Udah ganti ajah ganti,2026-06-02 08:50:29,0,0
Y29tbWVudDoxMDI0ODU2NTIzMjI4ODQyXzk3NDEzNzA0MTkxMzc3Mw==,Arzanel Maharingga,61564408827511,Hello gesss 🤣,2026-06-02 08:47:19,0,0
Y29tbWVudDoxMDI0ODU2NTIzMjI4ODQyXzE0Nzk5NDM2MjY3NTgxNDA=,Dadang Rawing,61564487743512,Gubernur ca ajah g becus,2026-06-02 08:08:18,0,0
Y29tbWVudDoxMDI0ODU2NTIzMjI4ODQyXzE1MDkyOTc3Mzc2MzkwMjI=,Dadang Rawing,61564487743512,Gubernur OPO koyo ngono,2026-06-02 08:06:36,0,0
Y29tbWVudDoxMDI0ODU2NTIzMjI4ODQyXzEzNjg4NDcyNzg0OTU4OTE=,Sahudi,100035111745432,Wong setres,2026-06-02 08:00:22,0,0
Y29tbWVudDoxMDI0ODU2NTIzMjI4ODQyXzQyNDg1MTc2ODg3NzI0Nzg=,Iponk Bazero,100010595611759,Beda karakter beda visi beda misi.... Masih itung-itungan ... Beda sama KDM... Trabas adil merata bijak dan tegas... Itu bangga nya orang Jawa Barat,2026-06-02 07:16:48,0,0
Y29tbWVudDoxMDI0ODU2NTIzMjI4ODQyXzEwMDA3MzQxMzkwMjQzNjI=,Arif Raja,100092394765120,Pangkat aja sampe berat di pundak tpi bodo,2026-06-02 07:16:14,0,0
Y29tbWVudDoxMDI0ODU2NTIzMjI4ODQyXzE1MDQ3Mzg5OTEzMDU2NjQ=,Patamorgana,100002211484975,Percuma bayar pajak,2026-06-02 07:14:25,0,0
Y29tbWVudDoxMDI0ODU2NTIzMjI4ODQyXzE4ODM4MjQxNTU2MTQxMzY=,Heni Marliyana Biru,100093796656903,Banyak teori 🙄🙄,2026-06-02 07:10:10,0,0
Y29tbWVudDoxMDI0ODU2NTIzMjI4ODQyXzIwODAzMjE5ODYyNDI2MDE=,Saeful Rahman Hakim Nst,100023911871401,"Gawat darurat ini jika pemerintah membuat prioritas untung rugi dalam upaya peningkatan kualitas infrastruktur.
Bagaimana pula jika suatu daerah pemukiman padat penduduk yang taat membayar pajak namun di sisi lain akses jalan menuju ketempat pekerjaannya hancur berantakan.
Kebijakan pemerintah yang seperti ini jelas jelas bukan pro kepada rakyat. 
Sebaiknya kebijakan yang di ambil adalah sepenuhnya mengacu kepada skala prioritas yang terbaik dan berkualitas, bukan hanya sekedar perbaikan temporer alias tambal sulam setelah dua tahun jalan yang diperbaiki rusak kembali.
Bahaya cara pandang seorang pemimpin daerah seperti ini.",2026-06-02 07:06:57,0,0
Y29tbWVudDoxMDI0ODU2NTIzMjI4ODQyXzEwMDg1OTc0ODgyMDk0NjE=,Ibeng Ibeng,100023002569960,Moal baleg,2026-06-02 06:58:19,0,0
Y29tbWVudDoxMDI0ODU2NTIzMjI4ODQyXzk5MDI4NDc3MzcxNTc1Mw==,Ivan Bachdim Djik,100058131975307,Ya udah saya setuju dengan bapak.asal...rakyat nya di beliin helikopter satu satu biar ga menggunakan jalan...tapi pada terbang,2026-06-02 06:56:12,0,0
Y29tbWVudDoxMDI0ODU2NTIzMjI4ODQyXzg5MzAwOTUyNjQyMjkwMw==,Synyster Gates,100010368516831,Gubernur Jateng Milih nya Proyek Yg ada Duit nya😆,2026-06-02 06:40:29,0,0
Y29tbWVudDoxMDI0ODU2NTIzMjI4ODQyXzE1NjE4NzQxMjIxNzY5MjE=,Budi Ari,100056056893711,Janji ne Taek,2026-06-02 06:23:31,0,0
Y29tbWVudDoxMDI0ODU2NTIzMjI4ODQyXzI3MTAyNDk2NzkzNDU5ODc=,Pi Vani,61582595250292,Bukan ceramah kau tindak lanjut la diperhati kan,2026-06-02 06:17:07,0,0
Y29tbWVudDoxMDI0ODU2NTIzMjI4ODQyXzM2MTk4MDI1NDc5ODEyNTA1,Bundy Fale,100089072389595,Haha beda sekali yah sama bapa Aing,2026-06-02 06:12:21,0,0
Y29tbWVudDoxMDI0ODU2NTIzMjI4ODQyXzEwMzAxMjcwNTk1ODQzODk=,Indah Pada Waktunya Syah,100006733597587,Naikan KADES HOHO JADI GUBERNUR JAWA TENGAH BIAR MAJU MERATA,2026-06-02 06:10:36,0,0
Y29tbWVudDoxMDI0ODU2NTIzMjI4ODQyXzEzMzE0NjMyMjg5MzYwMzc=,Indah Pada Waktunya Syah,100006733597587,Kebanyakan bacot,2026-06-02 06:09:52,0,0
Y29tbWVudDoxMDI0ODU2NTIzMjI4ODQyXzE3NTM5NzA4MTI0MzE1MTI=,Indah Pada Waktunya Syah,100006733597587,Gubernur kaya tai anjing,2026-06-02 06:09:38,0,0
Y29tbWVudDoxMDI0ODU2NTIzMjI4ODQyXzk3ODY0MDY3ODM1NTY1NQ==,Prem Pensiun,100093364897214,Kasian warga Jateng udh salah pilih,2026-06-02 06:06:36,0,0
Y29tbWVudDoxMDI0ODU2NTIzMjI4ODQyXzIwNjU0OTMzNjA4Mzk5Mjg=,Tata New Bundy,61575720764618,"Pernah makan sekolahan ga, ko ngga ngarti seenaknya aja klo Ngomong, jauh sdh Ama pk hoho kdm",2026-06-02 06:06:13,0,0
Y29tbWVudDoxMDI0ODU2NTIzMjI4ODQyXzEyODQ3MzY4MDM3MTEwMTg=,Waris Hadi,100050736701532,"Dasar gubernur TELEK ASUH, matonyo butoh kupingnyo curekkan lambenyo lemes macem TAI",2026-06-02 05:47:01,0,0
Y29tbWVudDoxMDI0ODU2NTIzMjI4ODQyXzk5NzExNjA2NjEzOTAyMA==,Arfanndy De La Marthin,100013712472726,Ini Buktinya Pak Jokowi Buka Jalan Daerah Terisolasi Dgn Adanya Jalan Sekarang Penduduk Yg Susah Suda Bisa Bawa Hasil Perkebunan Dlm Waktu Singkat - Kalau Ada Infrastruktur Dgn Sendirinya Per Ekonomi Akan Berjalan...,2026-06-02 05:18:44,0,0
Y29tbWVudDoxMDI0ODU2NTIzMjI4ODQyXzE2MTU3NDM0MTY3Nzk2OTA=,Budiyanto Budiyanto,100004540835086,Gubenur tolol semoga saja cepat modar Amiin,2026-06-02 05:07:26,0,0
Y29tbWVudDoxMDI0ODU2NTIzMjI4ODQyXzIzMDQyNjc2NDM2NDQzOTg=,Agus Hendra,100007872188028,KDM nda ada lawan,2026-06-02 05:00:59,0,0
Y29tbWVudDoxMDI0ODU2NTIzMjI4ODQyXzk5OTc4ODA5MjYwNDkyNw==,Mizwanto Glowor,100092921053358,"Priiiiiiit 

Full tim 

KDM FC 10  - LUTFI UNITED 0",2026-06-02 18:51:03,0,0
Y29tbWVudDoxMDI0ODU2NTIzMjI4ODQyXzEyMzgyODM5ODE1NTUyNTg=,Md Kamal Sharip,100022988735973,Org goblok bila diangkat jadi gubernur.ga tau bikin kerja hanya alasan tok.org begini ga layak langsung jadi pemimpin layaknya hanya jadi kernet bus aja,2026-06-02 17:12:13,0,0
Y29tbWVudDoxMDI0ODU2NTIzMjI4ODQyXzE3MDkzNDkyODY3ODUxNTI=,Pi Vani,61582595250292,Telor,2026-06-02 06:13:41,0,0
Y29tbWVudDoxMDI0ODU2NTIzMjI4ODQyXzgzNDM5NzM2MjcxNzE0Mg==,Adit Sinchan,100029241502724,Pemerintah Provinsi Jawa Tengah BODOH kok jadi gubernur,2026-06-03 08:15:15,0,0
Y29tbWVudDoxMDI0ODU2NTIzMjI4ODQyXzk2NjI0MzU3OTUxNjc0OA==,Warni Bere,61577581070055,makanya jgn asal pilih gubernur nya.....ini pemimpin tolol yg pernah sy temu masa di bilang jln gak ada manfaatnya terus anggaran nya besar,2026-06-02 22:12:23,0,0
Y29tbWVudDoxMDI0ODU2NTIzMjI4ODQyXzk5OTcwNDQzMjgwMjEyMA==,Mas Bima,100090153223025,"STOP BAYAR PAJAK, khususnya bagi warga masyarakat jateng 😀",2026-06-02 23:52:32,0,0
Y29tbWVudDoxMDI0ODU2NTIzMjI4ODQyXzEwMTM5MDE5OTEyMDM3MjY=,Rusdi,100026002869821,Saya ga habis pikir sama silutpi coba perhatiin itu silutpi kalau ngomong liat bibirnya kaya ngunyah premen apa udah ga punya gigi,2026-06-02 22:09:37,0,0
Y29tbWVudDoxMDI0ODU2NTIzMjI4ODQyXzEwMTQ4MjUwNDc3MDM0MDY=,Murry San,100000041728235,Lutfi lagi sibuk2 nya ngumpulin d rekening tabungan nya sama nutup bekas kampanye... JD sayang KLO buat bikin jalan .. itu mah bisa nanti2 aza KLO udah gak menjabat baru d fikir kan..,2026-06-02 22:20:23,0,0
Y29tbWVudDoxMDI0ODU2NTIzMjI4ODQyXzEwMjI1Mzc0MzcxMTI4NzU=,Radin Aladin,100000888394132,Bodoh punya pemimpin macam tu.,2026-06-03 04:19:20,0,0
Y29tbWVudDoxMDI0ODU2NTIzMjI4ODQyXzExNjEwMDYyODcwOTIxMDY=,Hendarto Hendar,100013792867893,jalanan di bangun..gak ada manfaatnya...itu yng ngomong..otaknya..udah pindah ke jembutnya..tolol..goblok,2026-06-03 08:12:49,0,0
Y29tbWVudDoxMDI0ODU2NTIzMjI4ODQyXzEyNTQ2NTM4MjM0MTA1OTc=,Ferry Febry,100056770780242,Gubernur kontol..orang goblok jadi gubernur monyet anjing,2026-06-02 21:59:28,0,0
Y29tbWVudDoxMDI0ODU2NTIzMjI4ODQyXzEyODE5ODA3MjQwOTk0MzA=,Sam Kepo,100039404054865,Biasalah bahasa maling.katanya TDK ada manfaatnya. JD kapan ada perubahan Klau koyo ngene bahasamu gub.mmng sebagin aparatur negara JD alat hanya untuk membodohi rakyatnya,2026-06-03 06:56:39,0,0
Y29tbWVudDoxMDI0ODU2NTIzMjI4ODQyXzEzMDg4ODk0MjgwNzM2MTE=,Bambang Suprapto,61584010197780,Gubernur Jawatengah sangat pekok jalan kok enggak ada manfaatnya.,2026-06-03 10:33:45,0,0
Y29tbWVudDoxMDI0ODU2NTIzMjI4ODQyXzEzMTcxMzMwMDY1MTE3NTA=,Ade Nadia Bagas,100004660595278,Padahal dia yg bermanfaat buat masyarakat ia gubernur koplak,2026-06-03 07:36:05,0,0
Y29tbWVudDoxMDI0ODU2NTIzMjI4ODQyXzEzMjQwMjcxMzk4MzEzMzE=,Agoes Resubun,100089198448851,"Pejabat negara sekarang banyak bacot, rakyat butuh kerja nyata seperti KDM diam tp pasti, itu yg rakyat butuh, ini sdh banyak banyak bacot, hasilnya rampok uang rakyat.",2026-06-03 05:34:16,0,0
Y29tbWVudDoxMDI0ODU2NTIzMjI4ODQyXzEzNDU0NjYzMTc0OTAyNTE=,Yadis Rakabumi,61566832856288,"Lihat nasib tahun 2029,masih kah orang jawa tengah masih memilih gubernur seperti ini yang tdk ada manfaatnya buat jawa tengah ?",2026-06-03 10:58:31,0,0
Y29tbWVudDoxMDI0ODU2NTIzMjI4ODQyXzEzNTU2MjE0MjMwODI4NzI=,Akhsan Santosa,61555926004514,Gubernur kok bicara gitu mana ada jln buat masyarakat GK ada manfaatnya hadeuh bangun tidur ya pak atau kebanyakan mimpi,2026-06-02 22:10:44,0,0
Y29tbWVudDoxMDI0ODU2NTIzMjI4ODQyXzEzNzEwNDEwNzQ4NjgwODY=,Sukmawijaya Sukmawijaya,61587912114201,Kasian kdm bnyk PR nya kelak jdi presiden..semoga kdm bisa membuat rakyat sejahtera ..,2026-06-02 23:20:47,0,0
Y29tbWVudDoxMDI0ODU2NTIzMjI4ODQyXzE0MjAyNjg5OTY1MjQ1MDA=,Amira Drive Course,100069302958187,"Wahai saudara""ku sebangsa setanah air, mental seorang  polisi di negeri ini yg seperti Mr Hoegeng seibu satu om.mayoritas membela yg bayar. Mengapa yg begitu dipilih jadi gubenur ??? 😝😝😝😝😝🤪🤪🤪👎👎👎👎👎👺👺👺🤪",2026-06-03 03:10:04,0,0
Y29tbWVudDoxMDI0ODU2NTIzMjI4ODQyXzE0NjYzNDA3MzQ4MDc4MTA=,Kang Aher,100052093061313,Dasar pemikiran Dangkal,2026-06-03 06:30:24,0,0
Y29tbWVudDoxMDI0ODU2NTIzMjI4ODQyXzE0Nzk3NDQ0MDY2MDIyMTQ=,Raden Sahid Triyatnoko,61574142873187,Ngatain gubernur konten  KDM  sekalinya  sendirinya  gak bisa berfikiran panjang   bukan masalah mana yang di prioritas dan mana yang gak  gimn ceritanya lh gubernurnya  ini  apa nunggu jalan rusak semua baru di pikir   baik gubernurnya konten tapi jelas  hasilnya tenimbang   kaya tongkosong  nyaring bunyinya aja   isinya gak ada   keluhan masarakat  di respon bukan di nyinyirin aja  kapn mau maju Jateng  ini klo pemimpinnya aja slow respon  gubernurnya lebih gercep  jangan kerjanya anggaran aja  yng di urus realisasi nya gak ada,2026-06-03 03:52:49,0,0
Y29tbWVudDoxMDI0ODU2NTIzMjI4ODQyXzE1MDgyMzM0Mzc2MzQ5MTM=,Wul Kriwul,100000814899965,Sungguh² musibah warga jateng punya gubernur sedangkal itu pola pikir untuk warganya...,2026-06-03 06:00:40,0,0
Y29tbWVudDoxMDI0ODU2NTIzMjI4ODQyXzE1MTM5NTgxMzY5Mzg2Nzg=,Abi Revan,100022388052689,Gubernur trtrtrtr goouubblooigggg....pnjlsan yng gobloggg bnyak rapat tanya jawab makan uank saku dpt hasil kga dapet jln tetap rusakkk...,2026-06-03 03:57:02,0,0
Y29tbWVudDoxMDI0ODU2NTIzMjI4ODQyXzE1NTYzMjcyOTkzOTUxMTk=,Ekadion,100083583136384,"Gubernur koplak harusnya kalau gubernurnya SDH ngomong kayak gitu masyarakat jangan ada yg mau bayar pajak,,,",2026-06-03 12:11:57,0,0
Y29tbWVudDoxMDI0ODU2NTIzMjI4ODQyXzE3MTAxMTIxNDAzMTExMDI=,Muhamad Abdul Latif,100003719221915,Kebanyakan ngomong buktinya gak ada.,2026-06-03 02:47:46,0,0
Y29tbWVudDoxMDI0ODU2NTIzMjI4ODQyXzE3MzYxNDMxOTQyMTk2Mzg=,Galih Kurniawan,100008601512396,"ibu mending diam deh dati pada ngobrol sama orang seperti itu, gak bakal di denger bu tau nya cuma uang dan uang bu, percuma ngobrol sana sini, pejabat kita bisanya cuma memperkaya diri, daripada bikin jalan mending buat anggaran keluar kota buat meting yang gak penting itu sih ""KATA NYA""",2026-06-02 22:06:17,0,0
Y29tbWVudDoxMDI0ODU2NTIzMjI4ODQyXzE3NjEwODIyMzE5NzQ0NTg=,Jainow Loh,100040850670326,"gubernurnya banyak bacot, kerjanya melempem, wes gk usah dipakai lagi di periode berikutnya, kokean cangkem gubernur gk onok manfaate blas",2026-06-02 22:34:02,0,0
Y29tbWVudDoxMDI0ODU2NTIzMjI4ODQyXzE3NjcwNzA1MzQ0NjQ4OTk=,Samsul Bahari,61553832719253,"Gubernur ky gni di plih, mangkin lama di diam kn klo orang ini mimpin tambah ancur",2026-06-02 22:06:37,0,0
Y29tbWVudDoxMDI0ODU2NTIzMjI4ODQyXzE4NTA3MzUzNTYzMDQ1NjE=,Ismail Indra Muzaeni,100049374308842,Ini gubernur jawa tengah bego bangat di tannya jawabannya ke manah²,2026-06-03 05:31:48,0,0
Y29tbWVudDoxMDI0ODU2NTIzMjI4ODQyXzIwNzYzODE1MTM3NTk2NjA=,Lukman Hakim,61571670814276,"GUBERNUR JAWA TENGAH KOK BICARANYA KAYA GITU .
YG SAYA TAHU BAHWA SEMUA JALAN ITU PASTI BERMANFAAT BAGI MASARAKAT DAN PENGGUNA NYA TERSEBUT .
ADI YG JELAS JALAN SANGAT BENMANFAAT .
GUBERNUR CEMEN ,GGA ADA APA APA NYA DI BANDING SAMA GUBENUR JABAR . BANDINGAN 1000% JABAR 
1,3% GUBERNUR JATENG 👎🏿",2026-06-03 15:04:30,0,0
Y29tbWVudDoxMDI0ODU2NTIzMjI4ODQyXzIwODYyMzY2MjUyNzQ3NzQ=,Yudan,100088181192971,"Jateng klo pemimpinnya cara berfikir ya kyk bapa Lutfi,otw Jateng ajurrr",2026-06-03 02:13:43,0,0
Y29tbWVudDoxMDI0ODU2NTIzMjI4ODQyXzIxMjIxMzkzNzE2OTU1ODU=,Abi Revan,100022388052689,Udah d ksih conto sama gubenur Jabar kerja nyata rkyat bersuara ddngarkn lngsung krjakn...ini Mlah ngeyeellll....,2026-06-03 03:58:16,0,0
Y29tbWVudDoxMDI0ODU2NTIzMjI4ODQyXzIyMzQ2NjEwNTA2MDQ0MzU=,Omjur,100066853106501,"Berarti g ada gunanya juga masyarakat bayar pajak,,??????",2026-06-03 07:08:09,0,0
Y29tbWVudDoxMDI0ODU2NTIzMjI4ODQyXzI0MDg5OTE0Njk1ODMxMzY=,Tri Yudianto,100068869013631,Gubernur SAMPAH,2026-06-03 04:41:23,0,0
Y29tbWVudDoxMDI0ODU2NTIzMjI4ODQyXzI0MTAyODQyMTk0NTkzNjY=,Randy Cang,100014323365367,"kocak sekali memang mantan polisi ini cara berpikirnya,
sabar amat yah rakyat jateng punya gabener kayak gini",2026-06-03 08:43:11,0,0
Y29tbWVudDoxMDI0ODU2NTIzMjI4ODQyXzI1MjcwOTE0Njc3OTI3NjA=,Yogurt,61556714872241,"Yng gni ko ada yng Milih yah,",2026-06-02 22:08:43,0,0
Y29tbWVudDoxMDI0ODU2NTIzMjI4ODQyXzI3NzgyMzYwODI1NDE5ODQ=,Abdul Basir,100026355833580,Gubernor goblok,2026-06-03 07:03:19,0,0
Y29tbWVudDoxMDI0ODU2NTIzMjI4ODQyXzMyODQyNjc0MDE3NDQ3NDY=,Persulessy Roy,100010836483611,GOBLOK,2026-06-03 04:17:06,0,0
Y29tbWVudDoxMDI0ODU2NTIzMjI4ODQyXzQ0ODk1NjAxMjEzMjI4NzU=,Kapten Agus,100009829083739,"Dia bilang ""masyarakat itu tidak tau mana jln kabupaten dan jalan provonsi"" Secara tidak langsung dia bilang masyarakat jateng pada g0bl0k...lah kok msih betah sja rakyatnya",2026-06-03 05:14:38,0,0
Y29tbWVudDoxMDI0ODU2NTIzMjI4ODQyXzI3MDUwNDYyMTkxMjg4MDMx,Raka Saputra,61577311708753,"Lutfi inalilahi bacot nya saja yang gede, 
pokus sama yg di belakang Lutfi inalilahi..
ngomong apa ini Luthfi inalilahi..",2026-06-02 22:00:36,0,0
Y29tbWVudDoxMDI0ODU2NTIzMjI4ODQyXzk1Mjc0OTI5NDI2MzA5Mg==,Arifudin Cukres,100000675071765,Meningan juga jalan rumah nya di ancurin biar tau dia gimana rasanya jalan gak enak,2026-06-02 21:41:56,0,0
Y29tbWVudDoxMDI0ODU2NTIzMjI4ODQyXzk2MDgwOTM1MzQwOTg2MQ==,Muhammad Razib,100093348481753,Cepatkubur.gubenur.kayagitumh,2026-06-02 09:36:11,0,0
Y29tbWVudDoxMDI0ODU2NTIzMjI4ODQyXzExNjM4NDA0ODM0NzkzODg=,Mursalim Mursalim,100043537311323,Turunkan ajah nih orang,2026-06-02 15:33:17,0,0
Y29tbWVudDoxMDI0ODU2NTIzMjI4ODQyXzE0NzQ2ODc5MTM4NzcyNzM=,Aat Sufriatna,61586265445542,Semoga kamu jatuh di lobang jalan yg berlobang trus mati pecah kepalamu wahai pejabat tai Jawa tengah ko diem ajah,2026-06-02 21:59:44,0,0
Y29tbWVudDoxMDI0ODU2NTIzMjI4ODQyXzE1ODg0MzY1MzI4NTg3MTA=,Assegaf Alwi Bin Idrus,61579252119770,Mendengarkan bapak ini ngomong ko malah pengen ambil Balok ya tak Gebuk sekalian 😅😅,2026-06-02 21:02:17,0,0
Y29tbWVudDoxMDI0ODU2NTIzMjI4ODQyXzE4OTcxMDc5OTQzMzMwMTU=,Mahdi Heny,100024671520916,Gubernur GK tau terimakasih ....kemplang aja kepalaknya......,2026-06-02 18:49:26,0,0
Y29tbWVudDoxMDI0ODU2NTIzMjI4ODQyXzE5NTc4ODMzMzgxNjg2MDk=,Adhi Munadi,61577303827526,Kok bisa siiih...orang jawa tengah pilih orang macam kayak gini.......goblok dan tolol,2026-06-02 13:02:22,0,0
Y29tbWVudDoxMDI0ODU2NTIzMjI4ODQyXzIwOTk5NDQxNjQyODI1MTA=,Rutdy Saputro,61575530320223,Lutfi koyok kontol,2026-06-02 19:35:26,0,0
Y29tbWVudDoxMDI0ODU2NTIzMjI4ODQyXzIxODA0NDY0NzI4ODY0NjE=,Japilus Japilus,61574860074820,Itu  orang yg suka nyinyir ide kreatif ny tidak ada jawaban ny berbelit2 tidak ada solusi hanya lempar bola sana sini 😁,2026-06-02 08:01:12,0,0
Y29tbWVudDoxMDI0ODU2NTIzMjI4ODQyXzQ1ODgyMDA3OTE0MTQxMjI=,Soleh Ajeh,100009854100165,"Ko nunggu viral sih pak, harus nya di cor dulu, baru di viral kan.",2026-06-02 13:05:48,0,0
Y29tbWVudDoxMDI0ODU2NTIzMjI4ODQyXzMxMzQ5OTUyNzMzNzQxNTQ=,RizQi,100062663851378,Dasar si goblok biaya besar emang pake duit lu lol tolol,2026-06-02 21:58:56,0,0
Y29tbWVudDoxMDI0ODU2NTIzMjI4ODQyXzIyNTM0NjI3NTg3MjQzMjA=,Sugi Arto,61572800579373,"Coba KLO di depan rumah nya gubernur Jawa ini,jelek banyak lobang nya pasti gak nyaman dia, heran gua sama gubernur ini, pembangunan gak ada manfaat,apa emang jalan harus yang ada untung nya doang,KLO jalan di Jawa Tengah bagus juga dia akan bangga juga,serta jadi panutan tiap2 daerah juga provinsi yang lain nya.",2026-06-02 21:58:36,0,0
Y29tbWVudDoxMDI0ODU2NTIzMjI4ODQyXzE1Njc0ODQ5NzUwMjUyMzI=,Amin Mebel,100078120460307,Gobloknya pemimpin sekarang  makanya indonesia hancur,2026-06-02 21:58:09,0,0
Y29tbWVudDoxMDI0ODU2NTIzMjI4ODQyXzE1NjU3OTMwNTQ5NDU1MDQ=,Blu Perindu,61588805856248,Gubernur tolol,2026-06-02 21:55:47,0,0
Y29tbWVudDoxMDI0ODU2NTIzMjI4ODQyXzIwODUyODg1MTkwNzE3OTA=,Mamahnya Syam,61554274547574,Gubernur tolol,2026-06-02 21:54:49,0,0
Y29tbWVudDoxMDI0ODU2NTIzMjI4ODQyXzEzNjExNDQ5MjkyMDc4Mzk=,Bambang Irawan,100005398879381,Gubernur goblok,2026-06-02 21:53:07,0,0
Y29tbWVudDoxMDI0ODU2NTIzMjI4ODQyXzkzMzE4NzgzMzA3NjA1Ng==,Gail Habis,100066141852454,Ini gubernur cari untung aj kerjaan nya... gubernur anjing,2026-06-02 21:52:00,0,0
Y29tbWVudDoxMDI0ODU2NTIzMjI4ODQyXzI3MTA3MjQzNjU5NjMzMjE=,Muhamad Gusfahim,100078892397142,"Gub otak tolol ,yg milih juga orang tolol cocok podo2 tolol",2026-06-02 21:51:22,0,0
Y29tbWVudDoxMDI0ODU2NTIzMjI4ODQyXzkyNDkxODUyMDU3Mjc0OQ==,Bobi Ambe,61554089093927,Lantas untuk apa masarakat miskin di harus kn bayar pajak jika jln aja GK di bangun,2026-06-02 21:44:48,0,0
Y29tbWVudDoxMDI0ODU2NTIzMjI4ODQyXzIyNDI3MTA3MzMyMjg5MTg=,Ariff Arsyaa,61587672271568,"Ini goblok nya pemerintah sekarang, lebih memilih untung nya dari pada manfaatnya buat masyarakat",2026-06-02 21:42:42,0,0
Y29tbWVudDoxMDI0ODU2NTIzMjI4ODQyXzEwMjMyNjU5NzAyMzY3NDE=,Jaka Jaka,100003763836074,Kwalitas Gub Jateng blas g memberi solusi.,2026-06-02 21:34:26,0,0
Y29tbWVudDoxMDI0ODU2NTIzMjI4ODQyXzEzMzMxNDAzNDE2MDU3ODE=,Dewa Ari,61581810495936,Gubernur goblok,2026-06-02 21:30:49,0,0
Y29tbWVudDoxMDI0ODU2NTIzMjI4ODQyXzEyOTU1Mzc1ODI3Mzg4Mzg=,Ucrit Rasa Tumis Kangkung,100003029238572,"Lah klo gitu orang kampung di anggap sampah ya,karena bangun jln bukan jalur ekonomi gak ada manfaat nya,picik bgt pemikiran nya🤣",2026-06-02 21:22:07,0,0
Y29tbWVudDoxMDI0ODU2NTIzMjI4ODQyXzE0MDM5ODk0MjgyMDMxODA=,Edi Maulana,61552293938155,Gubernur Lupi di. Kritik bubati nya sendiri masa engga tau malu Bupatinya seorang ibu lagi kita di lahirkan seorang rahim ibu engga boleh ngelawan dosa seorang gubernur lebih tinggi jabatan nya ko pengalaman nya lebih luas bupati mungkin gubernur nya songong kaliii,2026-06-02 21:18:22,0,0
Y29tbWVudDoxMDI0ODU2NTIzMjI4ODQyXzEzNzgzMDU3ODQxMzExOTI=,Buono Abu,61576557269800,Menuju kehancuran SanG pemimpin seperti ini,2026-06-02 21:17:58,0,0
Y29tbWVudDoxMDI0ODU2NTIzMjI4ODQyXzM0MTI2MDEyODg5MDk4NTE=,Desi Noni,100094801977749,Gubernur Jawa Tengah PEKOK....katanya bekas Kapolda nyatanya pikiran nya dn otak nya pekok.. jangan2 dl masuknya ke polisian lewat jalur tol ya 😂😂😂,2026-06-02 21:17:58,0,0
Y29tbWVudDoxMDI0ODU2NTIzMjI4ODQyXzIxNTA2NTQ4Nzg4NDEzODI=,Mulz All,100000579003064,Bicara mu tak sebaik hasil kerjamu.,2026-06-02 21:16:34,0,0
Y29tbWVudDoxMDI0ODU2NTIzMjI4ODQyXzEzMjE2Mjk3MDkzNTQzMDc=,Sunari Ari,61551792684126,Gubernur yg beginini harus di pertahankan.goblokna,2026-06-02 21:14:39,0,0
Y29tbWVudDoxMDI0ODU2NTIzMjI4ODQyXzEzNjMxMTM2MDIzMzMxNDE=,Sandy Suhaya,100069420360909,Ga ngotak. Ga ada otak.,2026-06-02 21:12:47,0,0
Y29tbWVudDoxMDI0ODU2NTIzMjI4ODQyXzE0MTIyMTgwNDA5Mzc5MzE=,Joko Driyono,100055715682263,"Pasti yg dulu milih dia jadi gubernur lagi nangis nih di pojokan sambil bilang nyesel aku nyesel milih orang tolol ini,",2026-06-02 21:10:52,0,0
Y29tbWVudDoxMDI0ODU2NTIzMjI4ODQyXzEyODgwNTAwMDY4MTcxMjI=,Krisna Gaplek,100065555269723,Provinsi lain jangan iri ya sama gubernur jateng ini pemikiranan sangat tidak mutu🤭🤭🤭,2026-06-02 21:07:21,0,0
Y29tbWVudDoxMDI0ODU2NTIzMjI4ODQyXzIyMzc2NjYyOTM2Mzc1MDk=,Agung Sarwa,100093388910055,Ini asli 100 psen gbnur busuk.   ..pnter bicara. Kerja bagi. Msarakat miskin 0000. ..gak mkin ada jalan  atongak mkin. Jalan di bwat. Tanpa ada keperluwanya.   Karna koerluwan makanya harus di buwatin jalan ...  Kalo lbih tepat di krupsi.  Pak gbnur busuk,2026-06-02 21:04:59,0,0
Y29tbWVudDoxMDI0ODU2NTIzMjI4ODQyXzIxMDcwMDIyMDY1Mjk5MzQ=,RO Koman,61587803591620,Otaknya Tdk bermanfaat,2026-06-02 21:03:32,0,0
Y29tbWVudDoxMDI0ODU2NTIzMjI4ODQyXzQzMzg4ODQ4Njk3MTQ3NjU=,Bang Indra,61587052821637,Gubernur tolol,2026-06-02 21:02:22,0,0
Y29tbWVudDoxMDI0ODU2NTIzMjI4ODQyXzI3MzMxNjA1Nzk5ODYwNzYz,Iman Iman,61566523065987,Malum gubernur jateng palupi itu masih bodoh 😝😝😝,2026-06-02 21:02:16,0,0
Y29tbWVudDoxMDI0ODU2NTIzMjI4ODQyXzEzOTExNDE3NTk1MTQ1NDc=,Rudi AG Nasution,100088844318254,Makan parah aja ini gumbenur kasian rakyat nya,2026-06-02 20:54:54,0,0
Y29tbWVudDoxMDI0ODU2NTIzMjI4ODQyXzE0MDU4NzY3NzgyMzY4MjY=,Bayu Ibrahim,100013132023369,😂😂gubenur jateng kebanyakan omong omong kaga jelas banyak milih jalan jadi gubernur itu harus merata jalan desa waduh,2026-06-02 20:52:35,0,0
Y29tbWVudDoxMDI0ODU2NTIzMjI4ODQyXzIxNDIyNTkwMzk2NzYyODQ=,Muhamad Dimas Septiyanto,100074145250611,Pukulin rame rame seru ini,2026-06-02 20:45:17,0,0
Y29tbWVudDoxMDI0ODU2NTIzMjI4ODQyXzEyOTQ2NTI0NjI3OTY0Nzk=,Deni Penol,100091919485524,Gubernur tolol,2026-06-02 20:43:57,0,0
Y29tbWVudDoxMDI0ODU2NTIzMjI4ODQyXzIyNDg4ODExMzU5Mzg3Nzk=,Ilyas Sawala,61581466306714,Problemnya bapak klw uang nya di bangunkan buat jalan bapak g akan kebagian duit itu pak,2026-06-02 20:43:54,0,0
Y29tbWVudDoxMDI0ODU2NTIzMjI4ODQyXzgwMzAyMjIxMjc0NzY5Mg==,Taufiksektiawan,100063448380692,Biarkan saja pejabat kayak gini lama2 juga mati dgn sendirinya,2026-06-02 20:38:58,0,0
Y29tbWVudDoxMDI0ODU2NTIzMjI4ODQyXzg0MTg4NzI1MTkwMjEyMg==,Dawong Konbo,100000339976807,"pikiran dangkal, pejabat macam apa ini",2026-06-02 20:34:53,0,0
Y29tbWVudDoxMDI0ODU2NTIzMjI4ODQyXzE2NzgzNzA0MjY4MzAxNTU=,Rosita Rose,100081280763067,Pejabat blora ini goblok gak ada otaknya,2026-06-02 20:26:27,0,0
Y29tbWVudDoxMDI0ODU2NTIzMjI4ODQyXzEzNTc3MTQ4NDYyMTY2OTQ=,Adiwijaya,100013860616114,Yah nama nya juga gubernur dari instansi tertentu ya gitu. Pinter ngomong tapi kerja jeblok.,2026-06-02 20:24:21,0,0
Y29tbWVudDoxMDI0ODU2NTIzMjI4ODQyXzE2MDAzNDUzNDc3MzIyMTQ=,Hury Siram,100050576251451,"PD hal  gubenur pemikirannya kok pintar orang kecil2 ,pdhal jalan semua itu manpaatnya besar, PD hal orng meninggal aja ada jalannya apa lagi orang hidup kan butuh di Bagun  cari kebutuhan Han hidup sehari 2  itu kan jalan nya hts baik.",2026-06-02 20:09:38,0,0
Y29tbWVudDoxMDI0ODU2NTIzMjI4ODQyXzQ1MDQ3NDQ2NDMxNDc3NTQ=,Vidi Vidi Yudearifiaji,100087328874178,Gubernur goblok,2026-06-02 20:08:11,0,0
Y29tbWVudDoxMDI0ODU2NTIzMjI4ODQyXzQwMTg4NzIzNzg0MDY4MjA=,Ramli Angah,100028261390420,"Gebenur tak bermutu berbicara nya, tak suka dgn bicara nya..",2026-06-02 20:06:59,0,0
Y29tbWVudDoxMDI0ODU2NTIzMjI4ODQyXzM1OTMzNTk0MzI5NjIwMjg1,Nurmaysarah,100002208904875,ini gubernur goblok,2026-06-02 20:02:11,0,0
Y29tbWVudDoxMDI0ODU2NTIzMjI4ODQyXzEzMDA4MTQyNjIyNDM1OTM=,Metsyu Kinoz,100059025131960,Trus ngapain masyarakat bayar pajak klo uangnya gk d bangun jalan,2026-06-02 19:59:28,0,0
Y29tbWVudDoxMDI0ODU2NTIzMjI4ODQyXzEwMjkzNzgzNDMwMDA0MTE=,Ujang Permana,61573963680422,"Bertele tele. Daerah tersebut ekonominya ga maju ya salah satu alasannya jalannya hancur. Gimana ekonominya mau maju kalau jalannya jelek. Bapak ini pemikirannya lemah. Kalau suatu daerah ekonominya mau maju, mulai lah dengan yg dasar, yaitu jalan nya bagus.",2026-06-02 19:58:15,0,0
Y29tbWVudDoxMDI0ODU2NTIzMjI4ODQyXzE1MTY0OTgxMTMxODg2Mjc=,Roy Cyg Yanti,100037005961370,lutfi gubernur banci.,2026-06-02 19:56:41,0,0
Y29tbWVudDoxMDI0ODU2NTIzMjI4ODQyXzI0OTUxODQ3ODc2MTEyMzY=,Khoir Oi,100001270296982,Dan jangan bayar pajak karna gak ada manfaatnya dan biyaya pajak sekarang mahall sekali,2026-06-02 19:56:02,0,0
Y29tbWVudDoxMDI0ODU2NTIzMjI4ODQyXzk5MTQ0OTE5Njk0ODE0Mw==,Ot Ai,61577357231233,"Ini gubenur sakit jiwa kok jdi gubenur,, apa gk ada yang lain",2026-06-02 19:52:48,0,0
Y29tbWVudDoxMDI0ODU2NTIzMjI4ODQyXzEwMDcwOTY0OTIwMjAxMzg=,Wahyu Bhotaxx,100053675773004,Bacot,2026-06-02 19:51:23,0,0
Y29tbWVudDoxMDI0ODU2NTIzMjI4ODQyXzE3OTMxNjc3MzgzMTY1OTY=,Adin Setiawan,61579299088285,Ini gubernur. Goblok.,2026-06-02 19:48:03,0,0
Y29tbWVudDoxMDI0ODU2NTIzMjI4ODQyXzk3OTY3NTk0MTMzMzQxMg==,Abay,100062451645898,"Takut duit nya bures. Jadi mau bngun jalan aja milih milah, pola pikir yng kurang sehat. 
Itu uang rakyat, harus balik lagi ke rakyat biar bisa menikmati, hasil byar pajak.",2026-06-02 19:47:59,0,0
Y29tbWVudDoxMDI0ODU2NTIzMjI4ODQyXzk3OTg2OTc4MTYxOTgzNg==,Widya Zahra,100061123297917,Ini orang tololnya kebangetan,2026-06-02 19:47:45,0,0
Y29tbWVudDoxMDI0ODU2NTIzMjI4ODQyXzI2OTkxNTc5MDQzODQwNjA2,Ari Setiawan,61565625235217,Pemikiran bodoh,2026-06-02 19:46:35,0,0
Y29tbWVudDoxMDI0ODU2NTIzMjI4ODQyXzE3NDY4Njg4Mjk3ODQ4NDE=,Dhiela Adjh,100046534127699,warga jateng    hrus demo  ke lutfi   turun kn jadi  gubernur..  lutfi tidak mendukung jln desa mulus...  wkwkwk,2026-06-02 19:46:16,0,0
Y29tbWVudDoxMDI0ODU2NTIzMjI4ODQyXzE1NDUwNzI5MzcxNjU5NTE=,Yanto Subariyanto,100093666522370,Aneh betulin jln pilih pilih  udah tau jln rusak mending mundur dari gubernur tambal kln,2026-06-02 19:45:58,0,0
Y29tbWVudDoxMDI0ODU2NTIzMjI4ODQyXzk3Mzc0MDIzMjIxNjEyOA==,Muha Jirin,61559411639908,Gubernur bego tolol  oon,2026-06-02 19:44:46,0,0
Y29tbWVudDoxMDI0ODU2NTIzMjI4ODQyXzM2MTQxMzg5OTU0MDgwNjA=,Syamsul Huda,100022406224999,kebayakan teori gk ada pembagunan contoh kdm gunakan uang pajak jangan d korup bayak bicara gk ada kerja,2026-06-02 19:41:18,0,0
Y29tbWVudDoxMDI0ODU2NTIzMjI4ODQyXzk4NDk0MTIzMDc4OTUyNQ==,Setiyono Agus Prihatin,100088447694299,Gablugh minim pengetahuan di lapangan cuma percaya dengan laporan bawahan,2026-06-02 19:39:54,0,0
Y29tbWVudDoxMDI0ODU2NTIzMjI4ODQyXzE4ODIxODg2NDkxMTU1MTk=,Heri Yana,61575808276514,Goblog nya ..gubernur ....data pikir nya minim....jln ko g ada manfaat...nya ..otk dengkul ..itu.....ko mau milih gubernur .goblog .....?,2026-06-02 19:35:16,0,0
Y29tbWVudDoxMDI0ODU2NTIzMjI4ODQyXzE2NDQ5NzU1MTAxNDAzODA=,Alghean Putra Pasundan,100018086977575,Otak duit y begitu pemimpin yg otaknya ada yg menguntungkan doang.,2026-06-02 19:34:40,0,0
Y29tbWVudDoxMDI0ODU2NTIzMjI4ODQyXzk4NTg4NzU1MzgyMTI5Ng==,Harun Fetter,61579032301029,Masih ada orang Jawa tengah pilih orang ini. Sangat tolol,2026-06-02 19:33:47,0,0
Y29tbWVudDoxMDI0ODU2NTIzMjI4ODQyXzIyODYwMTU1OTIyNDI1NTA=,Mancing Mania,100012441135951,Otak rumet ini gubernur. KDM matap,2026-06-02 19:31:41,0,0
Y29tbWVudDoxMDI0ODU2NTIzMjI4ODQyXzEwMDQ2NjY0Nzg5ODAzMDU=,Teddi Nst,100090010133994,GUBERNUR GOBLOK. PERLU DINEPAL KAN INI.,2026-06-02 19:25:54,0,0
Y29tbWVudDoxMDI0ODU2NTIzMjI4ODQyXzE1MjI0MTQ3MTU5NDM5MDM=,Gentong Seter,61555842387291,Yo rasakno Jateng di gobloki waktu kampanye titipan Jokowi ya gitu. Gak bisa mikir itu Lutfi,2026-06-02 19:23:30,0,0
Y29tbWVudDoxMDI0ODU2NTIzMjI4ODQyXzI3MjM4MDMxODk5MTQyNzE3,Hibatur Kasyfi,100004047098452,Ko pejabat bgitu omong goblok banget dia mentingin warga uda ada pemilihan jangan ada pejabat desa,2026-06-02 19:21:30,0,0
Y29tbWVudDoxMDI0ODU2NTIzMjI4ODQyXzQwMDgxMTMxNjYxNTU1NjY=,Kebabsultan,100035493290818,Mirissssssss mirissss,2026-06-02 19:20:11,0,0
Y29tbWVudDoxMDI0ODU2NTIzMjI4ODQyXzQyODMyNjY4MDE5MjU4MDU=,Ragsanjani R,100028236676852,"SILAHKAN KAN TELUSRI LATAR BELAKANG SI LUTFI INI.... UJUNG UJUNGNYA DIA MASIH KELUARGA #PKI... 

#SIFAT #SIKAF #WATAK DAN KARAKTER NYA 97% PKI..... 

TERUTAMA SAAT NYINYIR NYA ITU MASUK DALAM. PROGRAM NYA JOKOWI YAITU PROGRAM. NYA #KGB (KOMUNIS GAYA BARU) #MEMBALIKAN #FAKTA #MENJATUHKAN ORANG LAIN... #MENGELES SEKALI PUN SALAH CONTOH SOAL PEMBANGUNAN JALAN D PROP JATENG SAAT INI... JAWABANYA SLLU MEMBELA DIRI LALU MENJATUHKAN KDM... 

SPRTI ITU LAH PROGRAM NYA JOKOWI DALAM GEROMBOLAN NYA INI #KGB ( #KOMUNIS_GAYA_BARU..) BUKAN #KDM YA... HATI HATI LHO SLAH TAFSIR...",2026-06-02 19:16:38,0,0
Y29tbWVudDoxMDI0ODU2NTIzMjI4ODQyXzEzODEzODE5NjA1NTQzMjI=,Saefullah Saefullah,100083252351922,"Tolong lengser kan secepatnya.. gubernur yg ga ada guna ini  fi elu bodoh pura"" atau bodoh beneran",2026-06-02 19:09:12,0,0
Y29tbWVudDoxMDI0ODU2NTIzMjI4ODQyXzE2NDQ5MTQ2MzAxMjMxMDg=,Zikry Lullah Ana,61550925267203,Pikiran nya pendek org ini.. bodoh nya minta ampun... Kalo mau berpikir itu bikin jln yg bagus nanti ekonomi tumbuh kalo udh jln nya bagus,2026-06-02 19:03:51,0,0
Y29tbWVudDoxMDI0ODU2NTIzMjI4ODQyXzg1NTYwMzU4NDI1MzY4Mg==,Bpk Rendi,61585790983133,Gubernur..lutpi....ber.tele..tele..tida..becus.kerja...Ntek..koruptor..eSpadalah..,2026-06-02 19:02:49,0,0
Y29tbWVudDoxMDI0ODU2NTIzMjI4ODQyXzQzNzcyODE5NDU4NTUwNDY=,Topan Bagara,100091915594396,"Wahhhh makin hari semua pejabat lupa sama janji janji y waktu kampanye,,",2026-06-02 19:02:13,0,0
Y29tbWVudDoxMDI0ODU2NTIzMjI4ODQyXzE1MjE3NjU2NzYxMTg3NjY=,Yusar Ratna,61575026536802,"Uang pajak kemana pk, ini orang gk ada malau nya",2026-06-02 19:02:05,0,0
Y29tbWVudDoxMDI0ODU2NTIzMjI4ODQyXzE1MTU4MTM5NDY2Njg3MzI=,Rey Yana,100069512656586,Tolol,2026-06-02 18:56:16,0,0
Y29tbWVudDoxMDI0ODU2NTIzMjI4ODQyXzQ0OTAwNTE4NjQ2NDkwOTQ=,Sukamto Kamto,100076354938096,"Gubernur bodoh yang keminter, ini gubernur kita",2026-06-02 18:54:56,0,0
Y29tbWVudDoxMDI0ODU2NTIzMjI4ODQyXzEyMDUzOTUxODQ5NDc0NTI=,Piping,100095385189912,Sama goblog nya gubrnor Jawa tenga.dgn jwa Timur  harta di timbun,2026-06-02 18:47:22,0,0
Y29tbWVudDoxMDI0ODU2NTIzMjI4ODQyXzI0MjM0NTA2NjQ4MzQ0MzU=,Tinta Emas,100012809776567,Ngawur bangun ajah semua semua jalan pasti ada manfaatnya.atnya  pejabat itu seharusnya memikirkan rakyat bukan memikirkan keluarga nya,2026-06-02 18:46:18,0,0
Y29tbWVudDoxMDI0ODU2NTIzMjI4ODQyXzE1MjI5MzUxMzYwODI3MTQ=,Jarot Bule,100026073850375,percuma ibu ngobrol sama gubernur yang tidak merakyat wajib di lengserkan di ganti itu gubernur lutfi,2026-06-02 18:43:04,0,0
Y29tbWVudDoxMDI0ODU2NTIzMjI4ODQyXzEwMDcwMjgwNDg0MDcwOTg=,SuGiin,100057645337943,"aggp aja jln stapak k kntor bupati to k gubernur ,,tntu bupati gubernur pjbat"" mlas prgi k kntor,,bgtu jg ptani,,TDK smngat pgi krj KL jln ny ancur Kya isi kepala"" pjbat yg bejat GK amanah,,",2026-06-02 18:41:25,0,0
Y29tbWVudDoxMDI0ODU2NTIzMjI4ODQyXzE5Nzg1MjQ4NjI3ODQ5ODU=,Sungkono,100069434930753,"Kok tanggapan gubernur seperti anak anak ya, kasihan saya.
Kalo menurut saya, jln desa,kabupaten,propinsi dan nasional, sebagai gubernur seharusnya cepat tanggap.
Apalagi ini sekelas bupati yang kasih masukan, kok seperti tidak di anggap ya,",2026-06-02 18:37:56,0,0
Y29tbWVudDoxMDI0ODU2NTIzMjI4ODQyXzEzOTEwODUyMTI4NDc3NjQ=,Herlina Wati,100055834295399,Pintar  tapi  tolol,2026-06-02 18:30:24,0,0
Y29tbWVudDoxMDI0ODU2NTIzMjI4ODQyXzIyMTg2MjMxMzIyNDU2OTQ=,Sumarna,100047279810156,gubrnur jateng gblok,2026-06-02 18:29:28,0,0
Y29tbWVudDoxMDI0ODU2NTIzMjI4ODQyXzE3NDA1NjM5MDcxMTcyNjE=,Zamroh Basu,100089622123327,Gubernur TOLOL YA INI ORANGNYA. DI MANA ADA JALAN KOK GA BERMANFAAT,2026-06-02 18:25:14,0,0
Y29tbWVudDoxMDI0ODU2NTIzMjI4ODQyXzEyNjE4ODcyMjI0MjkwMDE=,Kento Bedoyo,100074096169062,BerArti  jalan di pedesaan ndak ada guna. Jadi didesa gak usah bayar pajak dan gak usah milih dipemilu lor.,2026-06-02 18:23:50,0,0
Y29tbWVudDoxMDI0ODU2NTIzMjI4ODQyXzExNTIwNTIzODc5ODg5MzA=,Km Bintang Utara,100052201806690,"Gak jelas bapak gubernur Jateng, gak seperti bapak gubernur KDM mana ada jalan di bangun semua buat rakyat nya. Biyar pun itu jalan di Plosok kampung",2026-06-02 18:18:53,0,0
Y29tbWVudDoxMDI0ODU2NTIzMjI4ODQyXzQzOTA1ODY1NjEyMDM1MTA=,Guna Wan,100077003694763,Gubernur begini harus di demo dan di turunkan saja ini kalo di biarkan ga ada manfaatnya bagi orang Jawa tengah,2026-06-02 18:17:26,0,0
Y29tbWVudDoxMDI0ODU2NTIzMjI4ODQyXzIwNjQ0NzE3NDQ5NDkyNTM=,Vhitriany Nizar AL'Ayuby,100010791010205,"Lahhh omongan kok polah pilah bukanya seluruh masyarakat harus menikmati pemerataan pembangunan tsb,??
Dan otomatis hasil dari pembangunan jalan tsb justru akan memudahkan akses transportasi dan ekonomi masyarakat pie toh gubernur Iki ??",2026-06-02 18:16:14,0,0
Y29tbWVudDoxMDI0ODU2NTIzMjI4ODQyXzIwMDIxMTYxNzcwNTczODE=,Toto Mumbolduwur,100003910624230,Manusia paling bodoh,2026-06-02 18:13:50,0,0
Y29tbWVudDoxMDI0ODU2NTIzMjI4ODQyXzI2OTc4NjYyNzg1MTE3MTc2,Yusup Lohot,100087449125966,gub pling tolol,2026-06-02 18:13:13,0,0
Y29tbWVudDoxMDI0ODU2NTIzMjI4ODQyXzE4MzkzNDk1MzQxMzc3OTY=,Ezha Mahesa,100057780003364,"Nah dngr sendiri wilayah desa yg diusulkan ,kata gubernurnya gk penting jln desa klian dibangun gk ada untungnya, klo gtu klian berhak gk wajib bayar pajak, karna gk ada untungnya kalian bayar pajak",2026-06-02 18:13:03,0,0
Y29tbWVudDoxMDI0ODU2NTIzMjI4ODQyXzk3MTY1Nzk0MjE1OTEzMA==,Astina BF,100067495820309,Parah ni gubernur cara berpikirnya masa membangun di lihat dari kemangpaatan parah parah.,2026-06-02 18:11:46,0,0
Y29tbWVudDoxMDI0ODU2NTIzMjI4ODQyXzE5MTk4MDY4NzIwNDcyOTc=,Amran Baco,61568589178403,Gubernur tolol,2026-06-02 18:07:05,0,0
Y29tbWVudDoxMDI0ODU2NTIzMjI4ODQyXzE2MTc2OTgxNzU5OTU4NTQ=,Budi Hartono,100045332208848,Gubenur tidak memiliki jiwah mebangun tidak pantas jadi pemipin,2026-06-02 18:03:29,0,0
Y29tbWVudDoxMDI0ODU2NTIzMjI4ODQyXzQ2MDYxMDM1Mzk3MTI5MTE=,Andika Irawan,100044849868080,Gblk🤭🤣🤣,2026-06-02 17:58:16,0,0
Y29tbWVudDoxMDI0ODU2NTIzMjI4ODQyXzIzNzExMDc4NTAzOTY5NDA=,Arbaun Tolelet,100033806686627,"Uang rakyat aja ko di persulit.
Bangun aja kalau ada dana",2026-06-02 17:57:22,0,0
Y29tbWVudDoxMDI0ODU2NTIzMjI4ODQyXzE2NzA1MzM5OTc1MTcxNjM=,Setyawan Setya,61581069577642,"Pernyataan paling goblog dari PEJABAT publik yg pernah saya dengar...
Ternyata orang Jawa Tengah ga pada punya nyali tuk melengserkan pejabat tolol macam gitu...
PEJABAT tak berguna menjijikan",2026-06-02 17:57:14,0,0
Y29tbWVudDoxMDI0ODU2NTIzMjI4ODQyXzEzNzI0MjE2ODgxMTA5NzI=,Ady,100000661536358,Bilang aja uang nya habis.ngga cukup.anak buah susah di atur.mentok sama partai kalau mau tegas.ah gitu aja repot.,2026-06-02 17:45:49,0,0
Y29tbWVudDoxMDI0ODU2NTIzMjI4ODQyXzIwMjEyNTc2NjUyNjU1MTk=,Zafal Jimad Kalimosodo Faron,100003720867715,Gupenur goblok kok di pilih ingat 2029 partainya kadernya gak ada yg pecus itu,2026-06-02 17:44:08,0,0
Y29tbWVudDoxMDI0ODU2NTIzMjI4ODQyXzEzMzIzODY0ODIzNjgxODU=,Istana-interior,100046669070196,Pekok bintolol. Ini dia mikir jalan yg bagus cuma yg biasa dia lewati dan keluarganya pak gubernur .,2026-06-02 17:40:45,0,0
Y29tbWVudDoxMDI0ODU2NTIzMjI4ODQyXzgwMjQ0OTA1OTQ3MjgyMA==,Marcel,100023422154178,"Dasar gubernur TOLOL,,.",2026-06-02 17:40:37,0,0
Y29tbWVudDoxMDI0ODU2NTIzMjI4ODQyXzEzNzM4NTE5NDQ1NzQ4MTQ=,Mas Mudjet Sajho,100017434967916,Gub taEk,2026-06-02 17:39:11,0,0
Y29tbWVudDoxMDI0ODU2NTIzMjI4ODQyXzE0OTc0NjA2MDEyMzU4NTY=,Jaki Prasetia,100022316220368,Ya jalan  di perbaiki yang banyak mnpaat nya trus. Masarakat byar pajak. Ga ad mnpaat nya berati  masarakat g usah bayar pajak.,2026-06-02 17:38:13,0,0
Y29tbWVudDoxMDI0ODU2NTIzMjI4ODQyXzE3NDE3Njc1NjM0NzY3ODI=,Rusdy Ble E,100029185747880,Gub g mau uang y buat kebutuhan rakyatnya,2026-06-02 17:26:54,0,0
Y29tbWVudDoxMDI0ODU2NTIzMjI4ODQyXzE3MDUyMzE5ODcyNzA1NDg=,Siswanto,100052041462151,Pemimpin yang gak respect sama rakyat,2026-06-02 17:24:25,0,0
Y29tbWVudDoxMDI0ODU2NTIzMjI4ODQyXzIxNTQ3OTA3MjUwNjQ3Njk=,Danus Ohang,100077593553535,"Pantes nyinyir Kdm, gub  jateng mementingkan klo ada efekdomino ekonomi ...ini pemikiran pemimpin pekok ga tahu jalan itu sarana penunjang kemajuan duatu wilayah bagaimana bisa maju suatu daerah bila jalannya masih jelek /rusak ya gakan maju2",2026-06-02 17:22:46,0,0
Y29tbWVudDoxMDI0ODU2NTIzMjI4ODQyXzI0MzE2NzQ0OTA2Njg1MTc=,Amirudin,100022671551359,"Gub. yg goblok...
..",2026-06-02 17:19:50,0,0
Y29tbWVudDoxMDI0ODU2NTIzMjI4ODQyXzEzMTg1NzkxMDI5NTIyNTc=,Moris Roy,61574644631008,banyak bacot lutfi,2026-06-02 17:02:28,0,0
Y29tbWVudDoxMDI0ODU2NTIzMjI4ODQyXzE2OTMzODUyMDg0ODAxNTU=,Adam Rinjani,100029252721890,"Satu periode terlalu lama utk Gubernur seperti ini,",2026-06-02 17:02:16,0,0
Y29tbWVudDoxMDI0ODU2NTIzMjI4ODQyXzkyOTUzNzM1Njc4OTQ0OQ==,Agus Agoy,100071331205714,Gubernur setres  otak cetek. Ko bisa yah orang begini jadi gubernur. Saya ga habis pikir itu omongan nya apa dip,2026-06-02 17:02:05,0,0
Y29tbWVudDoxMDI0ODU2NTIzMjI4ODQyXzk4MzkzODMxMTE1NDM5NQ==,Bayu Adjie,100035285473005,"kasihan para kontraktor gx pada dapat job dari gubernur ini hahaaaassuuuuu.
   makan aja pak gub uang nya dan bagikan ke kluarga lho aja",2026-06-02 16:57:23,0,0
Y29tbWVudDoxMDI0ODU2NTIzMjI4ODQyXzMwNDk5MzY0NTE4NzA3MjM=,Ratu Chip,61569614175029,"GUBERNUR GK ADA OTAK ITU, KENAPA JATENG DIAM SAJA PANTAS NYA SI LUTFI ITU DI NEVALKAN SAJA .",2026-06-02 16:54:03,0,0
Y29tbWVudDoxMDI0ODU2NTIzMjI4ODQyXzkyMzg4OTUyMDY2MzA5Nw==,Yadi Suryadi,61586073560638,Sangat Setuju  pak lutfi wajib 2 priode. Harga mati 👍ketololan sangat gubernur jateng  pikiran nya dunggu,2026-06-02 16:54:02,0,0
Y29tbWVudDoxMDI0ODU2NTIzMjI4ODQyXzM2MTA2ODgyNDU3NjA4MzA=,Muhammad Asep Dian Hidayat,100001502533464,Tida ada manfaat untuk dia bukan untuk masyarakat,2026-06-02 16:51:10,0,0
Y29tbWVudDoxMDI0ODU2NTIzMjI4ODQyXzk4MDIwMDY1NDYzMjU5OA==,Babeh Arul,61556928149472,Otak di dengkul kaya gini,2026-06-02 16:49:38,0,0
Y29tbWVudDoxMDI0ODU2NTIzMjI4ODQyXzI2NTExODMwOTExODI4MzYz,Dodik,100020535350213,"mana jalan yg tdk ada manfaatnya..
wes kelihatan motor,masuk,mobil masuk..
wes di buat lalu lalang kendaraan..
mana yg rusak,,yo cepet di perbaiki to pak..
krn pembangunan jln semua masyarakat itu merasakan...",2026-06-02 16:46:06,0,0
Y29tbWVudDoxMDI0ODU2NTIzMjI4ODQyXzE1NDc1ODg3NzM2MjcwNDE=,Paijo,100071106327320,Rakyat cuma sbg alat peras Byer pjek Negoro dwet pjek gwe kopdes mbg ada LGI unk korban kn presiden ada lagi unk jln jln presiden ke Paris itu uang rakyat,2026-06-02 16:44:53,0,0
Y29tbWVudDoxMDI0ODU2NTIzMjI4ODQyXzEwMzc3MjYyNjIyNzQzNTQ=,Ideng,100085451775026,Masarakat di anggap  bodoh oleh gubernur jateng,2026-06-02 16:43:43,0,0
Y29tbWVudDoxMDI0ODU2NTIzMjI4ODQyXzIwNDc2MTQwNjI1MzM4NjI=,Jhocker Ahmad,100003528766274,Pejabat anjing,2026-06-02 16:40:39,0,0
Y29tbWVudDoxMDI0ODU2NTIzMjI4ODQyXzE5NTk5NDExNzE1NTEyMDI=,Muhamad Jaedy,100005950650444,"Kebanyakan omon-omon, diskusi, rapat dll.... Keburu abis uangnya... Bukannya langsung gerak Anggarannya kan ada tiap provinsi...",2026-06-02 16:40:31,0,0
Y29tbWVudDoxMDI0ODU2NTIzMjI4ODQyXzEyOTA2MDYzMDk5MDEyODg=,Kay Okay,100001536619574,Bukan jalannya bermanfaat atau ngak.. itu pemimpinnya bermanfaat ga untuk warganya...,2026-06-02 16:40:20,0,0
Y29tbWVudDoxMDI0ODU2NTIzMjI4ODQyXzIxOTk0OTYxNzc1MDI1Mzk=,Hari Supriyo Supriyanto Dhanang,100062476944807,Benar sekali bpk gubernur Uangnya buat bancaan aja di bagikan anak buah bpk gubernur aja,2026-06-02 16:38:45,0,0
Y29tbWVudDoxMDI0ODU2NTIzMjI4ODQyXzE4NzI0MzY5NTAxMDc5NDE=,Nurdin Tula,61567737775134,gubernur bodoh sekali  buat jalan tdk pilih pilih daerah  namanya pemerataan  pembangunan,2026-06-02 16:38:32,0,0
Y29tbWVudDoxMDI0ODU2NTIzMjI4ODQyXzk3OTQ3MTIzODM5MDM1Mw==,Maryadi Widjaya,61577927774857,Lebih ngak ada manfaatnya punya gubernur macam ini,2026-06-02 16:35:38,0,0
Y29tbWVudDoxMDI0ODU2NTIzMjI4ODQyXzE1NTQyNzM3MzYzNTY4Mjk=,Joni Suheri,100015731977488,Tolol,2026-06-02 16:27:57,0,0
Y29tbWVudDoxMDI0ODU2NTIzMjI4ODQyXzEzNDg1MzY0NzcyMTc5ODI=,Bpk Edy Bpk Edy,61573143983537,"Pemimpin tak beguna,mundur aja kau lufti,sdkt pun kau tak berguna🦮🦮🦮👎🏻👎🏻👎🏻",2026-06-02 16:19:03,0,0
Y29tbWVudDoxMDI0ODU2NTIzMjI4ODQyXzE3MjA5MzE1MDU3MDY4ODk=,Eko Setiawann,61576930443936,"KOPLAK GUBERNUR INI MAH...
!!!!! EGOIS....WAWASANNYA KERDIL....LEBIH PINTAR IBU2...",2026-06-02 16:18:47,0,0
Y29tbWVudDoxMDI0ODU2NTIzMjI4ODQyXzEwMTYyMDQ2MjEwOTQwNDY=,Wawan Penang,61575891705710,"Jawa tengah tuh salah besar,orang setres di jadiin gubernur ya gini, lihat gubernur Jawa barat,",2026-06-02 16:13:54,0,0
Y29tbWVudDoxMDI0ODU2NTIzMjI4ODQyXzEwMTYzODc0NzQxMjQ2MzA=,Marisca Delahoya,100037834059451,Gubernur koq peko otak ne,2026-06-02 16:07:26,0,0
Y29tbWVudDoxMDI0ODU2NTIzMjI4ODQyXzE1MTI5MDAzOTcyOTczODU=,Sutriono Sutriono,100082085596386,Gubenur gk punya malu sprti anak kecil,2026-06-02 15:59:06,0,0
Y29tbWVudDoxMDI0ODU2NTIzMjI4ODQyXzE2NTM3MTU1MjU2Nzg0MDU=,Harlan Pemalang,61568983223408,"Gubernur tolol loe,, 👎👎👎👎👎😡😡😡😡😡",2026-06-02 15:49:48,0,0
Y29tbWVudDoxMDI0ODU2NTIzMjI4ODQyXzg3NTY5MTQ3NTAwNDkwMw==,Ariesoff Thekiil,100077336596996,Harus diganti gubernur KY gini sebab dia lebih memperkaya diri serakah sendiri gak ada pedulinya SMA masyrkt,2026-06-02 15:44:55,0,0
Y29tbWVudDoxMDI0ODU2NTIzMjI4ODQyXzEwMjc3MDM4ODMwMTUzMjA=,Carum Z,61565654016256,Kasihan masarakat kalau mempunyai gubernur pola pikir nyah kaya orang dungu,2026-06-02 15:43:30,0,0
Y29tbWVudDoxMDI0ODU2NTIzMjI4ODQyXzE3MjQyMjAwMjIzNDcyMDE=,Riski Ariwibowo,100044692839633,Banyak bacot kerja ga becus😀.ko bisa dia jadi gubernur.,2026-06-02 15:40:11,0,0
Y29tbWVudDoxMDI0ODU2NTIzMjI4ODQyXzEwMTQ4ODQ3MzQzMzU5OTA=,Sanjya,100083020114628,Rakyat Jateng msih suka dengan politik ...,2026-06-02 15:33:24,0,0
Y29tbWVudDoxMDI0ODU2NTIzMjI4ODQyXzkzMzIyMjY1MzA3OTI0Ng==,Agus Itc,100004156542276,"Gubernur ginii kok di pertahankan,,apa GK malu rakyatnya",2026-06-02 15:28:17,0,0
Y29tbWVudDoxMDI0ODU2NTIzMjI4ODQyXzE3MDMwNTkwNzExMTQ2ODY=,Putra Penengah,61575708781980,"Sy selaku Jateng aja
Liat ny muakkk 🤮
Cara bahasa ny gk bijak, tinggi hati 
Sifat merendah ny gk ada",2026-06-02 15:26:26,0,0
Y29tbWVudDoxMDI0ODU2NTIzMjI4ODQyXzE2Mjk1NjMzMjE0NTU0Nzc=,Atep Aroy,61559621832760,Gubernur otak kosong sama dengan ucapannya omong kosong,2026-06-02 15:22:13,0,0
Y29tbWVudDoxMDI0ODU2NTIzMjI4ODQyXzE5ODMzMzQxMjI1NzI4NTU=,Ismail Ahmad Thoif,100074580911270,"dia dari partai pdi p ya pantes ga mau bangun jateng di suruh ibu nya jateng ga usah di bangun biarin aja nanti juga ga kepilih lg jd dia udah bodo amat kasihan deh jateng punya gupernur ko gitu contoh dong jabar sama maluku utara punya gupernur benar"" membangun dengan hati ikhlas",2026-06-02 15:21:39,0,0
Y29tbWVudDoxMDI0ODU2NTIzMjI4ODQyXzk1Nzc4MDMwMDU5MjQ1NA==,Ismail Ahmad Thoif,100074580911270,siapa yg suruh milih orang macam gini jd gupernur jateng syukur rasain ini buat pelajaran selanjut nya gupernur melempem itu pantas nya jd rt baru cocok,2026-06-02 15:17:29,0,0
Y29tbWVudDoxMDI0ODU2NTIzMjI4ODQyXzIyMTg3NTEyODg4OTMwNzM=,Aspuri,100054152176331,Dasar gubernur koplok ngga ada gunanya ayu kita nepalkan saja,2026-06-02 15:11:00,0,0
Y29tbWVudDoxMDI0ODU2NTIzMjI4ODQyXzE1NTIzOTYzNjMxMjcxMjU=,Marke Tihng,61586765814699,bodoh gubernur tuh jawa tengah,2026-06-02 15:09:28,0,0
Y29tbWVudDoxMDI0ODU2NTIzMjI4ODQyXzEyNjM5MDY4MTU1NTY1MTE=,Adipati Seto Pamungkas,100001203378078,"kemarin mau nyaingin KDM jaln ditambalin sekarang bnyak omon"" doang setiap jln da pjknya pak mau jln apapun pemprov cuma tinggal bikin ini bnyak alasan",2026-06-02 15:07:07,0,0
Y29tbWVudDoxMDI0ODU2NTIzMjI4ODQyXzEzMDM2OTYzNDE5MTY2MzU=,Endah,100036280808964,Otak tidak bermutu gubernur Jateng,2026-06-02 15:03:37,0,0
Y29tbWVudDoxMDI0ODU2NTIzMjI4ODQyXzE2NzI1MjUyNzM5Njk5NTQ=,Miller Miler,61587710639798,Warga y aja diem aja.demo pecatau aja di pimpin oleh orang kaya gitu,2026-06-02 14:58:24,0,0
Y29tbWVudDoxMDI0ODU2NTIzMjI4ODQyXzc5MTkzNDgyNzIxNjU4MA==,Edi Junaedi,100026188551644,😅😅😅😅koplak nih gubernur masa mau bikin jalan harus pilih pilih.berarti bayar pajak juga harus pilih pilih .uang nya buat bangun jalan yg mana,2026-06-02 14:53:37,0,0
Y29tbWVudDoxMDI0ODU2NTIzMjI4ODQyXzM5ODA4MDg5MTUzODY4ODY=,Sabar Santoso,100054895804598,Goblok ini gub,2026-06-02 14:48:40,0,0
Y29tbWVudDoxMDI0ODU2NTIzMjI4ODQyXzQ0MjAxNDcyMzgyNjk4MTY=,Ridwan Kusnadi,100000868783874,Lah berarti. Pikiran dia selama ini ngrasa rakyat itu goblok sampe gak tau jln propnsi.jln nasional..jln pemda jln desa..gusti.sampe sgtunya otak pejabat,2026-06-02 14:46:30,0,0
Y29tbWVudDoxMDI0ODU2NTIzMjI4ODQyXzk3MzE1NzI3NTU4MjQ5Mg==,Abdur Sangpemimpinsejati,100000593582601,"Rakyat kalau tidak bisa bersatu ,gak akan bisa lawan mereka",2026-06-02 14:45:06,0,0
Y29tbWVudDoxMDI0ODU2NTIzMjI4ODQyXzEzNjU2NzY0MTU2MTQyMTk=,Wira Denta,100094531073230,Gubernur berhati busuk sulit pikiran nya,2026-06-02 14:44:41,0,0
Y29tbWVudDoxMDI0ODU2NTIzMjI4ODQyXzEzMjI5OTk3NzY0NjQwMjY=,Alex Cikup,100084699863415,Dibilang masrakat gapernah tau waduh emang rakyat jateng bodoh kah itu sesuatu penghinaan sama rakyat sendiri,2026-06-02 14:41:08,0,0
Y29tbWVudDoxMDI0ODU2NTIzMjI4ODQyXzE1MjczODQ5MjI0MjM3OTU=,اجهر جيرن,100051993953133,Buat wrga nya tgal kompak aj.turun kan sangat ga pantas jwban seperti it..stop pajak .krna ini jls..ngawur bicaranya..sekelas gubernur ko Kya gt..,2026-06-02 14:33:10,0,0
Y29tbWVudDoxMDI0ODU2NTIzMjI4ODQyXzE1MzkwMTIyODExNjIzMjc=,Hartawan Hartawan,100063808585538,Percumah..Bu di jelasin ..otak guburnur mu ...nggak yampai...goblok....guburnur kalian....yiyirin orang bisa....kerjanya nol....,2026-06-02 14:22:35,0,0
Y29tbWVudDoxMDI0ODU2NTIzMjI4ODQyXzE1MzY1OTQxMzQ3OTkyOTA=,Aden Garta,100024195901360,Karma ga nggu lama..gubernur nyinyir yg suka mempermalukan kDM akhirnya di buat malu dgn ulahnya,2026-06-02 14:16:44,0,0
Y29tbWVudDoxMDI0ODU2NTIzMjI4ODQyXzM5NDYwOTc1OTkwMzMxNjk=,Indra Bogang,100073627214413,Klo sudah bicara begini jangan harap .suara pernyataan jelas dan kira kira berani berontak apa kau rakyat,2026-06-02 14:10:39,0,0
Y29tbWVudDoxMDI0ODU2NTIzMjI4ODQyXzk4NDk3OTE5Nzc1MDcxNA==,Rahman Alifa,100078059246516,Kalu yg saya alami setiap jalan yg bagus tu ikunumi  masyarakat makin lancar  kalu jalan yg rusak semua jadi susah anak sakulah susah orang sakit harus di gutung susah ngk bisa di  liwati ambulan  klu jalan rusak ngk di perbaiki mau apa pun susah,2026-06-02 14:00:39,0,0
Y29tbWVudDoxMDI0ODU2NTIzMjI4ODQyXzI0NDYxNDgzNjI1NTA3NjU=,Ucok Ritonga,61587231314084,Dasarrrr goblok..PAOK...tolol..,2026-06-02 13:59:20,0,0
Y29tbWVudDoxMDI0ODU2NTIzMjI4ODQyXzEwMTMzNzkxNzQ0NjY3Mzk=,Ravflezz,100024499842231,Bangun jalan buat rakyatnya ko pilih2.. lebih baiknya d sama ratakan bangun jalan buat rakyatnya.. dasar gubenr jw tengah banyak cingcong.,2026-06-02 13:44:54,0,0
Y29tbWVudDoxMDI0ODU2NTIzMjI4ODQyXzg3NzY2Mzg2NTM2MjU3OQ==,Sonydocclo,100023113216329,Ko bisa y otak y yg d dengkkul ko bisa jadi gubernur,2026-06-02 13:38:17,0,0
Y29tbWVudDoxMDI0ODU2NTIzMjI4ODQyXzE1NDQwMDg4OTczNDc1Njc=,Nadia Febriyanti,61577718523352,Inilah pemerintah yg dapat izasah karena uang ga ada otak,2026-06-02 13:16:51,0,0
Y29tbWVudDoxMDI0ODU2NTIzMjI4ODQyXzE0ODY4Mjc0ODI1NzAyMDM=,N N Sport,100044035269447,Orang jateng gk tau mana coklat mana tidak.ini manta coklat lo warga jateng.coba cek d medsos coklat itu gimana.siapa.dn perilakunya.ia allah ini jaman modern gk tau coklat,2026-06-02 13:13:58,0,0
Y29tbWVudDoxMDI0ODU2NTIzMjI4ODQyXzEzNzAxMjYxNDQ5NDYwNzA=,bang ega,61580040722162,Giliran pajak tidak mau tau mau di kota di desa kmpung kaya miskin ttep kna pajak giliran jalan tebang pilih pdahal mau gimna pun jln itu pasti ada guna nya ini gimna otak nya ga brpungsi mnding kalo bnerin jalan aspal total ini tambal sulam ngabisin duit rakyat aja ini pjabat pantas Indonesia ga maju maju cara kerja nya gini nyari untung sndiri,2026-06-02 12:54:15,0,0
Y29tbWVudDoxMDI0ODU2NTIzMjI4ODQyXzI0OTIzMjc3ODc4OTczNzA=,Komarsutisna,61569380400454,Ya uang nya mangpaatin ke saku d makan sekeliarga mu dasar tolol🤦‍♂,2026-06-02 12:52:49,0,0
Y29tbWVudDoxMDI0ODU2NTIzMjI4ODQyXzIxMTA2MzI2ODY0NjI0MDU=,Ramdhani Patut,100004731578382,"Aduh ada pemikiran benerin jalan GK ada manfaatnya 

Sudah jelas penjabat kayak gini GK harus di buang,,,dan jangan di pilih lagi",2026-06-02 12:51:52,0,0
Y29tbWVudDoxMDI0ODU2NTIzMjI4ODQyXzEyNjgzNjIzNjUwODQ0OTE=,Ikah Atikah,100087840708606,Kasian PK rakyat nya jalan nya rusak kaya gtu ko tida penting pikir kan dong harus bagai mana biar bisa di betulin BPK sebagai pemimpin,2026-06-02 12:31:42,0,0
Y29tbWVudDoxMDI0ODU2NTIzMjI4ODQyXzE0ODM3NDI4NTYzODY0MzQ=,Raden Bhell,61578566136204,gubernur yg mencari kekayaan sendri..gmna bisa terpilih macam gubernur seperti ini,2026-06-02 12:23:22,0,0
Y29tbWVudDoxMDI0ODU2NTIzMjI4ODQyXzg4NjgxNjk2NDQ0NDQyMQ==,Mayong,100077638211636,Bupati ini la pikun rakyat bayar pajak,2026-06-02 12:21:44,0,0
Y29tbWVudDoxMDI0ODU2NTIzMjI4ODQyXzk2MjM5NzgxNjY2MDg4NA==,Bolang Cianjur,61577787926967,Gubernur ko tolol ya 🤣🤣,2026-06-02 12:16:05,0,0
Y29tbWVudDoxMDI0ODU2NTIzMjI4ODQyXzk3NDc0MDc3MTg1MjQzOA==,Arshaka Putra,61586903994109,"Apasalahnya di perbaiki jln nya 
Yg di pake bukan uang pribadi 
Uang Rakyat dr Hasil pungutan Pajak ..
Mementingkan Rakyat apa mementingkan Kepentingan Pemerintah NGEYELLL",2026-06-02 12:13:17,0,0
Y29tbWVudDoxMDI0ODU2NTIzMjI4ODQyXzE0MTk0NzkyMjY4ODc4NTE=,Om Willy,100003835579708,"Gubenur tolol..!!,memperbaiki dan membangun saja tidak tahu,yg dituntut warga Blora kui memperbaiki bukan membangun.",2026-06-02 12:11:09,0,0
Y29tbWVudDoxMDI0ODU2NTIzMjI4ODQyXzIwMTI2MTYyMjkzMzg3MzM=,Nawang Wulan,100041419876217,"Dulu juga pernah ada gubernur di wilayah Jateng,yg kerjaan narik pajak doang ehhh gak lama kena struk pak",2026-06-02 11:51:45,0,0
Y29tbWVudDoxMDI0ODU2NTIzMjI4ODQyXzE2ODczMTYxODg5NTUzMzQ=,Marwan Wan,61555562635348,Goblok...,2026-06-02 11:41:19,0,0
Y29tbWVudDoxMDI0ODU2NTIzMjI4ODQyXzE3MDI2NjY0MjQyNTQ1MjI=,Borde Kurniawan,100068900497889,Dari sini sudah nampak bahwa ketidak Adilan itu nyata .dia hanya membangun daerah yg menguntungkan bagi mereka..tp tidak dgn yg lain,2026-06-02 11:36:48,0,0
Y29tbWVudDoxMDI0ODU2NTIzMjI4ODQyXzE0ODcyMDc1MTU4MzYwMDU=,Sumarna Klaktor Klaktor,100089809916483,Wahh parah ini Gubernur jateng udah gax bisa di ajak lagi mediasi klw gini mah pa di mana2 jalan itu utama mampaat bagi rakayat klw bapa gax bisa ngurusin kerjaan tentang kluhhan masarakat mending bapa mundur aja dari jabatan buat apa jadi Gubernur klw kerjaaan bapa cuman tidur terima gajih terima uang suapan dari pabrik2 tapi masarakat gax di penting kan mana masarakat jateng nya banggun ayo kita bergabung turun kan jabatan nya jagan diam aja ayo ayo saya sebagai masarakat jawabarat merasa ke cewa sama omonggan nya,2026-06-02 11:34:54,0,0
Y29tbWVudDoxMDI0ODU2NTIzMjI4ODQyXzIwMjIwNTI3MzIwMTkzNzI=,Deddis Riaddis,100042109994754,"seorang gubernur seperti ini propinsi bakal hancur,,yakin jaman batu akan terulang,nyesek sekali masyarakat jateng daerahnya harus berpacu dengan keadan jalan yg rusak,gimana masyarakat kampung harus berjalan di desa seperti berjalan di hutan belantara,,mau pilih gubernur seperti ini ditahun""yg akan datang,,nasibmu masyarakat jateng harus kembali k jaman kolonial...",2026-06-02 11:18:17,0,0
Y29tbWVudDoxMDI0ODU2NTIzMjI4ODQyXzE2NDA2MjQ4MzA1MDE3ODE=,Yarah,100068231232879,Tolol,2026-06-02 11:12:26,0,0
Y29tbWVudDoxMDI0ODU2NTIzMjI4ODQyXzIwNzM2NTk0MzY5MDI4MTk=,Dewi Mayang Sari,61575040593587,Aduh pak masa pemikiran sekelas gubernur kaya begitu berarti bapak tidak pro rakyat,2026-06-02 11:12:01,0,0
Y29tbWVudDoxMDI0ODU2NTIzMjI4ODQyXzI0MDM1Mzc3NjAxMjcxMjY=,Supri Yanto,61556988751696,"Penyampaian gubernur jateng yg salah, cari pembenaran itu cara mereka meraup uang agar bisa di korupsi lbh bnyk,",2026-06-02 10:54:47,0,0
Y29tbWVudDoxMDI0ODU2NTIzMjI4ODQyXzE0Njg0MzcwNTEyNDYwMTU=,Ali Nurdin,100068642384127,Klu femahaman sya bukan tentang berjalanya ekonomi tepi tentang kenyamanan penguna jalan jdi rakyat gk merasa dikucikan kalu di samaratakan. Duh ini fikiran gubernurnya egois banget,2026-06-02 10:51:26,0,0
Y29tbWVudDoxMDI0ODU2NTIzMjI4ODQyXzEwMTIyMTg3MjQ1OTEwMjc=,Amank Bayud,100011135013986,𝙷𝚊𝚛𝚞𝚜 𝚖𝚞𝚗𝚍𝚞𝚛 𝚜𝚊𝚓𝚊𝚑 𝚐𝚞𝚋𝚎𝚛𝚗𝚞𝚛 𝚔𝚊𝚢𝚊 𝚐𝚒𝚝𝚞𝚑 𝚝𝚒𝚍𝚊𝚔 𝚖𝚎𝚖𝚎𝚗𝚝𝚒𝚗𝚐𝚔𝚊𝚗 𝚖𝚊𝚜𝚊𝚛𝚊𝚔𝚊𝚝.,2026-06-02 10:50:42,0,0
Y29tbWVudDoxMDI0ODU2NTIzMjI4ODQyXzE1Mjk0Nzg2MDg3MzE2Nzk=,Mandala,100050167361422,"Gubernur pekok...pensiunan wereng coklat,,cuk dancuk",2026-06-02 10:44:48,0,0
Y29tbWVudDoxMDI0ODU2NTIzMjI4ODQyXzk5MTUxMTkyMzgxMTAxMw==,Turyono Yono,100072766728100,Iblisss,2026-06-02 10:28:41,0,0
Y29tbWVudDoxMDI0ODU2NTIzMjI4ODQyXzk4MTY3NzgxNDcxNzYzOA==,Aye Kunci,100001801810366,"JAWA TENGAH PUNYA GUBERNUR JUGA GA ADA MANFAATNYA
NYUSAHIN RAKYATNYA",2026-06-02 10:15:50,0,0
Y29tbWVudDoxMDI0ODU2NTIzMjI4ODQyXzE1OTE1NjYzNzkwNjEyMDE=,Djoko Sutrisno,100065081019134,Ora pantas jadi Gubernur suka nya meras Rakyat nya....,2026-06-02 10:13:59,0,0
Y29tbWVudDoxMDI0ODU2NTIzMjI4ODQyXzEzMTkyNjY1OTM3MjgyOTE=,Dedy Satria,100013787110315,"Pikiran na berrti yang menguntungkan buat dia ,dia kerjakan 
Bantu rakyat di pelosok ogah2an dia",2026-06-02 10:09:22,0,0
Y29tbWVudDoxMDI0ODU2NTIzMjI4ODQyXzk4OTIyMzg2NzI5NjI2Ng==,Kang Herjen,61580636100324,Gubernur tolol,2026-06-02 10:03:33,0,0
Y29tbWVudDoxMDI0ODU2NTIzMjI4ODQyXzE0Nzg1MDkxNjY3ODMyNzk=,Madi Sikumbang Andeser,100004834745002,😂Kalau ada masyarakat ngadu untuk memperbaiki kerja kan aja lah kan bukan uang dr hasil kerja gaji mu pak oiiii😂😂😂apa uang negara habis untuk yang tidak memfaat untuk masyarakat apa begitu kah pak.... 😂,2026-06-02 10:02:08,0,0
Y29tbWVudDoxMDI0ODU2NTIzMjI4ODQyXzEwMDEyMzY0Njg5Mzc2MTI=,Nenti Nenti,61553927957304,Gubenur menganggap rakyat bodoh yah pasti tau yg namanya jaln pak,2026-06-02 09:56:16,0,0
Y29tbWVudDoxMDI0ODU2NTIzMjI4ODQyXzEyNDkyNjk0MjA0MjUxODI=,Aaniua Sartiwu,61577330533698,Ah yg inih bodoh 😂😂😂,2026-06-02 09:55:30,0,0
Y29tbWVudDoxMDI0ODU2NTIzMjI4ODQyXzk2NjQzMTIyMjg0NTYzMA==,Suhandi,61551215701080,"Wagub molor yg g tau mau,jngn pilih lgh wagub kaya gituh ,liat dong jw barat semua di bangun g di wilahwilah jln umum dan jln desa lutfi",2026-06-02 09:55:30,0,0
Y29tbWVudDoxMDI0ODU2NTIzMjI4ODQyXzEzNDE3NzA5NTQ1NTg1MDA=,Suyanto Suyanto,100070654017214,Rakyat harus Teliti juga Buat apa Bayar Pajak Kalau tidak berdampak dengan kesejahteraan Rakyat itu sendiri. Tapi justru di manfaatkan sama PEJABAT YG KAYAK GINI.,2026-06-02 09:49:15,0,0
Y29tbWVudDoxMDI0ODU2NTIzMjI4ODQyXzk5MzkzNzQ3NjU4NzY5MA==,Joko Suseno,61552307006723,BERARTI KAMU SENGAJA DENGAN SANGAT² JELAS MENGOBLOK²KAN RAKYATMU,2026-06-02 09:48:26,0,0
Y29tbWVudDoxMDI0ODU2NTIzMjI4ODQyXzE1MTE0NzIwOTM4MDQ3MTE=,Danu Umbara,61577937614390,Punya pejabat model ini tidak akan kemajuan,2026-06-02 09:48:00,0,0
Y29tbWVudDoxMDI0ODU2NTIzMjI4ODQyXzE2MTg5MTE3NTYwNzU5NTE=,Ra Gil,100093555348321,Sini kau lutfi ku kasih otakmu pengertian...Gubenur kok goblok pemikiranmu👎👎👎,2026-06-02 09:47:10,0,0
Y29tbWVudDoxMDI0ODU2NTIzMjI4ODQyXzEwMDQwMDg4NDU2MTI2MTQ=,Mukhdori Mukhdori,61576032630741,Tolol,2026-06-02 09:37:36,0,0
Y29tbWVudDoxMDI0ODU2NTIzMjI4ODQyXzEwMTA2ODcxMjEzMTQ2MTM=,Syamsuddin Sidi,100007070824522,Gubernur g punya rasa malu g peduli ama rakyatnya aduhhh..untung kita punya gubernur kdm,2026-06-02 09:30:45,0,0
Y29tbWVudDoxMDI0ODU2NTIzMjI4ODQyXzEzMTM1NDE5MTcwMTczNjU=,Tinjauan Akses Dipulihhkan,100000500714699,"Banyak bacot kerja nol besar 🤣🤣🤣
Beda jauh sama gubernur jabar setiap ada keluhan langsung gas ada SOLUSI nya,",2026-06-02 09:29:12,0,0
Y29tbWVudDoxMDI0ODU2NTIzMjI4ODQyXzEwNDQ1NjM2Mzc5MTg4ODM=,Dedef Djiwa Sarlani,1685079865,"Parah ini Gabenur  bukannya merendamkan  situasi malah bikin keruh,   gimana nih yang pilihnya apakah kaga mau gitu datang langsung ke kantor gubernur?",2026-06-02 09:15:55,0,0
Y29tbWVudDoxMDI0ODU2NTIzMjI4ODQyXzI1MTgwOTE2OTUyOTIyMDU=,Sis Kamto,100005730588977,"Gubernur ini memang Ruuuuuuuaaaaaaar biiaaasaaaaaaaaa...... Satu satunya Gubernur yang
Otaknya ada di Dubur...",2026-06-02 09:13:55,0,0
Y29tbWVudDoxMDI0ODU2NTIzMjI4ODQyXzEwMDUwMDk5NDUzMTEyNDQ=,Kis Wanto,100073105883753,Kebanyakan pajak nya di korupsi,2026-06-02 09:07:44,0,0
Y29tbWVudDoxMDI0ODU2NTIzMjI4ODQyXzk4NzAyMzM4NzQxOTQ3MA==,Sri Jaya Putra Putra,61564749595510,"Coba lihat di negara maju, prekonomian mereka maju dakarnakan infrastukturnya bagus,",2026-06-02 09:06:31,0,0
Y29tbWVudDoxMDI0ODU2NTIzMjI4ODQyXzg2ODYzNzExOTYzMDk4NQ==,Siharahap Nalenong,61576147563359,gubernur yang gak bermutu,2026-06-02 09:03:07,0,0
Y29tbWVudDoxMDI0ODU2NTIzMjI4ODQyXzE1MTA4MzU3NzM3ODIyMjI=,Jamil Jamil,61578546226622,Gubenur model gini.di.seret di kubur.buwat.tumbal.aj,2026-06-02 09:00:26,0,0
Y29tbWVudDoxMDI0ODU2NTIzMjI4ODQyXzE0MDAyNzY2NDg1MjczMjI=,Euis Nurdayanti,100086627210709,Intinya mnurut dia itu sprti ah ngapain bngun jln d plosok desa toh syapun gk pernah kesana klo ad kunjunganpun pasti d jln utama perbagus aj jln utama biar dapt nilai+ klo jln desa gk bakal keliatan sma orang orang cmn menghabiskan dana saja intinya seperti itu padahal jln desa itu penting buat masyarakat nilai jual hasil panenan pun akan lbih stabil krna masuk akses mobil beda dngn yg tidk pnya akses jln nilai belinya akal lbih rendah dan akn membuat para petani ekonominya semakin melemah sedangkan harga dri inporan sudh melmbung tinggi mka yg miskin akan terhimpit oleh ekonomi,2026-06-02 08:49:36,0,0
Y29tbWVudDoxMDI0ODU2NTIzMjI4ODQyXzg3ODU0MTAzNzg2NjM5NA==,Bang M Kmbf,100094598615984,Yang duduk di belakang dan samping gubernur pendukung setia kebijakan gubernur semua cuan besar masuk dalam sakunya.lelihatan dari cengar cengir nya,2026-06-02 08:43:28,0,0
Y29tbWVudDoxMDI0ODU2NTIzMjI4ODQyXzkxNzE4OTU5MTM4MDI5OQ==,Cecep Cecep,61586771319994,"BPK.lutpi.ko.bisa.ngomong.gitu.seu.orang.
Gubernur.segala.jalan.tida.ada.mangpaatnya.kaya.orang.tidak.ber.pendidikan.",2026-06-02 08:29:49,0,0
Y29tbWVudDoxMDI0ODU2NTIzMjI4ODQyXzE2MjY4MjA0MzUwNjY3NTg=,Yoga Muhfadly,100054905092883,Otak korupsi,2026-06-02 08:24:46,0,0
Y29tbWVudDoxMDI0ODU2NTIzMjI4ODQyXzEzMzc1NzE2OTUxMDMxODA=,Joko Raharjo,100008177075130,Matamu picek pak,2026-06-02 08:17:47,0,0
Y29tbWVudDoxMDI0ODU2NTIzMjI4ODQyXzE4NDc3MDM0Mjk1MjAzNjM=,Dhocie,61556027140675,Goblok,2026-06-02 08:04:36,0,0
Y29tbWVudDoxMDI0ODU2NTIzMjI4ODQyXzE0NzY3NTc5NDY5NjI1MjE=,Barjon Tampati,100003305611127,Jawaban gubernur goblok yo begitu,2026-06-02 07:54:44,0,0
Y29tbWVudDoxMDI0ODU2NTIzMjI4ODQyXzk5ODk4MjA4NTgyODk1Mg==,Ade Hamdan,100015749493512,PEMIMPIN Hasil dr keCurangan 🥱🥱🥱🤮🤮🤮,2026-06-02 07:53:04,0,0
Y29tbWVudDoxMDI0ODU2NTIzMjI4ODQyXzEzNTEwNzUzOTA0MDQ3NDg=,Agus Mulyana,61584330868031,"Gubernur paling bodoh,masa jalan gak ada manfaatnya.",2026-06-02 07:50:31,0,0
Y29tbWVudDoxMDI0ODU2NTIzMjI4ODQyXzg1MTQ5MTA4NDIwMjI1OA==,Allie Metalcore,100002534442400,"Dari pertama nyalon juga sudah tidak yakin, soalnya jebolan polisi, sekarang semuanya terbukti, Jawa tengah makin tertinggal",2026-06-02 07:46:09,0,0
Y29tbWVudDoxMDI0ODU2NTIzMjI4ODQyXzIyMzIyNzI3NjA4Nzc5Njk=,Muh Toni,100081221186741,"Beda pemikiran pemimpin yang hanya mikirin udelnya doang dengan pemimpin yang memikir rakyatnya, masa membangun jalan ngga ada Manfaatnya dimana otak pemimpin kaya gini, cukup satu periode aja orang ini dulur",2026-06-02 07:41:51,0,0
Y29tbWVudDoxMDI0ODU2NTIzMjI4ODQyXzEwMjAyOTAwOTc2MDkxNjg=,Mitreka Satata,100000519498672,Sudah benar kalo masyarakat pedesaan jangan bayar pajak..percuma bayar juga keperluan kalian gk diakomodir..,2026-06-02 07:41:47,0,0
Y29tbWVudDoxMDI0ODU2NTIzMjI4ODQyXzgxNzQwNzI3NDU3MzIzNg==,Putra Sanjaya,100071106733817,"Bacood
GK ada gunane warga sekitar bayar pajak",2026-06-02 07:41:29,0,0
Y29tbWVudDoxMDI0ODU2NTIzMjI4ODQyXzE0OTE0MjA5MDE5NTk4Mzg=,Eman Herman,61556270113020,"Pelecehan terhadap masyarakatnya, dibilang ga tau mana jalan propinsi dan mana jalan kabupaten, taune jalan mulus...... Sadarlah semua warga Jateng anda sudah di injak2 hargadirine, sedangkan dia berdiri jadi pejabat dukungan kalian.",2026-06-02 07:36:43,0,0
Y29tbWVudDoxMDI0ODU2NTIzMjI4ODQyXzE3MzYyMDI2MDEwNzAxODY=,Agus Toro,100085236970132,Rakyat sekarang udah pada cerdas bubernur nya aja yg goblok,2026-06-02 07:33:37,0,0
Y29tbWVudDoxMDI0ODU2NTIzMjI4ODQyXzE2NTA5MzgwNDYxMjIzMjI=,Undang Ellektronik,100028038232114,ini gubernur sengklek kok di menangkan waktu pemilihan . semua yg namanya jln bermampaat sekalipun jln setapak apa lagi ini jln penghubung yg banyak di lalui kendaraan kok di sebut tidak bermampaat ..yg tidak bermampaat  buat rakyat banyak sampean  sebetulnya ...,2026-06-02 07:31:36,0,0
Y29tbWVudDoxMDI0ODU2NTIzMjI4ODQyXzExNTE0NTM4OTcxNTc2OTE=,Agus Mulyana,100043054230797,Gak akan maju maju kalau pola pikirnya begitu menurut saya semua jalan penting buat pertumbuhan per ekonomian cape kalau punya gubernur pola pikirnya masih begitu mah cape aslina,2026-06-02 07:24:36,0,0
Y29tbWVudDoxMDI0ODU2NTIzMjI4ODQyXzEzMTk2OTc4ODM1NjE2Njk=,Batara Cikal,100034529077816,Ada sepuluh gubernur otaknya kayak ini dijamin 2029indonesia bubar...🤣🤣🤣,2026-06-02 07:16:24,0,0
Y29tbWVudDoxMDI0ODU2NTIzMjI4ODQyXzEzNjU3NzI5MjIxMTY2MTA=,Sunandri,100048191850798,"Salam dari Riau,,,Gubenur janjok,,masyarakat gak tau mana jalan Desa,mana jalan Kabupaten,mana yg jalan Provinsi,kau anggap masyarakat goblok,,,😡😡",2026-06-02 07:16:11,0,0
Y29tbWVudDoxMDI0ODU2NTIzMjI4ODQyXzE5NDA0NjcwOTY1ODYwMTA=,Amri Singau,100066310647092,"Gubernur gak bermutu 
Goblok 
Kok ada jln yg gak bermanfaat. 
Aneh",2026-06-02 07:13:41,0,0
Y29tbWVudDoxMDI0ODU2NTIzMjI4ODQyXzE1MDEyNzA5Mjc1MzEwMzY=,Mamun Jamhari,100075240420483,Hahaha BLOCK....!!,2026-06-02 07:00:47,0,0
Y29tbWVudDoxMDI0ODU2NTIzMjI4ODQyXzQwMDk5NjIxOTI2Mzc1NTE=,Bang Tyson,100093159656595,aneh ini gubernur jangan jangan di korupsi uang APBD lari nya kemana bisa bisa nya di pilih kalau sudah gini nyeselkan,2026-06-02 06:57:12,0,0
Y29tbWVudDoxMDI0ODU2NTIzMjI4ODQyXzQ1OTk4MTAxMjM1NzYyNjg=,Indra Rukmana,100093929214722,Gubernur ga becus mimpin jateng.yang di gunakan uang rakyat buat bikin jalan bukan uang pribadi dasar tolol,2026-06-02 06:53:58,0,0
Y29tbWVudDoxMDI0ODU2NTIzMjI4ODQyXzk4NDA3NjUyMDY5MDE5Mg==,Ela Nurlelah,100088975766990,Gubernur nggak punya otak,2026-06-02 06:51:44,0,0
Y29tbWVudDoxMDI0ODU2NTIzMjI4ODQyXzE1MDExOTc2ODQ5NDg1Mjg=,Priyatna,100003516950737,Tololllll😂,2026-06-02 06:50:02,0,0
Y29tbWVudDoxMDI0ODU2NTIzMjI4ODQyXzE0MDk0NDc5NDQ1NjI4NDE=,Zenk Eyey Tilu,61563834626837,Gak usah bayar pajak buat apa itu kendaraan bayar pajak jalanna gak ada guna kan toool*l,2026-06-02 06:48:48,0,0
Y29tbWVudDoxMDI0ODU2NTIzMjI4ODQyXzEyNTEzNjkwNDAxODM4OTc=,Muhamad Nugi,100021209403352,Bacot doang,2026-06-02 06:47:21,0,0
Y29tbWVudDoxMDI0ODU2NTIzMjI4ODQyXzE0OTg0ODA0MTE3NTEwNzI=,Priyatno Pri,100038318581232,Semua hnya koar koar bukti g ad,2026-06-02 06:41:51,0,0
Y29tbWVudDoxMDI0ODU2NTIzMjI4ODQyXzEyMDcyMjY0MjI0NjYwODc=,Abdul Rosyid,100087773385146,"Tah lur guber tolol, alias gubernur molor",2026-06-02 06:40:19,0,0
Y29tbWVudDoxMDI0ODU2NTIzMjI4ODQyXzIwOTk4MTMyNjc2MTU3MDE=,Fyan Dulce Bin Cuprat - Cuprit,100017063627688,"Semua yg namanya jalan itu sngat di butuhkn Masyrakat, itu untuk klancaran Ekonomi Masyarakt juga, jalan yg mulus otomatis tdk mnghambat aktifitas warga.. ya warga tdk tau mana jalan Prov, mna jalan Kab, mana jalan Desa.. yg warga tau jalan mau bagus & itu tanggung jawab LO sebgai pemimpin, kesejahtraan rakyat itu tanggung jawab LO..
Lah kok bisa yah Orang TOLOL sprti ko bisa d pilih jadi pemimpin..!!!??",2026-06-02 06:37:12,0,0
Y29tbWVudDoxMDI0ODU2NTIzMjI4ODQyXzEzMTIzMzY2MTEwNTkyOTc=,Agus Triadi,1522324665,"Gubernur ga ada ilmunya, pola pikirannya ga jelas, NATO (NO ACTION TALK ONLY)",2026-06-02 06:36:10,0,0
Y29tbWVudDoxMDI0ODU2NTIzMjI4ODQyXzEwMTAxODI5NzE1NDczNDM=,Mustakim,100086847692730,"Inilah bentuk pemimpin yang tidak berpihak pada masyarakat , apakah masih layak jadi pemimpin karena dari ucapannya dia itu merendahkan dan memihak elit yg berduit",2026-06-02 06:35:17,0,0
Y29tbWVudDoxMDI0ODU2NTIzMjI4ODQyXzE2MDc1NTE0MjcwMDU0Mjk=,Dathuk Panglima Kumbang Kumbang,100085173214246,"Gubernur paling koplak, malah justru itu kalau jalan desa di bangun perekobomian malah bisa tumbuh",2026-06-02 06:27:07,0,0
Y29tbWVudDoxMDI0ODU2NTIzMjI4ODQyXzEwMjM3NDc5ODAzNDM0Nzc=,Mama Dewa Bekasi,61576992426586,Turunin ja bnyak ngomng  pemimpin besar omong janji2 tahu...masarakat kompok turun kan langsung...biar di tangkap KPK dgn hasil korupsi nya...tdk ada yg bisa mengikuti KDM .Poko nya KDM  luar biasa...gubernur Jawa tengah ..banyak teori di iming2 kan pada masarakat.,2026-06-02 06:26:19,0,0
Y29tbWVudDoxMDI0ODU2NTIzMjI4ODQyXzEzMTU3NjcyMDczMzMyMTE=,Tend Ar,100020784211427,"Contoh gubernur pekok, ga layak jdi pimpinan, Jateng akan rusak di pimpin yg ginian",2026-06-02 06:23:35,0,0
Y29tbWVudDoxMDI0ODU2NTIzMjI4ODQyXzI3MDkwNzA3NTQzOTA0MzEy,Pi Vani,61582595250292,Kau pikir bodoh rakyat klu kau iya bodoh,2026-06-02 06:15:01,0,0
Y29tbWVudDoxMDI0ODU2NTIzMjI4ODQyXzEyNTE3NTAzMTM3MDI2NDk=,Deariyck Whibley,61557381051304,Gubernur tergoblok,2026-06-02 06:13:54,0,0
Y29tbWVudDoxMDI0ODU2NTIzMjI4ODQyXzk1Nzc1ODkyMDYxNzA3NA==,Yanto Heryanto,100027080183517,"Gulingkan gubernur ky gitu mah ....
Mana rakyat Jateng coba bergerak jgn tinggal diam !!!",2026-06-02 06:05:44,0,0
Y29tbWVudDoxMDI0ODU2NTIzMjI4ODQyXzI0ODk4NzQyMzgxNzY1MTU=,Jo Ker,100049510701680,"Jauh beda sama kdm 

Lutfi gubernur banyak bacot buktinya nol siap tuh yang pilih",2026-06-02 06:01:35,0,0
Y29tbWVudDoxMDI0ODU2NTIzMjI4ODQyXzI2OTQ4MzgyMDI0ODU2NTU2,Purwanto Sanufa,100016506344858,"Orang yang seperti itu ko jd pemimpin,ga punya solusi membangun.. koplak",2026-06-02 06:00:28,0,0
Y29tbWVudDoxMDI0ODU2NTIzMjI4ODQyXzE3NTEyMDU0NzU4NzMwMTg=,Agus S,61565148851434,tolol 23,2026-06-02 05:55:04,0,0
Y29tbWVudDoxMDI0ODU2NTIzMjI4ODQyXzI2ODc4NzU5MzM1MDgwMzM3,Layasi Purba,100010375724928,Gubernur Brengsek......! Jalan mulus tidak berarti......otak dangkal,2026-06-02 05:54:08,0,0
Y29tbWVudDoxMDI0ODU2NTIzMjI4ODQyXzIyMDc0NDI5MzMzNDQ0NTM=,Akang Evan Cuy,100014060194068,Dri raut muka ny aj itu orang seperti wajah suka korupsi....,2026-06-02 05:43:37,0,0
Y29tbWVudDoxMDI0ODU2NTIzMjI4ODQyXzIxNzk3OTUzNjU3NTg1NTY=,Kang Juol Cianjur Tea,100002498351979,Gubernur Jawa Tengah banyak teori praktek kerja lapangan gak ada gubernur bego peko banyak omong kosong belaka kenyataan nol,2026-06-02 05:38:13,0,0
Y29tbWVudDoxMDI0ODU2NTIzMjI4ODQyXzk5OTUxNTYyNTg5OTAxNA==,Ceceng Saepuloh,100047664848210,"aduh meni belat belit ari uangya abis di korupsi 
dasar otak korupsi uang pajak kemana bayak bacot kerjaya nga ada 
jgan di banding"" kan sama KDM beda kelas",2026-06-02 05:28:59,0,0
Y29tbWVudDoxMDI0ODU2NTIzMjI4ODQyXzE0OTQ1MDc3MjIzODMzNzc=,Mitokk Mitok,61570368007588,"Elah , pemimpin kyk gini gk usah didengerin ....",2026-06-02 05:27:10,0,0
Y29tbWVudDoxMDI0ODU2NTIzMjI4ODQyXzIxODgyOTkwODIwMDQyMTY=,Suryono Mardiono,100024859669191,"Ini gubernur yg tak peduli sama rakyat nya...next pilihan jg undi dia , bajingan dia ni.... fucker",2026-06-02 05:24:16,0,0
Y29tbWVudDoxMDI0ODU2NTIzMjI4ODQyXzI3MDA5NzM0NTg1MzMzMjMz,Jecko Ramtamtam,100089885855778,Kdm.. Emang jossss....... Joss pokoke... Ora koyok gubernur jateng pekokkkkkkkkkk.... Pekokkkkkk... Uteke  ng dekul,2026-06-02 05:14:19,0,0
Y29tbWVudDoxMDI0ODU2NTIzMjI4ODQyXzk2MDY5Mzg2Njg0NDEzOA==,Habib Rudisanto Rudisanto,100088596872962,"Gubernur berhati iblis dan tolol bacot kaya anak TK baru sekolah ,TDK otak bicara TDK beribawa ,bicara Bubati paling mulia dan bermanfaat dari gubernur Lutfi yg tolol  ,Lutfi mantan polisi JD gubernur akhir tolol",2026-06-02 05:13:25,0,0
Y29tbWVudDoxMDI0ODU2NTIzMjI4ODQyXzE5NTA0OTIyNTI1NzAyMDc=,Ayah Tamarizkyazriel,61564853760687,Harus di NEPAL kan gubernur kaya gini mah...coba rakyat Jawa tengah kompak..datangin kantor gubernurnya..masa seorang pemimpin begini cara ngomong nya..bukan nya .cari solusi malah memojokkan bawahan nya...istigfhar Lutfi ..istighfar Lutfi..yaa ALLAH...,2026-06-02 05:10:06,0,0
