author_name,text,Teks_Bersih,timestamp,reaction_count,reply_count,Sentimen,Skor_Keyakinan
Sutrisno,Wajib 10 periode ini mah🤣,wajib io periode mah tertawa terbahak,2026-06-02 10:11:56,0,0,Negatif,94.21
Edo Riyadi,BEDA YA..yg Pesimis dan yg Optimis...Yg lemah dan yg Semangat..Tau Lah....😃😃😃,beda pesimis optimis lemah semangat tau gembira gembira gembira,2026-06-02 05:47:52,0,0,Positif,96.72
Firli Majid,ga mau keluar duit pajak 🤣🤣,tidak keluar uang pajak tertawa terbahak tertawa terbahak,2026-06-02 06:53:35,0,0,Negatif,98.54
شراواني ايقبال,Sumber penghidupan di kota kebanyakan berasal dari desa,sumber penghidupan kota banyak berasal,2026-06-02 05:16:19,0,0,Negatif,98.87
Sukma Jaya,cukup satu priode saja gubenur kaya gitu mah,priode gubenur kaya gitu mah,2026-06-02 05:49:46,0,0,Negatif,99.18
Ali Syamsuri,Jangan banyak bicara tapi perktekan pak,jangan banyak bicara perktekan pak,2026-06-02 05:34:15,0,0,Netral,94.2
Nursih Uci,Jalan itu penting pak banyak manfaatnya  dari pada uangnya buat  kalau desanya bagus orang pada senang berkunjung uanya di gunakan untuk perbaikan dari pada di kantongin 🫣🫣🫣🫣,jalan pak banyak manfaat uangnya desa bagus orang senang kunjung uanya guna perbaikan kantongin malu lihat malu lihat malu lihat malu lihat,2026-06-02 11:56:11,0,0,Negatif,68.42
Rijall Rianto,Saya ajah yang warga Brebes Jateng baru tau ternyata gubenur nya ini lucu 😂😂 pajak kendaraan naek lahh bangun jalannya gak mauu piee ikii 😂😂😂🤣,ajah warga brebes jateng tau ternyata gubenur lucu tertawa tertawa pajak kendaraan naek lahh bangun jalan tidak mauu piee ikii tertawa tertawa tertawa tertawa terbahak,2026-06-02 16:05:51,0,0,Positif,54.13
Topan,Jalan di bangun  g ada mangpaatnya?  Yg bangun. Habis tidur,jalan bangun ada mangpaatnya bangun habis tidur,2026-06-02 18:36:10,0,0,Netral,99.68
HaQi Chi,"Setuju pak jalan itu memang tidak penting yg penting ada jalan kalo jalan itu memang tidak penting kenapa bapak sering berjalan di jalan,hayoh di pikirkan secara logika hayoh.🤣",setuju pak jalan tidak ada jalan kalo jalan tidak kenapa bapak jalan jalan hayoh pikir logika hayoh tertawa terbahak,2026-06-02 21:09:53,0,0,Negatif,92.15
Fauzan Echank,"Setiap jalan,,ntah itu jalan kecil,,jalan pelosok,,bahkan jalan gang saja,,itu semua ada manfaatnya..",jalan ntah jalan jalan pelosok jalan gang ada manfaat,2026-06-02 12:56:00,0,0,Negatif,88.19
Erwin Ha,"Tidak ada yang tidak mungkin, kalau kita punya keyakinan, kata KDM",tidak ada tidak punya yakin kata kdm,2026-06-02 16:25:32,0,0,Netral,58.15
Rathi Libra M,"Yg kita lakukan.. Mkn, tidur, malass urusan.. Yg pnting Terima gaji.. Jln tdk pnting, yg penting uangnya isi d kantong😅..",laku mkn tidur malass urus pnting terima gaji jln tidak pnting uangnya isi kantong lega,2026-06-02 16:01:12,0,0,Negatif,94.59
Ubenk Aliq,"Gua ktawa liat pidato BPK yg pertama,, kok bisa dia jadi gubernur..😂😂",gua ktawa liat pidato bpk pertama bisa gubernur tertawa tertawa,2026-06-02 18:14:40,0,0,Positif,99.76
Lucken Amz Mdg,Yg banyak bicara biasanya yg ga becus😂😂,banyak bicara biasanya tidak becus tertawa tertawa,2026-06-02 15:12:39,0,0,Negatif,96.37
Aloy Sopandi,gak bisa kerja ternyata🤣,tidak bisa kerja ternyata tertawa terbahak,2026-06-02 19:33:40,0,0,Negatif,98.52
Sadar Sunarsim,"Yang namanya pemimpin .,yaa harus bisa membangun,entah itu jalan propinsi jalan kabupaten intinya yang harus di pikirkan,jangan Milah milih..semua itu kan demi masyarakat Jawa tengah ,bapak kan di pilih rakyat Jawa tengah..bisa jadi gubenur ,",nama pemimpin yaa bisa bangun entah jalan propinsi jalan kabupaten intinya pikir jangan milah milih kan masyarakat jawa tengah bapak kan pilih rakyat jawa tengah bisa gubenur,2026-06-02 19:44:58,0,0,Netral,92.06
Nchi Novianty,Pikiran pendek.. Dan lebih pendek dari segala pikiran pendek... Karna iyaa jawabnya penuh muter2 😇😇😇,pikir pendek pendek pikir pendek iyaa jawab penuh muter muter polos polos polos,2026-06-02 21:02:24,0,0,Negatif,84.88
Kiky Arenzhi Lbf,Definisi jalan yg tidak bermanfaat itu sprti apa? Mohon pencerahanya...karna setau saya stiap jalan pasti ada manfaatnya apalagi dijaman sekarang org2 rata2 memiliki kendaraan.,definisi jalan tidak manfaat sprti mohon pencerahanya karna setau stiap jalan ada manfaat apalagi dijaman orang orang rata rata memiliki kendaraan,2026-06-02 17:41:45,0,0,Netral,67.15
Nasya,"Beg*..
Siapa yang tau kita besok kemana,GK stuck di situ wae boss..
Klu jalan bagus mulus otomatis bermanfaat GK nyari""kmn jalan yang bagus 😂",beg tau besok mana gk stuck wae boss klu jalan bagus mulus otomatis manfaat tidak nyari kmn jalan bagus tertawa,2026-06-02 19:38:33,0,0,Positif,98.49
Udin Haerudin,"Voting Brapa Banyak yg Like comen ini, berarti  Banyak yg gak suka sma Gubernur Jateng ??! 😂",voting brapa banyak like comen banyak tidak suka sma gubernur jateng i tertawa,2026-06-02 18:32:25,0,0,Positif,58.81
Al Rasyid,"Klo anak istrinya denger perasaanya gimana yy
Infonya huuu🤣",anak istrinya denger perasaanya gimana yy infonya huu tertawa terbahak,2026-06-02 19:07:18,0,0,Negatif,72.6
Aziz Saefudin,"Penuh Dengan Kata"" Mutiara.. 
Namun Ujungnya Cuman Sengsara.. 
Betull Toh..",penuh kata mutiara ujungnya cuman sengsara betull toh,2026-06-03 00:03:30,0,0,Negatif,99.78
Sandy Squad Nu'anyar,Mungkin jalan itu milik perusahaan sawit🤣🤣🤣,jalan usaha sawit tertawa terbahak tertawa terbahak tertawa terbahak,2026-06-02 13:23:30,0,0,Negatif,99.21
Rohimat Tea,"pingin nya untung terussss ,ga ada pengorbanan nya sama sekali ,pa gub pa gub kocak tingkat dewa ini mah 😁",pingin untung teruss ga ada pengorbanan kali pa gub pa gub kocak tingkat dewa mah senang kali,2026-06-02 19:30:16,0,0,Positif,92.04
Inang Nang Lestari,Ni yg dinamakan gk peduli 😏,nama tidak peduli sombong,2026-06-02 22:14:07,0,0,Positif,62.56
Ade Taryat,"Ngomong aja uang anggaranya kemana jangan di rahasiahin mass jujur uang anggaran kemanainnn ,😁😁😁",ngomong uang anggaranya mana jangan rahasiahin mass jujur uang anggaran kemanainn senang kali senang kali senang kali,2026-06-02 21:32:03,0,0,Negatif,56.15
Fatkul Hadi,Gubernur rasa anak TK😂,gubernur rasa anak tk tertawa,2026-06-02 19:25:47,0,0,Netral,93.99
Qoirul Huda,Sekolah dmn dulu.. 😂😂,sekolah dmn tertawa tertawa,2026-06-02 18:17:21,0,0,Positif,66.81
Brata Basus Lai,"Jln bagus pasti ada manfaat, jln jelek pun ada manfaatnya.",jln bagus ada manfaat jln jelek ada manfaat,2026-06-02 12:47:07,0,0,Netral,98.95
Amin Gerengseng,Kalah sama kabar istimewa,kalah kabar istimewa,2026-06-02 06:50:23,0,0,Negatif,99.3
Raksamala,Iyeu gubernur Atawa tukang kuli jln euweuh manpaat 😃😃😃,iyeu gubernur atawa tukang kuli jln euweuh manpaat gembira gembira gembira,2026-06-02 21:37:15,0,0,Positif,83.34
PaBu,Masih pintar bupatinya😅🤣,pintar bupatinya lega tertawa terbahak,2026-06-02 17:36:59,0,0,Positif,98.97
Viconk Balaka,Itu lah politik.... 🤣,politik tertawa terbahak,2026-06-02 16:19:29,0,0,Negatif,92.97
Bang Uj,"Ni gubenur nya ,😂",gubenur tertawa,2026-06-02 08:28:57,0,0,Positif,56.7
Wage Papyadara,Keren,keren,2026-06-02 06:52:32,0,0,Positif,99.78
Agus Kurnia,Lutfy pejabat ko plak,lutfy pejabat plak,2026-06-02 09:07:50,0,0,Negatif,99.74
Sab Ar,Besok pilih dari partai yg lain ae,besok pilih partai ae,2026-06-02 06:15:58,0,0,Netral,99.67
Mansur,Inilah adiknya anis pintar kata kata,inilah adiknya anis pintar kata kata,2026-06-02 07:46:42,0,0,Positif,70.54
Raizell,"Owh mksd si ibu jalan untuk akses usaha tani skrg jelek dan butuh pembangunan krm klo jln bagus ekonomi jg berputar dg baik. Tp si bpk jalabnny muter muter dan mgkn difikirny gda manfaatnya jln itu, pdhl klo di suatu wilyh pertaniannya bgus mayoritas wrgny petani ya brti harus di usahakan agr fsilitas penopang pertanian itu bagus dan baik krn psti bersentuhn lgsg dg mobilitas rakyat dan ekonomi rakyat.",owh mksd si ibu jalan akses usaha tani skrg jelek butuh pembangunan krm jln bagus ekonomi jg putar dg tp si bpk jalabnny muter muter mgkn difikirny gda manfaat jln pdhl wilyh pertaniannya bgus mayoritas wrgny petani brti usaha agr fsilitas penopang pertanian bagus psti bersentuhn lgsg dg mobil rakyat ekonomi rakyat,2026-06-02 16:13:59,0,0,Negatif,98.05
Ade Galing Wargi Kdm,Rakyat butuh jalan pak,rakyat butuh jalan pak,2026-06-02 04:56:50,0,0,Negatif,70.22
Gabril Santoso,"Gubernur mudah putus asa 🤣🤣
Blum apa2 dh bilang gx ada gunanya😁",gubernur mudah putus asa tertawa terbahak tertawa terbahak blum dh bilang gx ada guna senang kali,2026-06-02 20:53:37,0,0,Negatif,99.64
Rudi Rahadi,Malu maluin yah pak gubernur Jawa tengah,malu maluin yah pak gubernur jawa tengah,2026-06-02 13:08:12,0,0,Negatif,98.01
Enju Jumyana,Orang utan yg bicara jalan bagus kesawah keladang bisa cepat nyampe bawa telor tidak banyak yg pecah di jalan,orang utan bicara jalan bagus kesawah keladang bisa cepat nyampe bawa telor tidak banyak pecah jalan,2026-06-02 18:57:48,0,0,Negatif,98.67
Apry Windriadi,orang Desa ga pakek dolarr 😅,orang tidak pakai dolarr lega,2026-06-02 16:11:25,0,0,Negatif,82.98
I Ketut Wiradana,"Tidur aj D rumah pak, klo bangun dari mimpi tiba2 jalan j mulus semua",tidur rumah pak bangun mimpi tiba tiba jalan mulus,2026-06-02 21:08:45,0,0,Positif,51.61
Achiang Elgato,"Kalo pemikiran sudah salah sampai mati gak akan diperbaiki itu jalan emangnya jalan itu hanya untuk ekonomi 

Kehidupan masyarakat didaerah terpencil gak dipikirkan dan aspek keselamatan dijalan saat masyarakat lagi sakit mencari dokter ke kota dengan kondisi hancurnya jalan membuat perjalanan mangkin lama dan susah makanya persentase keselamatan menurun dijalan tapi kalo jalan bagus hanya dalam waktu yang lebih singkat dan aman sudah bisa ke rumah sakit terdekat",kalo mikir salah mati tidak baik jalan emangnya jalan ekonomi hidup masyarakat daerah terpencil tidak pikir aspek selamat jalan masyarakat sakit cari dokter kota kondisi hancur jalan buat jalan mangkin susah makanya persentase selamat menurun jalan kalo jalan bagus singkat aman bisa rumah sakit dekat,2026-06-02 06:41:26,0,0,Negatif,99.74
Hidayats Parker,Jalannya apa orangnya pak yg  gada manfaatnya 🤣🤣,jalan orang pak gada manfaat tertawa terbahak tertawa terbahak,2026-06-02 18:17:42,0,0,Negatif,99.83
Kdm Warga Jabar,Rakyat butuh prmimpin yang mengayomi rakyatnya,rakyat butuh prmimpin mengayomi rakyatnya,2026-06-02 05:18:12,0,0,Positif,78.32
M Al Anhsor'y,"Mau bangun jalan aja harus milih milah dulu 
Itu kan uang dari rakyat bukan dari negara harus nya uang itu kembali ke rakyat salah satunya insfratruktur terutama jalan 🤭😆",bangun jalan milih milah kan uang rakyat bukan negara uang rakyat salah satu insfratruktur utama jalan tertawa tertawa,2026-06-02 08:48:58,0,0,Negatif,96.51
Yhu Dha,Waduh pak.di desa saya aja jln ke sawah semua pake cor  apalagi antar kampung pak smua pake aspal yg minim tebalnya 20 Santi pak.jdi KMI smua masyarakat sangat bangga  krna jln yg di bikin pemerintah daerah sangat bagus dan bermanfaat pak,waduh pak jln sawah pake cor apalagi kampung pak smua pake aspal minim tebalnya santi pak jdi kmi smua masyarakat bangga krna jln buat pemerintah daerah bagus manfaat pak,2026-06-02 13:01:21,0,0,Negatif,97.72
Vanca Sona,Gubernur apa ini wkkww,gubernur wkkww,2026-06-02 13:49:17,0,0,Negatif,83.64
M Nur S,Paksa turun aja..,paksa turun,2026-06-02 05:20:51,0,0,Negatif,98.99
Rahmad Rangga,Ko bsa jdi pejabat😂,bsa pejabat tertawa,2026-06-02 12:49:44,0,0,Netral,94.84
Yans Welah,Gubernur Molor 🤭,gubernur molor tertawa,2026-06-02 19:16:39,0,0,Netral,97.43
Maman Bendot Nurjaman,Gubernur kocak 🤣🤣,gubernur kocak tertawa terbahak tertawa terbahak,2026-06-02 14:18:28,0,0,Negatif,83.44
Dede Rehan Rehan,Berarti die pilih kasih gubernur apainih  😂😂😂,die pilih kasih gubernur apainih tertawa tertawa tertawa,2026-06-02 21:19:18,0,0,Positif,96.43
Diki Bhadex Netral,"Saya cuma bisa menghela napas sambil menggerutu dalam hati, ko bisa ya bilang demikian",bisa menghela napas menggerutu hati bisa bilang,2026-06-02 20:39:41,0,0,Negatif,69.95
Mira Yudis Thira,Pie pak pak . Gak akan ada jalan yg tidak bermanfaat pak. Bagai mana jika jalan jalan rusak ketika di lewati ibu² hamil. Bermanfaat atau tidak. 😂kalau rusak,pie pak pak tidak ada jalan tidak manfaat pak mana jalan jalan rusak lewat ibu hamil manfaat tidak tertawa rusak,2026-06-02 15:16:34,0,0,Negatif,99.85
Mmh Febry,Udah jangan usulkan karena tidak akan diterima oleh halo geeesss 😁 itu duit angaran banyak masuk kantong,jangan usulkan tidak terima halo geess senang kali uang angaran banyak masuk kantong,2026-06-02 14:45:04,0,0,Negatif,99.67
Henryk Almira Nailal Humnah,"🤣😂 Gubernur paling kocak..usulan sudah di serahkan Mlah neko""owalah mendingan jdi TUKANG mancing",tertawa terbahak tertawa gubernur kocak usulan serah mlah neko owalah mending tukang mancing,2026-06-02 17:45:08,0,0,Negatif,99.54
Ali Turmudzi,"Parah ini pemimpin jebolan ladusing ya.. begini hasilnya .
Nyoblos karna berat wakilnya aja faham kan?😁",parah pemimpin jebolan ladusing hasil nyoblos berat wakil faham kan senang kali,2026-06-02 05:21:02,0,0,Negatif,91.72
Jum Ambali,Gubernur banyak alasan ngeles terus....taik,gubernur banyak alasan ngeles terus taik,2026-06-02 05:08:26,0,0,Negatif,99.55
Putra Manggala Kdm,Ampuun deh belum sadar dadar ternyata,ampuun belum sadar dadar ternyata,2026-06-02 05:02:49,0,0,Negatif,82.93
Suharyanta,Dasar Gubernur Sik nang Otake Gur mikir Proyek Bati,dasar gubernur sik nang otake gur pikir proyek bati,2026-06-02 05:14:46,0,0,Negatif,99.41
Engkoh,Salah pilih,salah pilih,2026-06-02 05:18:37,0,0,Negatif,96.37
Ati Murni,Terlalu banyak  omong jangan  pilih  dia lagi,banyak omong jangan pilih,2026-06-02 05:01:35,0,0,Netral,98.8
Rohit Bae Lah Rohit,Lagiyang mau mahal berapa juga kan bukan uwang pribadi ko kaya ga mau ngeluarin buot buwat pembangunan jalan umum,lagiyang mahal berapa kan bukan uwang pribadi kaya tidak ngeluarin buot buwat pembangunan jalan,2026-06-02 05:25:19,0,0,Negatif,98.27
Isran Mulak Sebingkai,"Selalu byk alasan,",banyak alasan,2026-06-02 05:58:14,0,0,Negatif,88.86
Mandala Tekhnik,CARA MEMIKIRMU BEGITU YA PA KECEWA BANGET AKU DULU MEMILIHNYA. AKU DULU TERTARIK SAMA WAKILNYA .  SANGAT KECEWA.,cara memikirmu pa kecewa banget memilihnya tarik wakil kecewa,2026-06-02 05:00:49,0,0,Negatif,99.86
Bambang Suryana,"Fi fi munduro ae dari pada duit rakyat dienggo wetenge dewe, silahkan pangkas anggaran yang kurang bermanfaat tapi mikiro rakyat wis tambah soro, tidak harus sama tapi contoh KDM sitik ae sing bisa nyenengke rakyat mu 🙏🙏🙏🙏🙏🙏🙏",fi fi munduro ae uang rakyat dienggo wetenge dewe silahkan pangkas anggaran manfaat mikiro rakyat wis soro tidak contoh kdm sitik ae sing bisa nyenengke rakyat mu mohon mohon mohon mohon mohon mohon mohon,2026-06-02 06:40:00,0,0,Negatif,99.48
Petta Budi Daeng Parani,Gubernur Gobloookkk...,gubernur goblookk,2026-06-02 05:26:04,0,0,Negatif,99.51
Opa Gaplek,"Gubernur penuh retorika, gawean weh pa, mantak aya jalan oge, pasti ad penduduk.. Pantesan jalan na bararutut..",gubernur penuh retorika gawean pa mantak aya jalan oge ad penduduk pantesan jalan na bararutut,2026-06-02 05:50:19,0,0,Negatif,98.32
Adi Pratama,Gak bermutu kebanyakan ngeles,tidak bermutu banyak ngeles,2026-06-02 05:11:56,0,0,Negatif,99.69
Lasiman,Ngayomi gopeni ndobol Gubernur Jawa Tengah Ahmad Luthfi Bulet wae.,ngayomi gopeni ndobol gubernur jawa tengah ahmad luthfi bulet wae,2026-06-02 05:44:51,0,0,Negatif,97.36
Teddy,Banyak teori..,banyak teori,2026-06-02 05:22:19,0,0,Netral,96.55
Faisal Hambali,Bilang aja kalo bangun jln desa korupai nya jd dikit,bilang kalo bangun jln korupai jd dikit,2026-06-02 21:41:32,0,0,Negatif,99.65
Dedy Rantau,Gubernur oon,gubernur oon,2026-06-02 12:27:47,0,0,Negatif,99.67
Abdallah Ahsan,mungkin disana suara nya sedikit 😁,disana suara senang kali,2026-06-02 12:18:24,0,0,Positif,96.16
BuBut Galonspeed,Pejabat kurang ulin....ulin kadieu gera🤣🤣,pejabat ulin ulin kadieu gera tertawa terbahak tertawa terbahak,2026-06-02 11:45:57,0,0,Negatif,97.85
Atim Rastim,Liat jalan Jabar tuh,liat jalan jabar,2026-06-02 11:41:52,0,0,Netral,98.8
Usup Sapi,Itu gubernur pa namanya,gubernur pa nama,2026-06-02 11:23:01,0,0,Netral,99.06
Ade Rahmat,Contoh gubernur Jabar bos ga usah debat banyak rapat ujung2an ga jadi bangun jalan.,contoh gubernur jabar bos tidak debat banyak rapat ujungan tidak bangun jalan,2026-06-02 10:34:43,0,0,Negatif,97.04
Encad Soekamty,Pak di jawabarat jalan yang berhubungan buat petani di perbaiki mala bisa masuk mobil biar petani ringan disaat abis panen bisa bawa pake mobil pake motor dan cepat geratasi pinggir jalan nya di kasih imigrasi.,pak jawabarat jalan hubung petani baik mala bisa masuk mobil biar petani ringan disaat abis panen bisa bawa pake mobil pake motor cepat geratasi pinggir jalan kasih imigrasi,2026-06-02 09:18:55,0,0,Negatif,99.23
Rajali Simanjuntak,"Beda kelas, beda level.",beda kelas beda level,2026-06-02 09:08:36,0,0,Netral,89.1
Endang Nu Tatang,Jadi jangankan membangun SDM...memberikan masukan agar bisa sejahtera dengan berusaha sendiri.... membangun jalan pun belepotan🤣🤣🤣,jangankan bangun sdm memberikan masukan bisa sejahtera usaha bangun jalan belepotan tertawa terbahak tertawa terbahak tertawa terbahak,2026-06-02 08:29:40,0,0,Negatif,99.6
Riniza,Jgn merendahkan sdm masarakat jawa tengah luppi sekarang jamannya udah canggih digitall,jgn rendah sdm masarakat jawa tengah luppi jamannya canggih digitall,2026-06-02 07:25:23,0,0,Positif,78.28
Juman Sandari,Ini gubernur Kok kalah sakades HOHO jauh kades hoho jln sawahpun di bangun,gubernur kalah sakades hoho kades hoho jln sawahpun bangun,2026-06-02 07:20:11,0,0,Negatif,99.39
Eny Kusnowati,Gubernur omongnya muter2 oalah ngono kok jadi Gubernur,gubernur omong muter muter oalah ngono gubernur,2026-06-02 07:11:00,0,0,Negatif,99.36
Raffandi,Gebenurnya pekok sekali,gebenurnya pekok kali,2026-06-02 07:01:34,0,0,Negatif,99.74
Tumino,Pekok,pekok,2026-06-02 06:49:03,0,0,Negatif,99.58
Imam Supardi,WIS ORA USAH DI PERBAIKI JALAN2 ITU KARENA GAK ADA GUNANYA DAN BIAYANYA BESAR LEBIH BAIK UANGNYA DI KANTONGI BUAT PESTA KELUARGA HA HA HA UWANEH WONG SIJI IKI LUR ORA ONOK GUNANE AJUR AJUR DUWE GUBERNUR KOYOK NGENE IKI,wis ora baik jalan jalan tidak ada guna biayanya uangnya kantongi pesta keluarga ha ha ha uwaneh orang siji iki lur ora ada gunane ajur ajur duwe gubernur koyok ngene iki,2026-06-02 06:01:37,0,0,Negatif,99.76
Safitri,"Jauh jauh Skali dengan KDM,yg lain banyak bicara saja nga ada bukti",skali kdm banyak bicara nga ada bukti,2026-06-02 05:53:42,0,0,Negatif,99.26
Cikra,Jauh bedah sama kdm,bedah kdm,2026-06-02 08:35:10,0,0,Netral,91.87
Bah Anom,Lieur... 🤣🤣🤣🤣,lieur tertawa terbahak tertawa terbahak tertawa terbahak tertawa terbahak,2026-06-02 07:17:51,0,0,Negatif,96.96
Iwan Arsy,Gubernur loba huntu,gubernur loba huntu,2026-06-02 12:17:08,0,0,Netral,60.63
Hasan Bintang Cipanas,Lihat lah Jawa Barat istimewa jalan kinclong bangga lah jadi orang Jawabarat ✨🥰🙏🏻,lihat jawa barat istimewa jalan kinclong bangga orang jawabarat keren sayang mohon,2026-06-02 08:13:06,0,0,Positif,99.67
Tasyah Talbinda,Lahhh kakean cocot tok lufi mungkin duit angarannya wih ntek di korupsi kui Tena makane kakean cocot jawabane Ra masuk utek ngalor ngidul ORA nbar nlas,lahh kakean mulut tok lufi uang angarannya wih ntek korupsi kui tena makane kakean mulut jawabane ra masuk utek ngalor ngidul ora nbar nlas,2026-06-02 06:13:39,0,0,Negatif,99.52
Sugengpriyanto,Cukup satu periode aja bikin kecewa,periode buat kecewa,2026-06-02 06:03:03,0,0,Negatif,99.79
Komar Udin,Wis dho bayar pajak durung pow rasah bayar wae,wis dho bayar pajak durung pow rasah bayar wae,2026-06-02 05:52:47,0,0,Netral,82.82
Gpe Geprank,Gubernur rasa RT,gubernur rasa rt,2026-06-02 18:34:54,0,0,Netral,94.25
Eman Moohulalo,Gubernur. Begini . Yg masarakat. Ngga mau. Banyak bacot. Kaya gubernur. Gorontalo,gubernur masarakat tidak banyak bacot kaya gubernur gorontalo,2026-06-02 05:14:34,0,0,Positif,66.96
Bang Binjai,Gub tak mampu !!,gub tak ii,2026-06-02 16:19:57,0,0,Netral,97.48
Eko Prasetyo,omong opo toh kiihh pak gubenr.mbulet omongane.ra jelas kekwkwkk,omong opo toh kiihh pak gubenr mbulet omongane ra jelas kekwkwkk,2026-06-02 13:00:27,0,0,Negatif,99.53
Nimoisme,Gubernur kalah sama kadesnya.,gubernur kalah kadesnya,2026-06-02 10:34:20,0,0,Negatif,99.29
Roheni Wulan S,lwt jalur ape dih dia bs jd bejbt,lwt jalur ape dih bs jd bejbt,2026-06-03 13:27:56,0,0,Netral,54.9
Manikem Kem,Lucu lucu cocok dadi pelawak,lucu lucu cocok dadi pelawak,2026-06-03 12:30:48,0,0,Positif,79.37
Ucok Sukoco,"Jangan byr pajak apa pun, gitu aja repott",jangan byr pajak gitu repott,2026-06-03 06:52:41,0,0,Negatif,98.48
Aiman Rizki,"gubernur gathel,mending kades hoho bener ora min  nek kades hoho dadi gubenur Jateng??",gubernur gathel mending kades hoho bener ora admin nek kades hoho dadi gubenur jateng,2026-06-03 06:29:30,0,0,Negatif,99.28
New Kenzo Arkan,Ngono kok Kabeh njaluk di pajeg...,ngono kabeh njaluk pajeg,2026-06-03 06:22:48,0,0,Negatif,97.47
Toni Yakin,"Inilah kualitas pemimpin kita, pembangunan jalan nya,yang masih menggunakan pengecualian,harus nya masyarakat nya juga cerdas bayar pajak nya juga harus pakai pengecualian.",inilah kualitas pemimpin pembangunan jalan menggunakan pengecualian masyarakat cerdas bayar pajak pakai pengecualian,2026-06-03 06:01:31,0,0,Negatif,99.08
Cicia Septy,Udah bu pindah qjah ke pemprov jabar ajh bu 😂,bu pindah qjah pemprov jabar ajh bu tertawa,2026-06-03 04:21:50,0,0,Negatif,94.37
Eko Hariadi,wajib seumur hidup ini mah 😂😂😂😂,wajib seumur hidup mah tertawa tertawa tertawa tertawa,2026-06-03 02:38:33,0,0,Positif,95.98
Ahmad Fauzi,Ngomongnya medok bngett,ngomongnya medok bngett,2026-06-02 22:21:01,0,0,Negatif,99.79
Nova Rosdiana,Warga Jateng patungan enggo tukar tambah paling yow setuju🤣🤣🤣,warga jateng patungan enggo tukar yow setuju tertawa terbahak tertawa terbahak tertawa terbahak,2026-06-02 22:13:11,0,0,Positif,95.16
Mandarin Mart,Kurang mbg nya sih ini orang🥴,mbg orang,2026-06-02 22:11:17,0,0,Negatif,91.17
Ki Mandala,"Lengserin aja si lufti ganti sama yg ngerti kemauan rakyat,,ayo warga jateng bersatu nepalin si lufti",lengserin si lufti ganti ngerti mau rakyat ayo warga jateng satu nepalin si lufti,2026-06-02 22:10:10,0,0,Negatif,98.89
Wiharto,Kucluk gubernur dobol,kucluk gubernur dobol,2026-06-02 22:08:56,0,0,Negatif,99.81
Ramana Adam,Semua jalan ada manfaatnya.,jalan ada manfaat,2026-06-02 21:55:43,0,0,Netral,80.74
Andi Bendul,Beda baget ya .....pemikiran nya sama gubernur yg sekolah..hahahaha,beda baget mikir gubernur sekolah hahahaha,2026-06-02 21:53:59,0,0,Negatif,99.31
Mas Tiwul,Pejabat molor,pejabat molor,2026-06-02 21:43:37,0,0,Negatif,97.96
Lalu Lanang,Gubernur nya masih ngantuk,gubernur ngantuk,2026-06-02 21:43:04,0,0,Netral,98.74
Adie Cah Tambenck,Gubernur goblok,gubernur bodoh,2026-06-02 21:35:47,0,0,Negatif,99.5
Shuprie Irenk,Kontol e gubernure seng ono gunane..,kontol gubernure seng ono gunane,2026-06-02 21:32:15,0,0,Negatif,99.48
Andor'rha,🤣🤣🤣🤣🤣🤣🤣🤣🤣🤣🤣🤣🤣🤣🤣malu liat nya,tertawa terbahak tertawa terbahak tertawa terbahak tertawa terbahak tertawa terbahak tertawa terbahak tertawa terbahak tertawa terbahak tertawa terbahak tertawa terbahak tertawa terbahak tertawa terbahak tertawa terbahak tertawa terbahak tertawa terbahak malu liat,2026-06-02 21:23:21,0,0,Negatif,85.27
Bang Toleh,Ngomong oppo kihhhhhh gawe wong rusuh ae,ngomong oppo kihh orang rusuh ae,2026-06-02 21:21:31,0,0,Negatif,98.23
Herry Mahesa,wong cilik plosok po meh tok no .pak wong plosok yow pajak,orang cilik plosok po meh tok no pak orang plosok yow pajak,2026-06-02 21:06:42,0,0,Negatif,98.39
Faleryo Fahriansyah,Wong koclok,orang koclok,2026-06-02 21:05:58,0,0,Negatif,99.48
Sumarna Angking,Gubernur kentir kue moso jalan Ra no manfaate.ko iso jadi gubernur.,gubernur kentir kue moso jalan ra no manfaate ko iso gubernur,2026-06-02 20:58:59,0,0,Negatif,99.28
Niman Niman,Mengapa kalau tengok gabenor Lutfi ngolor ini ❓❓❓❓❓❓❓❓❓❓tengok aja muka nya sudah sakit hati mengapa nya❓❓❓❓,mengapa tengok gabenor lutfi ngolor tengok muka sakit hati mengapa,2026-06-02 20:54:47,0,0,Negatif,99.87
A Ulis,Turun aja lu jadi gubernur soal nya goblok masa jlan ga ada manfaat nya,turun gubernur soal bodoh jlan tidak ada manfaat,2026-06-02 20:54:36,0,0,Negatif,99.66
Voni Susanti,Kalo jalan gak ada man faatnya jalan kerumah pak gubernur di tutup aja,kalo jalan tidak ada man faatnya jalan kerumah pak gubernur tutup,2026-06-02 20:54:01,0,0,Negatif,98.51
Rasiwanpp Rasiwanpp,Saya dari jtg lebih nyaman  tinggal di JBR,jtg nyaman tinggal jbr,2026-06-02 20:52:32,0,0,Negatif,92.1
Ayep Sarip,"Gubernur NATO
NO 
Action 
Talk
Only",gubernur nato no action talk only,2026-06-02 20:50:40,0,0,Netral,47.2
Dadan M Ramdani,Ahmad Lutfi tahun moal ke pake lagi karna kontrolpersi omon omon kerja nya beda sama KDM,ahmad lutfi tahun moal pake kontrolpersi omon omon kerja beda kdm,2026-06-02 20:48:17,0,0,Negatif,98.5
Broden Baroto Wijoyo,"Tampaknya kalau kita brosing, gubernur terbodoh yang muncul bukan lagi abah",tampaknya brosing gubernur terbodoh muncul bukan abah,2026-06-02 20:20:33,0,0,Negatif,99.39
Agung Gunawan,"Keur pembagian otak,jalma ieu mah teu hadir",keur pembagian otak jalma ieu mah teu hadir,2026-06-02 20:16:08,0,0,Negatif,74.53
Karya Budi,"Gubernur 
Longor",gubernur longor,2026-06-02 20:15:54,0,0,Netral,99.51
Narisma Nana,"Em jadi pilih kasih,🤣🤣🤣",em pilih kasih tertawa terbahak tertawa terbahak tertawa terbahak,2026-06-02 20:13:08,0,0,Negatif,85.75
Nedi K,"Untuuung bukan gubernur aing. 
Klw ini gubernur aing ehey ngerakeeeun..... !!",untuung bukan gubernur aing klw gubernur ehey ngerakeeun ii,2026-06-02 20:08:51,0,0,Negatif,39.17
Semy Doak,"Gubernur begok, gunanya apa rakyat bayar pajak",gubernur begok guna rakyat bayar pajak,2026-06-02 20:07:57,0,0,Negatif,99.8
Andikana Husna,Gubernurnya ngawur ini mah,gubernurnya ngawur mah,2026-06-02 20:07:47,0,0,Negatif,99.4
Rinto Handoyo,Rakyat Jawa Tengah harus bersyukur.....,rakyat jawa tengah bersyukur,2026-06-02 20:01:20,0,0,Netral,72.86
Farid Ma'ruf,"Cangkeman tok gubernur 1 iki, picek.matane dalane kok g enek.gunane,cangkemu iku g enek gunane cok",cangkeman tok gubernur i iki picek matane dalane enek gunane cangkemu iku enek gunane cok,2026-06-02 20:00:13,0,0,Negatif,99.62
Yan Yan,Mungkin salah pilih gubernur..,salah pilih gubernur,2026-06-02 19:47:34,0,0,Negatif,95.03
Kennedy Wak Ken,kpn mau majunya kalau pemikiran seorang gubernur kayak gini,kpn maju mikir gubernur kayak gini,2026-06-02 19:39:57,0,0,Negatif,99.65
Yusup S,Pi lutpi .. bacot mu ...,pi lutpi banyak bicara mu,2026-06-02 19:26:53,0,0,Negatif,98.92
Sazmiita Yanti,Gubernur koplak..pemikiran nya dangkal.beda sm Kdm.,gubernur koplak mikir dangkal beda sm kdm,2026-06-02 19:26:20,0,0,Negatif,99.4
Dsc Depok Solocomunity,Beda jauh cara berfikir gubernur jateng sama jabar,beda cara berfikir gubernur jateng jabar,2026-06-02 19:21:37,0,0,Netral,99.44
Ariez Q-roen,Edaaan wong iki,edaan orang iki,2026-06-02 19:21:21,0,0,Negatif,99.64
Sedo Wayo,"Tai,,, fubenur tai,,",tai fubenur tai,2026-06-02 19:13:36,0,0,Negatif,99.86
Ugye,Di kasih Rambo pilih Sambo  rasakno 😂,kasih rambo pilih sambo rasakno tertawa,2026-06-02 18:54:32,0,0,Positif,98.83
Deddy Susandi,Ya Alloh pejabat makin kemari makin gemblung,alloh pejabat makin mari makin gemblung,2026-06-02 18:51:54,0,0,Negatif,99.81
Ryzeki Sungsang,"Oalah..pak..pak,akehan bacot.lihat tuh KDM,ga banyak omong tapi bangun jalan mulus,emang udah kalah jauh sama KDM😂😂",oalah pak pak akehan bacot lihat kdm ga banyak omong bangun jalan mulus emang kalah kdm tertawa tertawa,2026-06-02 18:48:10,0,0,Negatif,99.16
Arga Wikanjaya,Ya kaya cengkeme laka manfaate,kaya cengkeme laka manfaate,2026-06-02 18:37:15,0,0,Negatif,93.71
Uus Ali Usman Usman,"Kau anggap masarakat bodoh ya pak... Uh ma,af ma,af pak gubernur ...",kau anggap masarakat bodoh pak uh ma af ma af pak gubernur,2026-06-02 18:13:58,0,0,Negatif,99.53
Asep Hadian,Oon itu pemimpin banyak teori,oon pemimpin banyak teori,2026-06-02 17:44:20,0,0,Negatif,99.27
Immanuel Fernando Marpaung,Makanya turun ke lapangan kau PANJUL.,makanya turun lapang kau panjul,2026-06-02 17:32:44,0,0,Negatif,91.67
Ahmad Tri Sakti,Mau ngirit duitnya tuk aapa tuh di irit amat GK mau bangun jalan,ngirit duitnya tuk aapa irit tidak bangun jalan,2026-06-02 17:31:52,0,0,Negatif,98.71
Purwo Budi,Gubernur kena batunya pasti dibuly netizen,gubernur kena batu dibuly netizen,2026-06-02 17:15:10,0,0,Negatif,96.62
Yosef Mego,"Buat apa dibikinkan jalan dulunya klu nga penting buat masyarakat,....sumua jalan itu penting Pak Gub,...salam Waras,...!!!",bikin jalan dulunya klu nga masyarakat sumua jalan pak gub salam waras ii,2026-06-02 17:03:20,0,0,Negatif,95.68
Asmara Muktar,"Yangnamanya jalan itu penting pak,",yangnamanya jalan pak,2026-06-02 16:58:57,0,0,Netral,95.16
Kardi Ansyah,Gubernur ini bisanya nyinyir pada KDM,gubernur bisanya nyinyir kdm,2026-06-02 16:47:51,0,0,Negatif,99.4
Ideng,Gubernur pilah pilih,gubernur pilah pilih,2026-06-02 16:42:29,0,0,Netral,80.54
Tiur Samosir,"Padahal jalan itu, salah satu penggerak roda perekonomian di sudut manapun manusia itu tinggal",jalan salah penggerak roda perekonomian sudut mana manusia tinggal,2026-06-02 16:40:26,0,0,Negatif,99.11
Riziola Novita Novita,Bapaknya yg tau uang masuk. Jalan utk masyarakat tidak penting toh g dapat uang saku😅😅. Utk apa byr pajak. Uang pajak kemn dong,bapaknya tau uang masuk jalan utk masyarakat tidak toh uang saku lega lega utk byr pajak uang pajak mana dong,2026-06-02 16:36:43,0,0,Negatif,89.85
Ruhyadi Bedun,La ini lebih pekok lgi,la pekok,2026-06-02 16:30:49,0,0,Negatif,98.66
Enjang Kuswara,Mantap sekali  pa gubernur ini jos lah,mantap kali pa gubernur jos,2026-06-02 16:30:29,0,0,Positif,99.71
Mimin Sri,"tik weneh,i masuk,an kok mlh ngotot muter2 mlh Ra jelas",tik weneh i masuk an mlh ngotot muter muter mlh ra jelas,2026-06-02 15:55:31,0,0,Negatif,99.65
Onekarya,Beda kelassssssssss,beda kelass,2026-06-02 15:49:40,0,0,Netral,77.95
Zahra Ocktaviani,Bhahahahahaha,bhahahahahaha,2026-06-02 15:48:53,0,0,Negatif,83.27
Edi Torett,pemikiran yg luar angkasa,mikir angkasa,2026-06-02 15:40:04,0,0,Negatif,73.88
Nuryadi Prepet,Kobisa jadi gubenur terbaik ya😭😭😭😭,kobisa gubenur baik sedih sedih sedih sedih,2026-06-02 15:30:24,0,0,Negatif,99.84
Sulaiman Aman,Gimana KLO gak viral kemakan omongan nya sendiri,gimana tidak viral makan omong,2026-06-02 15:29:15,0,0,Negatif,99.84
Adi Sandika,Jgn remeh kan rakyat pak skrg rakyat sdh pintar smuanya jd kami bisa belakang mana jln propensi sama jln kabupaten sama desa lo,jgn remeh kan rakyat pak skrg rakyat pintar smuanya jd bisa mana jln propensi jln kabupaten lo,2026-06-02 15:29:11,0,0,Positif,98.98
Tommy Tea,"Gua aneh ko ada ya gubernur kayak gitu, siapa yg pilih sih",gua aneh ada gubernur kayak gitu pilih,2026-06-02 15:25:44,0,0,Negatif,99.11
Anwar S Anwar S,Jawabanya orra nyambung,jawabanya orra nyambung,2026-06-02 15:24:34,0,0,Netral,99.4
S'guex,"Kasian rakyat jwa tengah punya gubernur pemikiran nya kaya gitu, astgfrllh",kasian rakyat jwa tengah punya gubernur mikir kaya gitu astgfrllh,2026-06-02 14:59:47,0,0,Negatif,99.82
Bang Fey,Kok pendek banget yaa pemikiran nyaa...,pendek banget yaa mikir nyaa,2026-06-02 14:54:21,0,0,Negatif,98.1
Wawa Tok Itok,Gubernur jateng bodol,gubernur jateng bodol,2026-06-02 14:48:00,0,0,Netral,84.9
Erna Kiswanti,Di kira masa rakat goblok kaya Lutfi ya,rakat bodoh kaya lutfi,2026-06-02 14:46:54,0,0,Negatif,99.65
Heru Wahyudi,Gubernur malu2in,gubernur maluin,2026-06-02 14:32:28,0,0,Negatif,99.73
Frangkibirahim,"Gubernur jawa tengah, pikirannya kayak anak SD, jalan itu lebih penting karena membantu ekonomi daerah, klau jalannya tidak diperbaiki maka ekonomi daerah juga berkurang, jalan sudah rusak nggk mau diperbaiki...ibu bupati sudah melaporkan bahwa jalan tersebut akses sangat penting, cuma jawaban gubenur bikin ketawa....😁😁😁😁😁",gubernur jawa tengah pikirannya kayak anak sd jalan bantu ekonomi daerah klau jalan tidak baik ekonomi daerah kurang jalan rusak nggk baik ibu bupati lapor jalan akses jawab gubenur buat ketawa senang kali senang kali senang kali senang kali senang kali,2026-06-02 14:26:17,0,0,Positif,95.57
Jonas,"Kata dai mah TDK mnpaat kerna uang nyH di korup ..oleh nyH .. 
Jadi pemimpin TDK dengan rasa ati masarakat ..",kata dai mah tidak mnpaat kerna uang nyh korup nyh pemimpin tidak rasa ati masarakat,2026-06-02 14:25:36,0,0,Negatif,99.73
Muhammad Firadaus,Pertahankan org spt ini....hbs itu. Anjlepke...😂😂😂,tahan orang hbs anjlepke tertawa tertawa tertawa,2026-06-02 14:23:19,0,0,Negatif,57.1
Rahmandha Kenzie Septian,Ngga nyambung,tidak nyambung,2026-06-02 14:19:01,0,0,Negatif,99.48
Kahar Majid,Dmn mn jln utama dong...😅,dmn mn jln utama dong lega,2026-06-02 14:17:09,0,0,Netral,56.49
Ajisolid,"Antara pembelaan diri & pesimis dg kemampuan diri😂😂, kocak gubernur ini,,alhamdulillah urg mh boga #KDM #jabarbersih #jabarostimewa #bpkaing",pembelaan pesimis dg mampu tertawa tertawa kocak gubernur alhamdulillah urg mh boga,2026-06-02 14:02:20,0,0,Positif,99.69
Ade Rachman,Isi otaknya OPO iki,isi otaknya opo iki,2026-06-02 13:49:54,0,0,Negatif,93.67
Iyan Suryana,haha 😂 jln ko di pilah pilah .kl jelek jln bangun dong .,tertawa jln pilah pilah kl jelek jln bangun dong,2026-06-02 13:08:19,0,0,Negatif,97.08
Hari Yn,Warga jateng kayaknya nyesal pilih Luthfi...,warga jateng kayaknya nyesal pilih luthfi,2026-06-02 12:59:42,0,0,Negatif,78.83
Mas Sarik Bengkel,Gubernure geblek....,gubernure geblek,2026-06-02 12:57:47,0,0,Negatif,99.29
Risky Prasetiya,Gubernur pea 🤣🤣🤣🤣,gubernur pea tertawa terbahak tertawa terbahak tertawa terbahak tertawa terbahak,2026-06-02 12:55:19,0,0,Negatif,90.58
Rosidi Ezi,Congore koyo selet babi,congore koyo selet babi,2026-06-02 12:53:40,0,0,Negatif,99.76
Pakdhe Heri Heri,Jabar jateng beda kelas laa...jabar pancen oye.....jateng argumen tok.....hasile nglotok...,jabar jateng beda kelas laa jabar pancen oye jateng argumen tok hasile nglotok,2026-06-02 12:47:02,0,0,Negatif,99.25
Arkana Wahyudin,Ohh yo wess sakerep mu ea mas,ohh wess sakerep mu ea mas,2026-06-02 12:29:36,0,0,Negatif,63.52
Hari Wiguna,Pajak dari rakyat bukan masalah ada atau ga ada efek keuntungan semata tapi disinikan rakyat harus merasakan dampak dari pembangunan ya seperti itu jalan minimal diperbaiki meskipun tidak mulus okey,pajak rakyat bukan masalah ada tidak ada efek untung mata disinikan rakyat rasa dampak pembangunan jalan minimal baik tidak mulus okey,2026-06-02 12:23:19,0,0,Negatif,99.31
Jaga Wana,"Banyak bicara gub, jateng mah hasil gawe ora ono .",banyak bicara gub jateng mah hasil ora ono,2026-06-02 12:09:16,0,0,Negatif,96.74
Ridwan Syafari,Ngemeng bae,ngemeng,2026-06-02 11:44:28,0,0,Netral,49.3
Mamah Yani,"Bapa ,Aing pak KDM 👍👍❤️❤️❤️❤️🥰🙏🙏🙏🙏🙏🙏",bapa aing pak kdm bagus bagus sayang mohon mohon mohon mohon mohon mohon,2026-06-02 11:44:15,0,0,Negatif,94.04
Muaya Ronny,Rakyat Jawa Tengah sangat pintar memilih pemimpin dearah,rakyat jawa tengah pintar memilih pemimpin dearah,2026-06-02 11:43:42,0,0,Positif,94.65
Imam Fahrodin,Jempoool 4 lngsung buat Bpk josjis pokoe,jempool a lngsung bpk josjis pokok,2026-06-02 11:42:59,0,0,Positif,82.68
Yusep Nunu,Asa loba lieurna...,asa loba lieurna,2026-06-02 11:16:29,0,0,Netral,82.0
Adian Boed,Buat pertimbuhanekonomi bari Bu ya ekonomi lama antepin aja,pertimbuhanekonomi bari bu ekonomi antepin,2026-06-02 11:06:38,0,0,Negatif,87.79
Sadi Bey,Gubernur cangkeme ubet ubetan,gubernur cangkeme ubet ubetan,2026-06-02 11:01:13,0,0,Negatif,99.23
Rubyanto Dey,Gubernur pemikiran nya dangkal,gubernur mikir dangkal,2026-06-02 10:49:22,0,0,Negatif,98.91
Dadang Jaenudin,Semoga Allah menunjukan jalan yang benar,semoga allah menunjukan jalan,2026-06-02 10:34:30,0,0,Netral,96.9
Jamal Husen,Beginilah pejabat dari hasil kecurangan. Pasti otaknya kosong,beginilah pejabat hasil kecurangan otaknya kosong,2026-06-02 10:05:30,0,0,Negatif,99.8
Achmad Badri,klu begitu penduduk yg ada di pelosok klu ada pemilihan gubernur gak milih gak apa soalnya gak ada manfaatnya kira2 begitu 😄,klu penduduk ada pelosok klu ada pemilihan gubernur tidak milih tidak soalnya tidak ada manfaat bahagia,2026-06-02 09:48:34,0,0,Negatif,96.09
Siti Koriah,Lucu gubernur nya,lucu gubernur,2026-06-02 09:12:21,0,0,Negatif,77.24
Bang Debleng,"Seakan rakyat di anggap oon ,masa katanya Ega tau jalan lab ,sama jln propinsi ,ini pejabat apa",seakan rakyat anggap oon kata ega tau jalan lab jln propinsi pejabat,2026-06-02 08:56:45,0,0,Negatif,99.71
Ahmad Sarifudin,"Banyak omong emang GUB in,,alasan nya muter² kya kincir angin ya 😅",banyak omong emang gub in alasan muter kya kincir angin lega,2026-06-02 08:20:40,0,0,Negatif,99.58
Penutup,"Maka nya jgn di tambal pak  langsing kontruksi biar ngk ancur trus ,",jgn tambal pak langsing kontruksi biar tidak ancur trus,2026-06-02 07:51:07,0,0,Negatif,98.73
M. Ade Udut,Gubernur cuma butuh jabatan doang tapi ga pinter orang jawa tengah salah memilih,gubernur butuh jabat doang tidak pinter orang jawa tengah salah memilih,2026-06-02 07:49:43,0,0,Negatif,99.53
Star Mari,Huuuh ituh bapa nya siapa yaaa  jauuuh banget dengan bapa aing mh  duuh payah deh penduduk yg ada di desa juga buruh jalan glowing  justru pangan  datang nya dari desa . apa orang desa gaboleh punya jalan bagus  aduuuh sibapa ini...😠,huuh ituh bapa yaa jauuh banget bapa mh duuh payah penduduk ada buruh jalan glowing pangan datang orang gaboleh punya jalan bagus aduuh sibapa marah,2026-06-02 07:46:27,0,0,Negatif,99.86
Kasimin Smart,"Urip wong kuto kui Mergo Seko ndeso,ora ko kota Nyang ndeso pak gubbbbbb",urip orang kuto kui mergo seko ndeso ora kota nyang ndeso pak gubb,2026-06-02 07:46:15,0,0,Negatif,96.04
Ali Imron Imron,Gulingno ae pemikirane gk masuk blas..,gulingno ae pemikirane tidak masuk blas,2026-06-02 07:41:22,0,0,Negatif,99.78
Hady Kinanty Hady,Mbulet koyo entut,mbulet koyo entut,2026-06-02 07:11:06,0,0,Negatif,99.52
Samsudin Tengki,"Memang Beda, pemimpin yg cuma modal duit",beda pemimpin modal uang,2026-06-02 06:40:09,0,0,Negatif,97.64
Soleh Rahmat,Omongane kyok wong bodo,omongane kyok orang bodo,2026-06-02 06:28:19,0,0,Negatif,99.73
Hasan Syadili,BP Saha eta,bp saha eta,2026-06-02 06:06:19,0,0,Netral,81.9
Kasatu Rassa,"Kok.di.pilih.sama.masrakatya.wong
G.gitu",pilih masrakatya wong gitu,2026-06-02 05:52:27,0,0,Negatif,99.39
Andi Suyono,Gubernur OPO Iki,gubernur opo iki,2026-06-02 05:31:12,0,0,Netral,69.63
Faiza Shafiya,Lutfi mbulet AE koyo entut,lutfi mbulet ae koyo entut,2026-06-02 05:22:08,0,0,Negatif,99.65
Halil Adhan Ghifari,Koplak koplak...,lucu koplak,2026-06-03 05:43:34,0,0,Negatif,99.43
Bang Joo,"Ya Allah kok masih ada ya gubernur kyak gtu, goblok nya se Indonesia",allah ada gubernur kyak gtu bodoh se indonesia,2026-06-02 21:00:10,0,0,Negatif,99.64
Areisone Alaydrus,"Alesanne soko biyen gak enek biayane, preet....!!! pajak kendaraan arep dienggo opo, arep diemplok kabeh karo konco2mu.",alesanne soko tidak enek biayane preet ii pajak kendaraan arep dienggo opo arep diemplok kabeh karo koncomu,2026-06-02 20:56:58,0,0,Negatif,98.67
Hafiza Nurrahayu,Gubernur apaan,gubernur apaan,2026-06-02 20:54:26,0,0,Netral,50.22
Abdul Karim,Jawaban gak mutu..jawaban yg bikin gaduh masyarakat. .,jawab tidak mutu jawab buat gaduh masyarakat,2026-06-02 20:47:17,0,0,Negatif,99.8
Suhada Renal,Lutfi beda kesalahan dengan kdm.,lutfi beda salah kdm,2026-06-02 20:46:18,0,0,Negatif,63.7
Endang Suryana,Pantesan Jateng ga maju gubernur nya aja pemikiran dan pemahamannya aja gaya gitu,pantesan jateng tidak maju gubernur mikir pemahamannya gaya gitu,2026-06-02 20:17:30,0,0,Negatif,99.61
Komala Sari,"Ya allah tabahkan... Beri sabar yang luas untuk masyarakat Jawa Tengah........ 🤣🤣🤣🤣 kok otaknya masih anak paut.... 

😂😂",allah tabahkan beri sabar luas masyarakat jawa tengah tertawa terbahak tertawa terbahak tertawa terbahak tertawa terbahak otaknya anak paut tertawa tertawa,2026-06-02 20:03:54,0,0,Positif,48.91
Asda Sutriadi,yahhh nyari yg nguntungin.....huhhhh,yahh nyari nguntungin huhh,2026-06-02 19:38:40,0,0,Negatif,97.02
Kenzy Al Fariq,4 jari tengah kanggo lutfi,a jari tengah kanggo lutfi,2026-06-02 19:16:23,0,0,Negatif,55.23
PakNdah,Demo aja gubernur nya,demo gubernur,2026-06-02 18:56:37,0,0,Netral,88.88
Ayu Amelia,pejabat itu hatinya iblis semua jahat semua cuma kdm yang baik,pejabat hati iblis jahat kdm,2026-06-02 17:41:29,0,0,Negatif,99.81
Santri Oleng,Pemimpin yg merendahkan martabat rakyatnya itu penghianat amanat....setiap jalan banyak manfaatnya bahkan jalan tikuspun itu ada manfaatnya...inikah pemimpin karbitan x seragam itu,pemimpin rendah martabat rakyatnya penghianat amanat jalan banyak manfaat jalan tikuspun ada manfaat inikah pemimpin karbitan seragam,2026-06-02 15:33:46,0,0,Negatif,99.83
Mahfud Al - Ghofiqi,Kata pak Lutfi jalan yg ada manfaatnya itu jalan si jabang bayi,kata pak lutfi jalan ada manfaat jalan si jabang bayi,2026-06-02 14:57:37,0,0,Negatif,97.46
Antonius Bong,Pejabat seperti anda yang ga ada guna nya,pejabat tidak ada,2026-06-02 14:03:34,0,0,Negatif,98.87
Akung Bima,Pejabat kurang gaul,pejabat gaul,2026-06-02 13:39:28,0,0,Positif,50.8
Gopel Gopel,Wong model kuwi sg marakke indonesia tambah mundur,orang model kuwi sg marakke indonesia mundur,2026-06-02 13:21:38,0,0,Negatif,99.32
A'Yudi Pohay Pohay,KDM emang jauh lebih baik dari yg banyak bacot,kdm emang banyak banyak bicara,2026-06-02 13:14:45,0,0,Negatif,98.42
Juhana Heru,"Iyeu Saha NU milih sih gubernur kos kie ,ampun Gusti",iyeu saha nu milih gubernur kos kie ampun gusti,2026-06-02 12:44:58,0,0,Negatif,97.64
Nirwan Maulana,"Dikira pinter, ternyata mudeng",dikira pinter ternyata mudeng,2026-06-02 12:43:10,0,0,Netral,71.66
Surahman Rama,Parah ni gubernur... 😂😂😂😂,parah gubernur tertawa tertawa tertawa tertawa,2026-06-02 12:19:21,0,0,Positif,83.28
Sutarto Tarto,Gubernure pekok dalaori dalan bodol jawabane kaya celeng asu asu,gubernure pekok dalaori dalan bodol jawabane kaya celeng asu asu,2026-06-02 11:48:01,0,0,Negatif,99.79
Budi Subiakto,Wis gak pantes dadi gupenur.gupenur koplak,wis tidak pantes dadi gupenur gupenur lucu,2026-06-02 11:18:57,0,0,Negatif,99.46
Esih Sukarsih,Daripda  benerin jalan mnding buat isi perut sama kebutuhn nya 😂,daripda benerin jalan mnding isi perut kebutuhn tertawa,2026-06-02 09:47:20,0,0,Netral,42.55
Asep Tomtom Diliana,TADINYA BEKAS ORANG BERBELIT MELILIT RAKYAT .TAU KAN  .......PASTI DI PAKE LAGI .POLISI,tadinya bekas orang berbelit melilit rakyat tau kan pake polisi,2026-06-02 09:36:42,0,0,Negatif,97.25
Asep Saripudin,Pejabat edan wong gendeng,pejabat edan orang gendeng,2026-06-02 09:14:32,0,0,Negatif,99.81
Al Ghifari,Dgn jln mulus dn bgus mka d stu psti akn tumbuh perekonomian yg bgus ...lain dgn pa gub ini hrs melihat dlu yg skrang ad potensi ekonomi yg brjalan bru tu jalan d tambal² kalau kya gni pertumbuhan ekonomi gk akan bertambah ..bnr gk?,jln mulus dn bgus mka stu psti akn tumbuh perekonomian bgus pa gub lihat dlu skrang ad potensi ekonomi brjalan tu jalan tambal kya gni tumbuh ekonomi tidak tambah bnr gk,2026-06-02 07:38:57,0,0,Positif,93.78
Mimin April,"Otak nya di mana ini pemingpin ,parah",otak mana pemingpin parah,2026-06-02 07:10:36,0,0,Negatif,99.74
Rury Refleksi,"Ws g masok pk pikiran mu,jauh sama KDM sat set lsg beres ,py ndwe gubernur ngene ki ora dwite dwe kok eman arep gae mbangon pak2",ws masok pk pikir mu kdm sat set lsg beres py ndwe gubernur ngene ki ora dwite dwe eman arep gae mbangon pak pak,2026-06-02 06:56:25,0,0,Negatif,98.34
Datok Attalah Skm,Hahahaha punya masyarakat kok pilih kasih,hahahaha punya masyarakat pilih kasih,2026-06-02 06:52:52,0,0,Negatif,99.84
Halimatu Sa'diyah,Sak karepmu pak... Kebanyakan teori tapi prakteknya 0,sak karepmu pak banyak teori prakteknya,2026-06-02 05:58:51,0,0,Netral,99.16
Ibar New,Gubernur lucu,gubernur lucu,2026-06-02 05:18:23,0,0,Positif,68.49
Al Azam,Gubernur asu,gubernur asu,2026-06-03 04:44:56,0,0,Negatif,99.64
Vergo,Setiap pembangunan pasti ada manfaat kecuali pembangunannya dikorupsi 🤷‍♂️,pembangunan ada manfaat kecuali pembangunannya dikorupsi,2026-06-02 22:20:32,0,0,Negatif,99.72
Eko Riyanto,pinter ngomong doang ...kerja nyata kaya kdm,pinter ngomong doang kerja nyata kaya kdm,2026-06-02 21:27:23,0,0,Negatif,94.99
Raka Wijaya,Lengserkan,lengserkan,2026-06-02 21:26:23,0,0,Negatif,99.58
Odink Kpk,Calon RI 1 2029 🥺🥹😭,calon ri i og memohon sedih,2026-06-02 21:20:18,0,0,Negatif,99.61
Agus Noah,Kdm terbaik ♥️♥️♥️♥️,kdm baik,2026-06-02 21:14:40,0,0,Netral,66.88
Udin Ariga Ariga,"OMONG kosong""😁😁😁",omong kosong senang kali senang kali senang kali,2026-06-02 20:43:21,0,0,Positif,99.46
Erni Gefillia,Bilang sja Kao TDK sanggup karna takut uang Kao berkurang SDH jelas2jln tuh penting malah ngomong TDK bermampaat gmna pemikiran Kao dasar oon,bilang sja kao tidak sanggup takut uang kao kurang jelasjln ngomong tidak bermampaat gmna mikir kao dasar oon,2026-06-02 19:56:14,0,0,Negatif,99.77
Rony Nation,Omon omon gu jateng,omon omon gu jateng,2026-06-02 18:45:05,0,0,Negatif,69.26
Ade Pangesti Adi,"Kakean cangkem Kowe lah,Ra pantes dadi gubernur Kowe woy",kakean cangkem kowe ra pantes dadi gubernur kowe woy,2026-06-02 18:02:36,0,0,Negatif,99.37
Dupe Pe,"Ko jln ga ada manpaatnya pak,igimana ini justru ada jln akses ekonomi lancar",jln tidak ada manpaatnya pak igimana ada jln akses ekonomi lancar,2026-06-02 17:49:16,0,0,Negatif,85.4
Ike Supomo,Koyo cah angon mbulet pak,koyo cah angon mbulet pak,2026-06-02 17:46:56,0,0,Negatif,98.65
Rlan Alfandi,Itu gubernur siapa yg milih nya,gubernur milih,2026-06-02 15:53:53,0,0,Netral,68.17
Polget Polget Oget,Gubernur komedi,gubernur komedi,2026-06-02 15:41:44,0,0,Netral,95.52
Gandek Lombok,"Gubernur kebanggaan warga Jateng,ayok dukung sampai 10 periode😂",gubernur bangga warga jateng ayok dukung io periode tertawa,2026-06-02 14:59:16,0,0,Netral,80.28
Ika Jatnika,"Untung bukan gubernur Jabar, hadeuh ...",untung bukan gubernur jabar hadeuh,2026-06-02 14:55:48,0,0,Negatif,82.95
Saepul Uyun Reel,Owalah ko pikirane kaya wong gedeng ya inftastruktur bagus ketahanan pangan bagus kenpa biyaya ongkos gak mahal kalo jalan nya bagus coba bapa ke plosok desa yang seharus nya harga jagung itu kisaran 6.100 jadi 5.700 kenpa biyaya ongkos nya dari ladang ke bandar mahal karna jalan nya jelek beda jalan bagus harga ongkos lebih ringan,owalah pikirane kaya orang gedeng inftastruktur bagus tahan pangan bagus kenpa biyaya ongkos tidak mahal kalo jalan bagus coba bapa plosok harus harga jagung kisaran ioo too kenpa biyaya ongkos ladang bandar mahal jalan jelek beda jalan bagus harga ongkos ringan,2026-06-02 13:55:53,0,0,Negatif,99.69
Cucu Sutarja,Cangkem mu,cangkem mu,2026-06-02 12:17:44,0,0,Negatif,99.49
Sawol Wagishab Bike's,Gubernure nek bangun jalan kui males soale ra ono batine wkwkwkwk,gubernure nek bangun jalan kui males soale ra ono batine wkwkwkwk,2026-06-02 11:28:45,0,0,Negatif,99.59
Dedi Prasetyo,"Stresss,,, aku g nyobos dia lhoooo🤣",stress nyobos lhoo tertawa terbahak,2026-06-02 11:00:06,0,0,Negatif,99.8
Takokak Adyalis,"jng samakan lagi dng kdm ,,saya mohon buat gub Jateng kritik aza diri sendiri,, jng libatkan kdm",jng sama dng kdm mohon gub jateng kritik aza jng libatkan kdm,2026-06-02 10:14:14,0,0,Negatif,97.06
Lihar Yanto,.geton milih mileh kuwe.huuuuuh,geton milih mileh kuwe huuh,2026-06-02 08:52:27,0,0,Negatif,85.36
Rohmat Ikeww,Oalah pantesan mikir nya kayagini🤣,oalah pantesan pikir kayagini tertawa terbahak,2026-06-02 08:40:24,0,0,Negatif,98.49
Nurul Hadi,Begini lah kalau salah pilih pemimpin,salah pilih pemimpin,2026-06-02 08:22:11,0,0,Negatif,98.56
Hamda,Ws di usulno ijeh pekok,ws usulno ijeh pekok,2026-06-02 08:00:38,0,0,Negatif,99.09
Ade Hamdan,Udah warga blora-CEPU keluar aja dr propinsi Jateng 😇😇😇,warga blora cepu keluar propinsi jateng polos polos polos,2026-06-02 07:52:05,0,0,Netral,99.05
Akbar Dwi,Opo ono dalan seng gak ono manfaate... Ngomong kok nglantur,opo ono dalan seng tidak ono manfaate ngomong nglantur,2026-06-02 05:25:22,0,0,Negatif,99.27
Juli Koi,bingung rakyat nanggapix mbuh kemana arahx iki cangkeme,bingung rakyat nanggapix mbuh mana arahx iki cangkeme,2026-06-03 05:57:00,0,0,Negatif,99.29
Ahmad Bng Jok,Banyak igak ngomong  huhh,banyak igak ngomong huhh,2026-06-02 22:26:09,0,0,Negatif,99.74
Suryana Suryana,orng ini blm bisa krj lbih bnyak ngomong y,orng belum bisa krj lbih bnyak ngomong,2026-06-02 22:00:44,0,0,Negatif,78.5
Mujiono Bin Achmad,Gubernur paling goblok sepasang sejarah Jawa tengah,gubernur bodoh pasang sejarah jawa tengah,2026-06-02 21:05:50,0,0,Negatif,97.13
Piping,Wlaupun bukn sya  punyak ngubenner  turunin ini gubennor,wlaupun bukan punyak ngubenner turunin gubennor,2026-06-02 18:45:32,0,0,Positif,63.11
Ariya Wijaya,Anggap aja semut yang ngomong pak,anggap semut ngomong pak,2026-06-02 18:35:32,0,0,Negatif,87.16
Banyu Langit,"Tambah tuo jans enak nikmati urip pensiunan
Lah ngene di di elek"" wargane dewe.. durung besok ono kisaf akherat sbg pemimpin",tuo jans enak nikmati urip pensiunan ngene elek wargane dewe durung besok ono kisaf akherat sbg pemimpin,2026-06-02 18:16:33,0,0,Negatif,99.55
Bang Abdul Kharim,Wes Gedhe kok jek goblog,wes gedhe jek goblog,2026-06-02 17:44:35,0,0,Negatif,99.57
Ago Hermansyah,Koplak,lucu,2026-06-02 17:08:44,0,0,Negatif,99.49
Anton Heryanto,"Kenapa debat dulu, bagusnya turun kelapangan ...",kenapa debat bagusnya turun lapang,2026-06-02 16:29:52,0,0,Negatif,64.95
Alghiefari Herbs,Ini Gubernur nya warga mana  ya pola pikir nya masih kebelakang😂😂,gubernur warga mana pola pikir kebelakang tertawa tertawa,2026-06-02 15:46:02,0,0,Negatif,99.44
Siti Nuraidah,Muksud ngomong eta gubernur make pikiran teunya,muksud ngomong eta gubernur make pikir teunya,2026-06-02 15:21:13,0,0,Negatif,92.07
Abo Sanjaya,Anggap manusia Bodh rayat 😝😝😝😝😝😝,anggap manusia bodh rayat,2026-06-02 14:14:13,0,0,Negatif,99.8
Budi Tri P,Mantap kdm,mantap kdm,2026-06-02 13:28:08,0,0,Netral,52.46
Rafi Akbar,Biyuh2 jawaban nggak masuk akal,biyuh biyuh jawab tidak masuk akal,2026-06-02 12:15:58,0,0,Negatif,99.59
Gunawan Oci,ADUH,aduh,2026-06-02 12:11:46,0,0,Negatif,99.45
Andi Sahra,"dari vidio ini kita bisa menilai Bedanya gubernur Jateng  di orkes oleh bupatinya untuk pembangunan 
bedanya gubernur Jabar KDM nya yang mengorkes kepada para bupatinya untuk pembangunan smpe ke pelosok desa",vidio bisa menilai beda gubernur jateng orkes bupatinya pembangunan beda gubernur jabar kdm mengorkes bupatinya pembangunan smpe pelosok,2026-06-02 10:41:23,0,0,Negatif,82.01
Emil Yusuf,Makannya otak dungu jangan ditaru didengkul ..beda banget mah ama kdm...,makan otak dungu jangan ditaru didengkul beda banget mah ama kdm,2026-06-02 09:37:09,0,0,Negatif,99.75
Meteor Farming,Kenapa model pejabat kaya begini diharuskan jadi Gubernur sih...? Yaa Alloh naha teu lenyapkeun wae jelema model kieu...,kenapa model pejabat kaya harus gubernur yaa alloh naha teu lenyapkeun wae jelema model kieu,2026-06-02 08:09:33,0,0,Negatif,98.99
Alfa Risi,Si lutfi takut kluar duit.tak mau rugi..takut gk cukup duitnya masuk poket,si lutfi takut kluar duit tak rugi takut tidak duitnya masuk poket,2026-06-02 08:08:44,0,0,Negatif,99.77
Andi Prabu,Alah pret lho .,alah pret lho,2026-06-02 06:46:16,0,0,Negatif,99.72
Sukiman,Kakean cangkem,kakean cangkem,2026-06-02 05:06:44,0,0,Negatif,98.09
Egi Setiawan,"Intinya nnti saya gk bisa korupsi,ngomong gt aja ko susah",intinya nnti tidak bisa korupsi ngomong gt susah,2026-06-02 15:44:46,0,0,Negatif,98.72
Amsori,"Yang salah yang memilih Gubernur masa orang begitu d pilih , d kembalikan saja pada alam jahil iya😂😂😂😂😂😂",salah memilih gubernur orang pilih kembalikan alam jahil iya tertawa tertawa tertawa tertawa tertawa tertawa,2026-06-02 19:50:26,0,0,Negatif,89.89
Joke Sidi Langkawe,Ngalor ngidul camkem besar ilmu dangkal gubenor Jateng,ngalor ngidul camkem ilmu dangkal gubenor jateng,2026-06-03 12:25:05,0,0,Negatif,99.42
Dika Aprillo,"Mendukung sepenuhnya gubernur Jateng, karna gubernur seperti itu tidak ada lagi stoknya,. Tanpa adanya pak gubernur Jateng yg sekarang, masyarakat Jateng kga bakalan sejahtera.   Lanjutkan pak sampai rakyatmu menangis...😆😆🤭",dukung penuh gubernur jateng gubernur tidak ada stoknya tanpa ada pak gubernur jateng masyarakat jateng kga bakalan sejahtera lanjutkan pak rakyatmu menangis tertawa tertawa tertawa,2026-06-03 08:01:03,0,0,Positif,98.82
Tri Yono,Banyak cocot gk bisa kerja  gubernur gini kok di bandingkan kan sama gubernur jabar😂😂,banyak mulut tidak bisa kerja gubernur gini bandingkan kan gubernur jabar tertawa tertawa,2026-06-03 06:39:38,0,0,Negatif,99.29
Naimar Adhinata,Ngomong apasih.....ga jelas sekolahnya tamatan apasih......,ngomong apasih ga jelas sekolah tamatan apasih,2026-06-03 06:11:33,0,0,Negatif,99.56
Udin Bengkel,Patut gubernur seumur hidup 😂😂,patut gubernur seumur hidup tertawa tertawa,2026-06-02 21:52:58,0,0,Negatif,95.83
Ridhoilahi,Jangan nyesel kan masarakat yg milih,jangan nyesel kan masarakat milih,2026-06-02 21:43:08,0,0,Positif,94.96
Tatang Hidayat,Ah banyak bicara kerja di lapangan 0 besar ....udah kompak. Aja jangan bayar pajak kendaraan susah amat sih jalan ancur mah,banyak bicara kerja lapang udah kompak jangan bayar pajak kendaraan susah jalan ancur mah,2026-06-02 21:38:05,0,0,Negatif,98.18
Muhammad Mistam,"Jalan dulu baru ekonomi jalan pa de, jangan d beda bedakan",jalan ekonomi jalan pa de jangan beda beda,2026-06-02 21:22:51,0,0,Positif,53.18
Ahmad Efendy,"Si Lutfi kalo di komen sm rakyat nya kebanyakan drama omongan nya muter2
Mirip Rk banget..
Gak mau di komen",si lutfi kalo komen sm rakyat banyak drama omong muter muter mirip rk banget tidak komen,2026-06-02 21:08:38,0,0,Negatif,99.77
Norinto,Gubernurnya bloon lutfi,gubernurnya bloon lutfi,2026-06-02 21:05:52,0,0,Negatif,99.21
Dedi Doank,gubernur kaya gitu masih di pilih,gubernur kaya gitu pilih,2026-06-02 21:01:14,0,0,Negatif,98.58
Arjuna Rampal,ini pejabat hanya mikirin perutnya sendiri pejabat goblok,pejabat memikirkan perutnya pejabat bodoh,2026-06-02 20:58:36,0,0,Negatif,99.62
Inharis Sulistiyo,Koen iku lutfi gubernur si mbone ancuk,koen iku lutfi gubernur si mbone ancuk,2026-06-02 20:43:14,0,0,Negatif,98.17
Sendalcepit,"lutfi yang gak ada manfaatnya،giliran bahas soal pajak cepet banget ngomong nya.
salah apa sih jateng punya gubernur kok gini amat",lutfi tidak ada manfaat gilir bahas soal pajak cepat banget ngomong salah jateng punya gubernur gini,2026-06-02 20:36:29,0,0,Negatif,99.29
Sahrul Suaedi,Aneh tapi nyata.,aneh nyata,2026-06-02 19:47:03,0,0,Negatif,99.39
Aghnia NurSyarif,la itu eweknya buat rakyat,la eweknya rakyat,2026-06-02 19:24:01,0,0,Negatif,99.7
Ilham Jr.,Besok yqlon lagi pak,besok yqlon pak,2026-06-02 19:18:29,0,0,Netral,95.62
Memet Hadiyanto,"Enak dong warga Jateng, jalan yang gak ada manfaatnya bisa di bikin tempat tinggal kek warung kek .tinggal di manfaatkan aja sama warganya,gubernur kan yang bilang jalanya gak ada manfaatnya.",enak dong warga jateng jalan tidak ada manfaat bisa buat tinggal kek warung kek tinggal manfaat warga gubernur kan bilang jalanya tidak ada manfaat,2026-06-02 19:10:17,0,0,Negatif,99.43
Gustian Depp,😂😂 kocak,tertawa tertawa kocak,2026-06-02 19:08:09,0,0,Positif,99.18
Mohamad Jaelani,"Hayo yang milih siapa ya..? 
Besok besok ada pemilihan gubernur... ???Ya tau lah dan cerdaslah",hayo milih besok besok ada pemilihan gubernur tau cerdaslah,2026-06-02 18:45:20,0,0,Netral,99.38
Porath Putra,Ini bus jadi kaya sudewo ini kasusnya .omongan nya,bus kaya sudewo kasus omong,2026-06-02 16:43:48,0,0,Negatif,99.67
Acanudin Ode,Malas liat wajamu,malas liat wajamu,2026-06-02 15:00:37,0,0,Negatif,99.62
Mamat Rendy Dompu,Ng usah jdi gubernur koe nek bodoh,ng gubernur koe nek bodoh,2026-06-02 14:45:23,0,0,Negatif,99.37
Nurcholis Sackhmy,Gubernur ko gitu ngomongnya,gubernur gitu ngomongnya,2026-06-02 13:40:15,0,0,Negatif,94.4
Iyef Thohendhi,baru x ini ada gub SE tolol gub jateng,ada gub se bodoh gub jateng,2026-06-02 13:05:12,0,0,Negatif,97.51
Pasukin Bonceng Angin,"Kan ente pemimpinnya bahlul, aneh wkwkwk",kan ente pemimpinnya bahlul aneh,2026-06-02 13:00:38,0,0,Negatif,99.66
Gil Ang,Kasian c ibunya😭,kasian ibunya sedih,2026-06-02 11:48:08,0,0,Negatif,99.86
Rahmat Ramadhan,Kolo ada ksulitn Berguru sm kdm pak ...gk usa malu...,kolo ada ksulitn berguru sm kdm pak gk usa malu,2026-06-02 11:36:55,0,0,Negatif,99.31
Arifin Ari,Ke banyakan mikir bapa,banyakan pikir bapa,2026-06-02 11:30:47,0,0,Negatif,97.52
Muhammad Risman,Ciri pejabat mikirin diri sendiri dan keluarganya tidak pantas jadi pejabat,ciri pejabat memikirkan keluarganya tidak pantas pejabat,2026-06-02 10:46:39,0,0,Negatif,99.77
Ezza,Hahahhaa entar jugaa meleduk prutnya kebanyakan nyerut,hahahhaa entar jugaa meleduk prutnya banyak nyerut,2026-06-02 10:30:18,0,0,Negatif,99.58
Yani Bule,Pemimpin yg aneh,pemimpin aneh,2026-06-02 08:58:06,0,0,Negatif,99.11
Suhendar Suhendar,Kalo jalan gak ada manfaatnya la gubernur ada manfaatnya gak utk rakyat kali gak ada mundur aja,kalo jalan tidak ada manfaat la gubernur ada manfaat tidak utk rakyat kali tidak ada mundur,2026-06-02 08:32:43,0,0,Negatif,99.37
Tajudin Ajun,"Ko omongan gubernur gitu yah, harusnya berpikir pak luhfi.",omong gubernur gitu yah harus pikir pak luhfi,2026-06-02 07:07:48,0,0,Negatif,86.09
Apa Ai Apa Ai,Adduh aku jadi merasa kasian ma warga Jateng ya Allah ya Rahman ya rahim ampuun deeeeh ?,adduh rasa kasian ma warga jateng allah rahman rahim ampuun deeh,2026-06-02 06:32:55,0,0,Negatif,92.5
Achmad Muharam,Yg jawa tengah itu woalah...kasihan rakyat pedesaan nya..,jawa tengah woalah kasih rakyat desa,2026-06-02 06:27:54,0,0,Negatif,99.2
Ningsih,Massukna ?,massukna,2026-06-02 06:17:51,0,0,Netral,45.29
Wasito Ali,"Moso jalan gak ada manfaatnya, piye to ki, kok blas gak bermutu solusinya, mesakne rakyat karo pejabat sing neng ngisor",moso jalan tidak ada manfaat piye to ki blas tidak bermutu solusinya mesakne rakyat karo pejabat sing neng ngisor,2026-06-02 06:11:13,0,0,Negatif,99.65
Bokapalif Bokapalif,"Wong otak nya kaya gitu ko, dulu d pilih jd gubenur, kapan mau maju Jawa Tengah, le pemikirane picis kaya gitu,",orang otak kaya gitu ko pilih jd gubenur kapan maju jawa tengah le pemikirane picis kaya gitu,2026-06-02 05:37:18,0,0,Negatif,99.73
Suparno Riyanto,"Salah  milh biyen ,, dadine  menyesal,,",salah milh dadine menyesal,2026-06-02 05:25:13,0,0,Negatif,99.63
Hana Alhadidi,Angel.    Jlnn. Kooo.  GA Ada mangng.   Paatnyah😁😁😁😁😁😁😁😁😁,angel jlnn koo tidak ada mangng paatnyah senang kali senang kali senang kali senang kali senang kali senang kali senang kali senang kali senang kali,2026-06-02 05:01:56,0,0,Positif,99.65
Wahyu Teknik,Pecat waeee,pecat waee,2026-06-03 13:06:04,0,0,Negatif,96.63
Bang Lay,"Buat aja jalan kaya Malaysia ga pilih pilih 
Mada bikin jalan hitug hitungan bodohhh",jalan kaya malaysia tidak pilih pilih mada buat jalan hitug hitung bodohh,2026-06-03 12:59:57,0,0,Negatif,99.6
Noey Incu Zeus,"Kl saya sih JD warga yg jalan nya gak bermanfaat,, mendingan stop aja pajak nya ,,gak usah d bayar...gitu aja ko repot...🤣🤣🤣",jd warga jalan tidak manfaat mending stop pajak gak bayar gitu repot tertawa terbahak tertawa terbahak tertawa terbahak,2026-06-03 01:46:59,0,0,Negatif,99.73
Ashar Decil,Gubernur tai laso,gubernur tai laso,2026-06-03 00:24:34,0,0,Negatif,96.13
Angkara Murka,Orang ga waras jadi gubernur ya begini,orang tidak waras gubernur,2026-06-02 22:15:47,0,0,Negatif,99.58
Ndoro Kakung Goen,Kalau begitu cerita nya yg salah siapa yang milih.,cerita salah milih,2026-06-02 22:11:22,0,0,Negatif,99.5
Masmu Rianto,"Bpk aing hebat
Sehat sll KDM. Gubernur hebat jabar. Istri adek saya orang jabar. Isrtri ponakan saya orang jawa tengah.bpk KDM hebat. Gubernur jabar hebat. Semangat kita semua",bpk hebat sehat sll kdm gubernur hebat jabar istri adek orang jabar isrtri ponakan orang jawa tengah bpk kdm hebat gubernur jabar hebat semangat,2026-06-02 22:02:00,0,0,Positif,98.16
Meiymeiy Meilia,"Y jelas beda kelas
Gak sebanding gubernur jaten sama Jabar disamakan
Klu memang mau disamakan Jateng hampir mirip lah sama gubernur Kaltim.",jelas beda kelas tidak sebanding gubernur jaten jabar sama klu sama jateng mirip gubernur kaltim,2026-06-02 21:47:08,0,0,Negatif,98.73
Sutrisno Sutris,"Pak GUBERNUR ...... , TINGGAL NGASIH PERINTAH KOK REPOT .......OJO MANE METU DUIET , LA GUNA NE DUIT PAJAK RAKYAT KANGGO ......OPO ....., OPO AREP DI BADOK DEWE .....😁😁😁🤣🤣🤣🤣🤣",pak gubernur tinggal memberi perintah repot ojo mane metu duiet la ne uang pajak rakyat kanggo opo opo arep badok dewe senang kali senang kali senang kali tertawa terbahak tertawa terbahak tertawa terbahak tertawa terbahak tertawa terbahak,2026-06-02 21:19:59,0,0,Positif,87.32
Iwan Tea Wantea,Knp PD salah pilih pemimpin .,knp percaya salah pilih pemimpin,2026-06-02 21:03:43,0,0,Negatif,99.41
Monzza AK,Pake naon atuh maneh ngajabat kehed.... Maneh ngajabat teh pake gawe mensejahterakan rakyat Jateng.... Buat apa ada pajak .... Dan lari kemana pajak itu....... Geus lmn sekira na maneh teu sanggup mending resign weh........ Percuma Aya gubernur oge.... Jalan itu infrastruktur no 1.....berarti omongan si ibu ora mudeng....,pake naon atuh maneh ngajabat kehed maneh ngajabat teh pake mensejahterakan rakyat jateng ada pajak lari mana pajak geus lmn na maneh teu sanggup resign weh percuma aya gubernur oge jalan infrastruktur no i omong si ibu ora mudeng,2026-06-02 20:59:10,0,0,Negatif,99.66
Jhony Ac,Orang kaya gini ko bisa jadi gebenur nongong ga ada kemajuan,orang kaya gini bisa gebenur nongong tidak ada maju,2026-06-02 20:58:00,0,0,Negatif,99.85
Blackpearl Prawira Alkazus,Ngeyel nih pemimpin,ngeyel pemimpin,2026-06-02 20:50:38,0,0,Negatif,99.64
Nofal Aljabar,Mantan coklat dipilih ya gini gendeng pikiran nya,mantan coklat pilih gini gendeng pikir,2026-06-02 20:43:18,0,0,Negatif,99.83
Imunk Anto,Wes d usulke gari d cek jln mana asu tenan kok gubernure,wes usulke gari cek jln mana asu tenan gubernure,2026-06-02 20:32:43,0,0,Negatif,98.74
Putu Suwin Bali,Muter2 sampai pusing...pura2 gak tau aja,muter muter pusing pura pura tidak tau,2026-06-02 20:27:09,0,0,Negatif,98.39
Eri Nafitriyani,Jln bagus kok GK DA manfaatnya eror,jln bagus tidak da manfaat eror,2026-06-02 20:03:20,0,0,Negatif,99.1
Tri Atmojo,cangkem asu,cangkem asu,2026-06-02 20:03:13,0,0,Negatif,99.73
Purwantoadv,Jan Ra nyambong blas ..,jan ra nyambong blas,2026-06-02 19:46:09,0,0,Negatif,97.11
Bungsu Sema II,Telekee jawabane lahh muakk sayaa,telekee jawabane lahh muakk sayaa,2026-06-02 19:45:55,0,0,Negatif,99.32
Sungkono,Kok beda ya min pemikiran gubernur ini dg KDM  klo beda dikit dikit ndak papa tapi ini jauh padahal deketan lho apa salahnya tanyak ee malah mencemooh,beda admin mikir gubernur dg kdm beda dikit dikit tidak papa deketan lho salah tanyak ee mencemooh,2026-06-02 19:31:30,0,0,Negatif,98.69
Sahrul Sahrul,Saya dari jabar dukung kuwu hoho jdi gub jateng,jabar dukung kuwu hoho gub jateng,2026-06-02 19:22:10,0,0,Positif,54.19
Novi Betersyah,Yg kayak gini di pilih lolo,kayak gini pilih lolo,2026-06-02 19:21:10,0,0,Netral,87.08
Wisnu Bawa,Ini gubernur ngak cinta rakyat... 😭😭😭😭,gubernur tidak cinta rakyat sedih sedih sedih sedih,2026-06-02 19:13:05,0,0,Negatif,99.83
Hany Nanusella,Beda klas sama KDM,beda klas kdm,2026-06-02 19:09:06,0,0,Netral,97.26
Aldi Adi,Jadi gubernur ko goblok kali ya jalan GK ada manpaat nya otak e nande,gubernur bodoh kali jalan tidak ada manpaat otak nande,2026-06-02 18:59:19,0,0,Negatif,99.83
Mawan,Gubenur katrok...🤣,gubenur katrok tertawa terbahak,2026-06-02 18:53:06,0,0,Negatif,96.7
Frds Tilubelas Genepopat,Seumur hidup aja,seumur hidup,2026-06-02 18:51:58,0,0,Negatif,98.56
Fredi,Wong goblok ko jadi gubernur,orang bodoh gubernur,2026-06-02 18:39:17,0,0,Negatif,99.6
Mario Ferdinandus,Bljar bnya dr KDM,bljar bnya kdm,2026-06-02 18:18:38,0,0,Netral,99.72
Deddy Blackorwhite,Masyarakat jabar cuma bisa ketawa...hahahaaa,masyarakat jabar bisa ketawa hahahaa,2026-06-02 18:05:23,0,0,Positif,90.61
Oskar Setiawan,Tong kosong nyaring bunyinya,tong kosong nyaring bunyinya,2026-06-02 16:40:27,0,0,Negatif,99.25
Wawaw Maulana,Gubernur Jateng gemees beut dah liatnyaa😁👏,gubernur jateng gemees kali liatnyaa senang kali tepuk tangan,2026-06-02 16:31:03,0,0,Positif,99.8
Dadiansah Saputra,"Kl jalan desa rusak otomatis logistik harganya juga naik karena jalannya susah , harga dari petani murah sampai konsumen mahal , berarti kesalah satu  pihak tapi merugikan ke dua pihak ,",jalan rusak otomatis logistik harga naik jalan susah harga petani murah konsumen mahal salah pihak merugikan dua pihak,2026-06-02 16:17:09,0,0,Negatif,99.8
Nanan Nurjaman,"Gubernur Jateng sangat pintar memilah dan mimilihnya untuk kantong masing"" posnya",gubernur jateng pintar memilah mimilihnya kantong posnya,2026-06-02 15:59:07,0,0,Positif,99.49
Haji Acep Saepudin,"Buat bapa mah yg bermangpatn jajan,, keluarnegri begitu kan",bapa mah bermangpatn jajan keluarnegri kan,2026-06-02 15:55:49,0,0,Netral,50.15
Tirta Agung,Lutfii gendeng jabatane tok ora mikir ndandani infakturure dalan duwite di korupsi memperkaya diri sendiri,lutfii gendeng jabatane tok ora pikir ndandani infakturure dalan duwite korupsi kaya,2026-06-02 15:51:38,0,0,Negatif,99.76
Juan Leo Tarigan,"Mana rakyat Jawa Tengah 
Ini kebanggaan kalian 🤣🤣🤣🤣🤣☝️",mana rakyat jawa tengah bangga kali tertawa terbahak tertawa terbahak tertawa terbahak tertawa terbahak tertawa terbahak,2026-06-02 15:48:21,0,0,Negatif,83.16
Raja R Almasyifa,"Masak jalan tdk ada manfaat nya,wahai rakyat RAKYAT JATENG gubernur nya kok githu,",masak jalan tidak ada manfaat wahai rakyat rakyat jateng gubernur githu,2026-06-02 15:41:30,0,0,Negatif,99.6
Risky Samaranthu,Yang memilih harus bangga dengan kinerjanya,memilih bangga kinerjanya,2026-06-02 15:33:11,0,0,Positif,99.65
HermanNz,"Iya,, itu benar pak gubernur, kalau jalan² itu dibangun jadi uangnya tidak bisa masuk kantong lagi?? jadi bagaimana bapak gubernur untuk menafkahi keluarganya dengan uang haram tsb🤣🤣🤣",iya pak gubernur jalan bangun uangnya tidak bisa masuk kantong bapak gubernur menafkahi keluarganya uang haram tsb tertawa terbahak tertawa terbahak tertawa terbahak,2026-06-02 15:06:48,0,0,Negatif,99.53
Anton Wong New,Seng milih yo pekok,seng milih pekok,2026-06-02 14:59:30,0,0,Negatif,93.52
Kang Ayi,Mulutna dah penuh uang korup jadi ngomong nya ngawur...,mulutna penuh uang korup ngomong ngawur,2026-06-02 14:20:19,0,0,Negatif,99.85
Yahya Jainuddin Yahya,Beginilah gubenur tau makan duit rakyat kalau tiada jalan bagai manah ekonomi mau maju,beginilah gubenur tau makan uang rakyat tiada jalan manah ekonomi maju,2026-06-02 14:07:09,0,0,Negatif,99.72
Amin Sanjay Dut,Lebih pintar dan peduli kades ohho,pintar peduli kades ohho,2026-06-02 14:06:20,0,0,Negatif,91.1
Gerhana Matahari,Giginya coplok lagi awas..,giginya coplok awas,2026-06-02 13:59:43,0,0,Negatif,99.71
Riez Internisti,"Mungkin yg dimaksud gubernur  jalan ke neraka yg gak ada manfaatnya...
Anak kecil juga tau semua jalan pasti ada manfaatnya",dimaksud gubernur jalan neraka tidak ada manfaat anak tau jalan ada manfaat,2026-06-02 13:42:46,0,0,Negatif,99.7
Putra Kidul,Sayang duit nya di pake jalan mending korupsi aja pak 🤣🤣,sayang uang pake jalan korupsi pak tertawa terbahak tertawa terbahak,2026-06-02 13:32:46,0,0,Negatif,99.79
Suwarto,Gk Ono gunne pakkkk,tidak ono gunne pakk,2026-06-02 12:47:19,0,0,Negatif,97.76
Pupung Supriyatno,Pak KDM calon presiden RI ke 9 aamiin...,pak kdm calon presiden ri aamiin,2026-06-02 12:33:01,0,0,Positif,81.11
Syahdan Ali Mukti,pasti bangga banget warga jateng punya gub yg sangat sayng ke rakyat nya.. 😁,bangga banget warga jateng punya gub sayng rakyat senang kali,2026-06-02 12:17:32,0,0,Positif,99.79
Ghepeng Tea,Ah eweh ka becus etamah gubernur na. Jawa Barat atuh turutan..duit pribadi GE eweuh ka nyaah. Bapa aing d lawan🤣🤣🤣,eweh kakak becus etamah gubernur na jawa barat atuh turutan duit pribadi ge eweuh kakak nyaah bapa lawan tertawa terbahak tertawa terbahak tertawa terbahak,2026-06-02 11:53:28,0,0,Negatif,98.6
Dio,Yang begini kenapa dipilih bolo....,kenapa pilih bolo,2026-06-02 11:48:29,0,0,Netral,58.33
Hudori,Tu dengar tu gubernur nya ngomong klu ngebangun jalan ngk menghasil kan ekonomi atau tidak menghasil kan ngk usah di bangun udah jelas kan sehat selalu bapak gubernur  mudah mudahan selalu sehat waras,tu dengar tu gubernur ngomong klu ngebangun jalan tidak menghasil kan ekonomi tidak menghasil kan tidak bangun jelas kan sehat bapak gubernur mudah mudah sehat waras,2026-06-02 11:42:22,0,0,Negatif,99.59
Anne Maria Ryansyah,Angaell angellll,angaell angell,2026-06-02 11:29:41,0,0,Negatif,98.17
Nemin Z,"Ah NU kos kie d pilih...   

Dari nada bicara.y pengen menang sendiri",nu kos kie pilih nada bicara pengen menang,2026-06-02 11:27:57,0,0,Negatif,56.84
Mimi Nopi,Bapak KDM sehat selalu 🥰🥰🥰,bapak kdm sehat sayang sayang sayang,2026-06-02 09:50:29,0,0,Positif,87.24
Enjang Suherman,Ya allah ko bisa yh orang jateng milih gubernur kaya ginih yg sabar yh warga jateng yg ga pilih lutpi jadi kebawa imbasnya,allah bisa yh orang jateng milih gubernur kaya ginih sabar yh warga jateng tidak pilih lutpi bawa imbasnya,2026-06-02 09:49:14,0,0,Negatif,49.92
Zahwan Alim,Memang bener jalan tidak ada manfaat nya bagi mahluk halus .,bener jalan tidak ada manfaat mahluk halus,2026-06-02 09:41:06,0,0,Negatif,99.77
Yudi Ach,"Ya namanya modal jabatan, mantal jendral jadinya",nama modal jabat mantal jendral jadi,2026-06-02 07:46:44,0,0,Negatif,95.01
Om Bens Pratama,"hebat iye pamingpin  aset itu penting rakyat kecil banting tulang tidak mengenal lelah yang dia dapat haya nominal kecil sehari,, blom dibagi dengan kebutuhan pemerintah tiap taunya tapi di mematuhinya karna yang orang kecil harapkan hanya kedepannya pemerintah bisa memberikan yang terbaik tapi klw jawaban pejabat gubelnur seperti ituh dia otak nya mati yang ada diotak nya hanya makan enak hidup mewah mungkin di dulunya waktu sekolah ngambil jurusan rakus makan",hebat iye pamingpin aset rakyat banting tulang tidak mengenal lelah haya nominal sehari blom bagi butuh pemerintah taunya mematuhinya orang harap depan pemerintah bisa memberikan baik klw jawab pejabat gubelnur ituh otak mati ada diotak makan enak hidup mewah dulunya sekolah ngambil jurusan rakus makan,2026-06-02 07:33:46,0,0,Negatif,99.5
Lara Santang,Gubernur molor,gubernur molor,2026-06-02 06:18:31,0,0,Netral,99.65
Rudi Kren,Otak kewan,otak kewan,2026-06-02 06:12:28,0,0,Negatif,99.15
Gatot R Widodo,Gubernur koplak,gubernur lucu,2026-06-02 17:33:32,0,0,Positif,68.49
Morries Mechanical,"Ini klo merek hp nmanya hp mito suaranya keras sekali, Wajib di pertahankan jarang ad gubernur kya gini....!!!🤣🤣🤣",merek hp nmanya hp mito suara keras kali wajib tahan ad gubernur kya gini ii tertawa terbahak tertawa terbahak tertawa terbahak,2026-06-02 20:40:53,0,0,Negatif,98.52
Um Haydar Alhaetami,Nyebeliiiiin sumpah 😂,nyebeliin sumpah tertawa,2026-06-03 04:31:57,0,0,Positif,98.64
Adi Cemani,"Kok iso wong sek di dadekke pemimpin ko pikirane ngono, tobat",iso orang sek dadekke pemimpin pikirane ngono tobat,2026-06-03 07:00:00,0,0,Negatif,99.19
Tajip Tajip,Asu tenan,asu tenan,2026-06-03 03:47:44,0,0,Negatif,99.74
Aji S,Gabernur kebanggaan Jawa tengah.👍🤭,gabernur bangga jawa tengah bagus tertawa,2026-06-03 03:34:21,0,0,Positif,99.71
Nandar Ric,Ayo rame rame gak usah bayar pajak,ayo rame rame tidak bayar pajak,2026-06-03 02:51:47,0,0,Positif,42.86
Rhido Rhido,KDM yg paling mantap,kdm mantap,2026-06-02 22:37:18,0,0,Netral,42.52
Tak Eberik Nyamah,D era prabowo banyak korupsi terang terangan😭😭😭,era prabowo banyak korupsi terang terang sedih sedih sedih,2026-06-02 22:21:04,0,0,Negatif,99.82
Dhonie Pamungkas,ni pejabat yg tolol apa masarakat yg bego ko pnya pemimpin model begini masarakat diem bae turunin dong msa ia klah ama orang satu katanya 30 jt warganya ah payah,pejabat bodoh masarakat bego pnya pemimpin model masarakat diem turunin dong msa klah ama orang kata eo jt warga payah,2026-06-02 22:18:07,0,0,Negatif,99.82
IGede Putra Semadi,Beda kelas broo,beda kelas broo,2026-06-02 21:54:29,0,0,Netral,53.22
Ferryansyah Ferry,"Jalan kok ,tidak ada gunanya ,pemikiran Aneh .broooo",jalan tidak ada guna mikir aneh broo,2026-06-02 21:46:33,0,0,Negatif,99.82
Kaharatila,Pemimpin yg tdk tau ya bgni byk nyongor sj namax membangun pak psti masyarakat senang,pemimpin tidak tau bgni banyak nyongor namax bangun pak psti masyarakat senang,2026-06-02 21:22:05,0,0,Positif,84.54
Aditya Fahmi Cahyat,"Beda level euy, hampura nya gaes.. 🙏🏻",beda level euy hampura gaes mohon,2026-06-02 21:21:29,0,0,Negatif,78.52
Waslim Lim,🤣🤣🤣 jln bagus ga ada efek untuk masyarakat piye ikih gubernur ora jelas  lamon jln jelek y ada efeknya lah  . Akan membutuhkan lama dan menghabiskan  solar atau bensin lh gubernur kaya kue di pilih,tertawa terbahak tertawa terbahak tertawa terbahak jln bagus tidak ada efek masyarakat piye ikih gubernur ora jelas lamon jln jelek ada efek butuh menghabiskan solar bensin lh gubernur kaya kue pilih,2026-06-02 21:16:30,0,0,Negatif,99.8
DoSa,"Mudah ya JD pejabat di Konoha 
Yg penting bisa ngeles 😂",mudah jd pejabat konoha bisa ngeles tertawa,2026-06-02 21:11:33,0,0,Netral,56.96
Arif Nurdin,Kelihatan sekali kebodohan nya...,lihat kali kebodohan,2026-06-02 21:06:21,0,0,Negatif,99.87
Muhamad Hasim Asari,Angel ws ora masuk akal kudu di lengser,angel ws ora masuk akal kudu lengser,2026-06-02 21:04:00,0,0,Negatif,99.13
Ajo Ajo,"Oon ,siapa yg milih ni y wkwkwk",oon milih,2026-06-02 20:56:05,0,0,Negatif,99.12
Aapdanu,Gubernur nonok,gubernur nonok,2026-06-02 20:45:45,0,0,Negatif,95.79
Adon Sadewo,Wie,wie,2026-06-02 20:03:17,0,0,Negatif,91.08
Ugik Terra,Koyok nGunu kok di pilih.jenenge dalan pasti ada manfaatnya.gubenur goblok kuwi,koyok ngunu pilih jenenge dalan ada manfaat gubenur bodoh kuwi,2026-06-02 19:57:45,0,0,Negatif,98.66
Wawan Gunawan,Teu ngartiii,teu ngartii,2026-06-02 19:57:07,0,0,Netral,51.69
Alipuad,Ijazahnya pasti sekolah Paket.,ijazahnya sekolah paket,2026-06-02 19:54:10,0,0,Negatif,98.71
Heru Raditya,bpak aing mh moal ngejat,bpak mh moal ngejat,2026-06-02 19:53:47,0,0,Negatif,80.27
Edi Afandi,Pilih pilih jalan mana yg mau di bangun yg akhir nya meeting meeting berkali kali sampe abis anggaran nya pada akhir nya GK satu pun jalan yg terbangun,pilih pilih jalan mana bangun akhir meeting meeting kali kali sampe abis anggaran akhir tidak jalan bangun,2026-06-02 19:36:05,0,0,Negatif,98.35
Mayur Jagung,"ngk biisa seperti KDM,, KDM emang debesss",tidak biisa kdm kdm emang debess,2026-06-02 19:34:55,0,0,Negatif,56.39
Dedi,"Gubernur OPO ko jln g ada manfaat nya
Seee riren dadi gubernure",gubernur opo jln ada manfaat see riren dadi gubernure,2026-06-02 19:27:36,0,0,Negatif,96.31
Bang Sule Sule,Mata mu Kuwi gak tau jok,mata mu kuwi tidak tau jok,2026-06-02 19:22:00,0,0,Negatif,99.29
Khubil Tea,Ko bisa ya orang seperti ini jadi gubernur 😂😂😂😂,bisa orang gubernur tertawa tertawa tertawa tertawa,2026-06-02 19:20:45,0,0,Netral,98.66
Nu Abi,😂 gubernur sengklek,tertawa gubernur sengklek,2026-06-02 19:13:06,0,0,Negatif,99.69
Bagus Pribadi Bagus,Ws2 nk pemikirane kok koyo ngono pemimpin wes2 orak iso mju negorone to ngono y d pilih.,ws ws nk pemikirane koyo ngono pemimpin wes wes orak iso mju negorone to ngono pilih,2026-06-02 18:28:12,0,0,Negatif,98.67
Ismail,Gubernur koplak,gubernur lucu,2026-06-02 18:05:23,0,0,Positif,68.49
Gon Struggle,"Itu org dulu TK sama SD nya tamat ga sih
Ko kosong banget otak nya dan bisa2 nya lg org yg punya pemikiran kaya gitu di pilih jd gubernur
Mana bisa masyarakat nya seneng klo pemikiran gubernurnya kaya gitu",orang tk sd tamat tidak kosong banget otak bisa bisa lg orang punya mikir kaya gitu pilih jd gubernur mana bisa masyarakat seneng mikir gubernurnya kaya gitu,2026-06-02 17:44:01,0,0,Negatif,99.45
Tuti Sri Rahayu,"Ini gubernur Jateng .setingkat RT ya ngomong masalah jalan ko gitu 
Kalo gubernur semua pemikiranya kaya gitu .ya udah jalan yg ga dibangun ga usah bayar pajak .",gubernur jateng setingkat rt ngomong masalah jalan gitu kalo gubernur pemikiranya kaya gitu jalan tidak bangun tidak bayar pajak,2026-06-02 17:42:01,0,0,Negatif,99.46
Mulyadi,Jangan milih2 dong Saiki dalan WIS rusak Ono penghunie ora mikiiiir,jangan milih milih dong saiki dalan wis rusak ono penghunie ora mikiir,2026-06-02 17:35:02,0,0,Negatif,98.88
R-threebike,Teori nya melambung..seng arane jalan yo pasti bermanfaat..kui..gon masyarakat..,teori melambung seng arane jalan manfaat kui gon masyarakat,2026-06-02 16:59:42,0,0,Negatif,68.9
Anto Ahmad,"Ini kachoooo amiiit "" .",kachoo amiit,2026-06-02 16:31:30,0,0,Negatif,99.69
Omen Tarik Jabrig,"Dh tau kan,kita harus gmn",dh tau kan,2026-06-02 16:02:23,0,0,Netral,92.6
Pal Pel Pol,Semua Titipan molyono iya begini modelnya,titipan molyono iya modelnya,2026-06-02 15:45:02,0,0,Negatif,99.7
Sangkuriang,Masyaallah. Gubernur ko otaknya dangkal bngt yaa,masyaallah gubernur otaknya dangkal bngt yaa,2026-06-02 15:41:57,0,0,Negatif,99.75
Dedi Somantri Ucok,Anu puguh mah eweh kabegug g kaya KDM mantaf Jawa Barat udah pada mantaf,anu puguh mah eweh kabegug kaya kdm mantaf jawa barat mantaf,2026-06-02 15:27:49,0,0,Positif,52.53
Ajay Ajh,Pajabat otak tai ya begini jawaban ny,pajabat otak tai jawab ny,2026-06-02 14:46:17,0,0,Negatif,99.83
Sa'yu ZAman,Gubernur jos tenan🐵🐵🐵,gubernur jos tenan monyet monyet monyet,2026-06-02 14:28:18,0,0,Negatif,91.02
Agus Supratman,Piye piye orang model begini yang penting bisa beragumen faktanya bermanfaat BODO NANAN,piye piye orang model bisa beragumen fakta manfaat bodo nanan,2026-06-02 14:21:30,0,0,Negatif,99.55
Odah,"Dia kan terbang ,gak pernah nginjak jalanan, makanya ngomong begitu 🤣🤣🤣 rakyat nya gak di anggep",kan terbang gak nginjak jalan makanya ngomong tertawa terbahak tertawa terbahak tertawa terbahak rakyat tidak anggep,2026-06-02 14:15:38,0,0,Negatif,97.83
Topik Hidayat,"Banyak omong ini itu. So soan ajj.
Somplakkk",banyak omong so soan ajj somplakk,2026-06-02 14:12:57,0,0,Negatif,99.71
Deni Sukmana,"Sok pintar, jawabane muter muter.. Jawa barat pembanguan jalan desa di ambil alih oleh pemprof pak...",sok pintar jawabane muter muter jawa barat pembanguan jalan ambil alih pemprof pak,2026-06-02 14:11:56,0,0,Negatif,98.9
Wawan Dermawan,Gustiiiii ieu pamingpiiin sampai boga pikiran kituuu beuuuhhh.... jauh pisan jeung bapak aing Kang Dedi Mulyadi dasar pamingpin nu teu boga pemikiran intelektual !!!! Bisana nyinyir hungkul ka batur .... 😂🤣😂🤣,gustii ieu pamingpiin boga pikir kituu beuuhh pisan jeung bapak kang dedi mulyadi dasar pamingpin nu teu boga mikir intelektual ii bisana nyinyir hungkul kakak batur tertawa tertawa terbahak tertawa tertawa terbahak,2026-06-02 14:08:45,0,0,Negatif,99.44
Haidar Ammar,Gubernur kurang mnsuport....,gubernur mnsuport,2026-06-02 14:01:56,0,0,Netral,99.41
Gunawan,Otak Lutfi dobol,otak lutfi dobol,2026-06-02 13:03:08,0,0,Negatif,99.82
Dedy Muldiana,Koplakkkkkk,koplakk,2026-06-02 12:42:06,0,0,Negatif,99.65
Wellgimin Well,Preeeeeeey ah ararateul,preey ararateul,2026-06-02 12:16:31,0,0,Negatif,52.36
Agung X Silalahi,"Kalau ingin hidup bahagia dunia akhirat, dukunglah pak dedi mulyadi..
Kalau ingin hidupnya sengsara dan penuh dengan dosa , dukunglah orang lain",hidup bahagia dunia akhirat dukung pak dedi mulyadi hidup sengsara penuh dosa dukung orang,2026-06-02 12:05:43,0,0,Negatif,64.14
Agus Pohank Karisma,Ko ada yg pilih ni org,ada pilih orang,2026-06-02 12:02:08,0,0,Netral,99.61
Riffan Iron,Kukut,kukut,2026-06-02 11:47:34,0,0,Negatif,99.29
Hasan Sawwir,2 Perpaduan Antara Tolol Dan Serakah,perpaduan bodoh serakah,2026-06-02 11:47:27,0,0,Negatif,99.84
Gogon Ijal,Jawaban nya gak kelas👎,jawab tidak kelas jelek,2026-06-02 10:24:04,0,0,Negatif,99.34
Agus Zamhuri,"kalo ga salah saat pemilihan saingannya sama pa andika yah...
coba kalo misalkan pa andika...
mungkin beda cerita ,,, 🤣🤣🤣
lah kalo udh gini yo sing sabar wae,,, 
dukung sampe anumerta🤣🤣🤣",kalo tidak salah pemilihan saingannya pa andika yah coba kalo misalkan pa andika beda cerita tertawa terbahak tertawa terbahak tertawa terbahak kalo udh gini sing sabar wae dukung sampe anumerta tertawa terbahak tertawa terbahak tertawa terbahak,2026-06-02 10:22:21,0,0,Negatif,87.23
Nanang Ridwan,"Tidak ada yg tidak mungkin kalo kita punya keyakinan,itu KDM.
Laen dengan yg suka pakai baju dinas jawabannya masarakat kasi alasan aja 😀",tidak ada tidak kalo punya yakin kdm laen suka pakai baju dinas jawabannya masarakat kasi alasan senang,2026-06-02 09:30:33,0,0,Negatif,53.38
Kosim Langlang Buana,Inimah bukan aparat tapi keparat masa ngomong kaya gituh,inimah bukan aparat keparat ngomong kaya gituh,2026-06-02 09:26:14,0,0,Negatif,99.29
Ccoplok Hulu,🔥ini gubernur ngocehnya ngawur bikin,keren gubernur ngocehnya ngawur buat,2026-06-02 09:16:51,0,0,Negatif,99.18
Apang Rosana,"Maindset sekelas gubernur, 😁miris juga ironis.",maindset sekelas gubernur senang kali miris ironis,2026-06-02 08:42:18,0,0,Negatif,99.82
Falisha Umaiza Shahia,Ngawur blas,ngawur blas,2026-06-02 07:16:35,0,0,Negatif,99.5
Nusantara Pertiwi,Nih gurbernur mata duitan,gurbernur mata duitan,2026-06-02 07:12:37,0,0,Negatif,98.96
Indong Lopulalan,Dh cocok jadi pemimpin atau gubernur.mending masyarakat minta diganti saja .masa jalan dh ada manfaat justru dri jalan yg bagus menumbukn ekonomi yg sangat bagus begitu bapak.gimana kalau di tolak terus permintaan masyarakat.sementara ygmilih masayarakat,dh cocok pemimpin gubernur mending masyarakat minta ganti jalan dh ada manfaat dri jalan bagus menumbukn ekonomi bagus bapak gimana tolak terus permintaan masyarakat ygmilih masayarakat,2026-06-02 06:39:02,0,0,Negatif,99.44
Zunaidi Adi,Gubernur goblok+dancok,gubernur gobloktdancok,2026-06-02 18:57:22,0,0,Negatif,99.55
Tubagusake Anom,"Ngomongin gubernur Jabar konten... 
Lah sampean boro boro bangunin rumah rakyat , jalan saja susah nya minta ampun... Gubernur ngeyel,🤣",ngomongin gubernur jabar konten sampean boro boro bangunin rumah rakyat jalan susah minta ampun gubernur ngeyel tertawa terbahak,2026-06-03 11:35:09,0,0,Negatif,99.81
Jurig Sawah,"Bisa aza jawaban pa gub ini, ngeles mulu",bisa aza jawab pa gub ngeles terus,2026-06-03 06:00:44,0,0,Negatif,86.43
Hamzah,KDM 👍👍👍👍👍👍👍👍👍👍👍👍👍,kdm bagus bagus bagus bagus bagus bagus bagus bagus bagus bagus bagus bagus bagus,2026-06-02 19:48:52,0,0,Positif,69.16
Asep Cucu,DABLUN ....,dablun,2026-06-03 05:25:45,0,0,Negatif,99.68
Mimih Ila,gubernur ngomong gitumah turunkan... gak becus  kerja...,gubernur ngomong gitumah turun tidak becus kerja,2026-06-02 19:24:47,0,0,Negatif,99.58
Irfan Zaenal,"Asa rada lieur,masa jln teu mangfaat,hhaa",asa rada lieur jln teu mangfaat,2026-06-02 11:15:29,0,0,Negatif,89.81
Kang Zawi,Masarakat Saiki ranok seng bodo pak,masarakat saiki ranok seng bodo pak,2026-06-02 06:05:24,0,0,Netral,64.77
Agus Cikal,"Yang penting jalan menjuu rumah dia,bagus,mulus..buat waarga jateng mah gpp jelk jgaa...
Untung urang orang sunda",jalan menjuu rumah bagus mulus waarga jateng mah tidak jelk jgaa untung urang orang sunda,2026-06-03 00:22:20,0,0,Positif,91.2
Iip Cungkring,Huuuuhhh Ari duit pajak darimana kk,huuhh ari uang pajak darimana kk,2026-06-02 23:53:09,0,0,Negatif,92.84
Wantoaja,"Gub.ga niat bangun,sayang duitnya kl buat bangun jln..mending buat uang saku..",gub ga niat bangun sayang duitnya bangun jln mending uang saku,2026-06-02 22:08:57,0,0,Negatif,99.44
Sarju Cah Bodok,Gubenur NK untune pasangan iy ngunuku GK jlas,gubenur nk untune pasang iy ngunuku tidak jlas,2026-06-02 22:03:30,0,0,Negatif,99.13
Redo Afrizal,Gota ajo bapak ini.,gota ajo bapak,2026-06-02 21:16:42,0,0,Negatif,80.97
Kangendthethea,Pak gub sangat bertele tele ...🤣🤣🤣 Bukanya lsng d iyakan malah bahas teori dan dana ....gak belajar dari Jabar tuh bisa dan gercep klau masyarakatnya memvirakkan jalan yg rusak,pak gub bertele telepon tertawa terbahak tertawa terbahak tertawa terbahak buka lsng iyakan bahas teori dana gak belajar jabar bisa gerak cepat klau masyarakatnya memvirakkan jalan rusak,2026-06-02 20:48:18,0,0,Negatif,99.61
Hendra Herlambang,"Siapa yg pilih sih, ini Gubernur tolol banget, ya dr polisi biasa korupsi",pilih gubernur bodoh banget polisi korupsi,2026-06-02 20:39:17,0,0,Negatif,99.79
Saleh Adung,Gubernur dungu,gubernur dungu,2026-06-02 20:14:37,0,0,Negatif,99.11
Ayu Sherman,Aduh pak terlalu pd dengan omongannya pak jgn terlalu ngotot pak kalau udah nga bisa nyelesaikan masalah pak,aduh pak percaya omongannya pak jgn ngotot pak nga bisa nyelesaikan masalah pak,2026-06-02 20:12:36,0,0,Negatif,95.84
Zazat Ahenk,Jln tikus saja ada manfaatnya,jln tikus ada manfaat,2026-06-02 19:38:21,0,0,Negatif,93.07
Yafi Yaqin,Terlalu banyak bacot tdk lihat lapangan,banyak banyak bicara tidak lihat lapang,2026-06-02 19:22:12,0,0,Negatif,95.91
Cemi,SELSE  AJA  SEKARANG  APA  TERUNIN  LENSER  UDA,selse terunin lenser uda,2026-06-02 18:45:03,0,0,Negatif,46.81
Ahmad Suja'i,Gedabrus,gedabrus,2026-06-02 18:19:47,0,0,Negatif,98.39
Galih Reza Erlangga,Goblok jalan bagus itu memperlancar ekonomi.,bodoh jalan bagus memperlancar ekonomi,2026-06-02 18:06:45,0,0,Negatif,96.72
Dasrony,mmmmuuuuuaaaaakk...!  lihatnya..!,mmuuaakk i lihat i,2026-06-02 17:33:29,0,0,Negatif,60.4
Irwan Pape,Gubernur mana  ini gendeng,gubernur mana gendeng,2026-06-02 13:40:33,0,0,Negatif,99.27
Luxius Jr.,"Gausah bayar pajak ,gada manfaatnya",gausah bayar pajak gada manfaat,2026-06-02 11:58:26,0,0,Negatif,99.63
Paguyuban Pasundan Msi Ppkmsi,"Halo gaesss........
Ra aku banget...!",halo gaess ra banget i,2026-06-02 11:41:36,0,0,Netral,57.36
Reyal Ferdiansyah,Jangan di samakan dengan KDM dulu dibandingkan dengan lurah hoho aja gubernur nya kalah jauh kinerja nya.,jangan sama kdm dibandingkan lurah hoho gubernur kalah kinerja,2026-06-02 11:20:46,0,0,Negatif,99.64
Noval Anja,Sampean koppak pak alias tolol,sampean koppak pak alias bodoh,2026-06-02 09:25:29,0,0,Negatif,99.65
Iwanridwan Ridwan,Kalo gitu gubernur jateng rakyat nya di bodoh bodohin  jln yang harus di benerin malah ngapain di benerinngabisin anggaran  gimana jadi pemimpin,kalo gitu gubernur jateng rakyat bodoh bodohin jln benerin ngapain benerinngabisin anggaran gimana pemimpin,2026-06-02 09:00:09,0,0,Negatif,99.77
Sri Moelyati Rudi,"Amit"" gub jateng",amit gub jateng,2026-06-02 08:56:59,0,0,Netral,74.72
Kake Abi Kake Abi,"Koplak ...masa bangun jalan ga ada MANFAATNYA 
ANAK SD AJA FAHAM",lucu bangun jalan tidak ada manfaat anak sd faham,2026-06-02 06:36:49,0,0,Negatif,99.82
Chakkyr Opdist,TDK jelas,tidak jelas,2026-06-02 06:34:27,0,0,Negatif,99.08
Delai Lanai Delai,Mo jln yg mna pun desa kota pelosok semua rakyat kena pajak mo yg miskin kaya kota desa kena pajak lah emang g blh org desa jg nikmatin tuh hasil pajak jaman SDH merdeka berhak semua d bangun rakyat LBH senang jln pelosok jg d perbaiki merata,jln mna kota pelosok rakyat kena pajak miskin kaya kota kena pajak emang blh orang jg nikmatin hasil pajak jaman merdeka hak bangun rakyat lbh senang jln pelosok jg baik merata,2026-06-02 05:21:36,0,0,Negatif,99.22
Vendy Mboyop,Alah ape korupsi ae koc kakean cocot,alah ape korupsi ae koc kakean mulut,2026-06-02 20:20:11,0,0,Negatif,99.6
Anisya Nurul Aeni,Pagub Jateng ko goblok ya  cmn banyak bacot doank,pagub jateng bodoh cmn banyak banyak bicara doank,2026-06-02 05:54:21,0,0,Negatif,95.85
Jajat Bastaman,Ini baru Gubernur mantap Bapa Aing,gubernur mantap bapa,2026-06-03 09:39:37,0,0,Positif,99.54
Ali Usman,Mundur aja pak kalo gitu sampean blom mampuh menjalankan amanah. Blom mampuh sosoan mau jadi pemimpin.,mundur pak kalo gitu sampean blom mampuh jalan amanah blom mampuh sosoan pemimpin,2026-06-03 00:05:54,0,0,Negatif,99.53
Agus Mbenk,Pak gub klw jln ny mulus perekonomian bakal maju gmn pemikiran ny nih pak gub lihat KDM.jln tuh banyak manfaat ny ...org dungu d jadiin gub otok sengklek,pak gub klw jln ny mulus perekonomian maju mikir ny pak gub lihat kdm jln banyak manfaat ny org dungu jadiin gub otok sengklek,2026-06-02 22:25:49,0,0,Negatif,73.66
Sutarno Riadi,Lanjut bangun Pak dari Desa. Yakin #pemprovjabar bisa.,lanjut bangun pak yakin bisa,2026-06-02 22:00:32,0,0,Positif,98.07
Mahdani Ayub Rahman,Ne orang kl jdi presiden hancur udh,ne orang presiden hancur udh,2026-06-02 20:21:09,0,0,Negatif,99.83
Dho Dho-dho,Kasian nih punya gubernur kaya dia.untung aing mah orang Bogor boga gubenur kdm,kasian punya gubernur kaya untung mah orang bogor boga gubenur kdm,2026-06-02 20:20:03,0,0,Negatif,99.3
Galih Ramdani,Enggak usah buat jalan pak gub luman uangnya tuk bagi2jan warrak dewe,enggak jalan pak gub luman uangnya tuk bagijan warrak dewe,2026-06-02 19:49:21,0,0,Negatif,99.75
Yoez Berhati Gimbal,"Saya dengerin saya cerna omongan nya, ujung2 ny pngen muntah",dengerin cerna omong ujung ujung ny pngen muntah,2026-06-02 19:36:52,0,0,Negatif,99.74
Didi Wahyudi,Mendng jangan banyak omong dari pada malu pak,mendng jangan banyak omong malu pak,2026-06-02 19:12:34,0,0,Negatif,99.04
Arny Tanti,Mana ada jalan yg tidak bermanfaat pak pak...coba klo jalan bagus halus otomatis pada lewat ekonomi juga bisa jalan dan berkembang .. utekmu lho pak mbok dibuka dikit..Kya y seneng bget liat masyarakat y susah👹,mana ada jalan tidak manfaat pak pak coba jalan bagus halus otomatis ekonomi bisa jalan berkembang utekmu lho pak mbok buka dikit kya seneng bget liat masyarakat susah,2026-06-02 18:35:26,0,0,Negatif,96.98
Heri Andi,Gebernur tak beres.walah bodoh x ya.,gebernur tak beres walah bodoh,2026-06-02 16:58:01,0,0,Negatif,99.85
Putra Dessa,"Gubernurnya ga pernah turun ke desa,,maka tidak tau apa,,.",gubernurnya tidak turun tidak tau,2026-06-02 15:03:29,0,0,Negatif,97.44
Hendra Jimz,Parah ini pemikirannya ko bisa jadi pemimpin ya agak sengklek ini org 😅,parah pemikirannya bisa pemimpin sengklek orang lega,2026-06-02 13:56:18,0,0,Negatif,99.85
Ruddie Hoerudin,Gubtol,gubtol,2026-06-02 13:39:59,0,0,Negatif,86.07
Sugi Ginanjar Usman,"Masyarakat ga peduli itu jalan punya jin atau iblis, pokonya tugas lu pada benerin..",masyarakat tidak peduli jalan punya jin iblis pokonya tugas benerin,2026-06-02 12:31:28,0,0,Negatif,99.76
Dadan Ibra,Bisana nyinyir gawe kosong .. mending sinah konten wae..pemimpin jadul,bisana nyinyir kosong sinah konten wae pemimpin jadul,2026-06-02 12:14:53,0,0,Negatif,99.6
Ujang Ebes,Kalo memang ga penting bangun jalan coba bapa gubernur nya tingal di gunung,kalo tidak bangun jalan coba bapa gubernur tingal gunung,2026-06-02 12:11:33,0,0,Negatif,57.09
Rayi Rusmana,Pemimpin koyo nginiki wajib seumur hidup Ndak usah ganti apik soal e 🤣🤣🤣,pemimpin koyo nginiki wajib seumur hidup tidak ganti apik soal tertawa terbahak tertawa terbahak tertawa terbahak,2026-06-02 10:16:37,0,0,Negatif,98.45
Suratno Ateng,"Ooo ,la wong pinter cerdasnya melebihi orang awam gitu cara kerjanya gub Jateng ,maklum saya cuman rakyat masyarakat kecil ya GK nyampe pemikiran Kya gitu",ooo la orang pinter cerdasnya lebih orang awam gitu cara kerja gub jateng maklum cuman rakyat masyarakat tidak nyampe mikir kya gitu,2026-06-02 08:13:20,0,0,Negatif,95.88
Ogo Permana,Duh geb yg pinter ga mau di usik usulan .....ko pie toh jln nya ga ada artinya aneh gub ini ada usulan di tolak,duh geb pinter tidak usik usulan ko pie toh jln tidak ada arti aneh gub ada usulan tolak,2026-06-02 07:54:34,0,0,Negatif,99.25
Agussaguss,gubenur ini otak nyah di mana yah naro nyah,gubenur otak nyah mana yah naro nyah,2026-06-02 06:59:01,0,0,Negatif,98.61
Ditu Salama,Koyo ngono ko mbok pilih wong2.tapuen cocote kui,koyo ngono mbok pilih orang wong tapuen cocote kui,2026-06-02 06:04:16,0,0,Negatif,98.53
Nyoman Elendiana,KDM RI 1 d 2029,kdm ri i og,2026-06-02 05:50:00,0,0,Negatif,92.55
Ijuh Baim,"Seso ora dadi menehhh,,,, kueeeeeee😂😂😂😂😂",seso ora dadi menehh kuee tertawa tertawa tertawa tertawa tertawa,2026-06-03 09:07:46,0,0,Positif,95.1
Abinya Shaqila,Sangat beda jauh cara kerja dan berpikirnya gubernur Jabar dan Jateng.,beda cara kerja pikir gubernur jabar jateng,2026-06-02 22:14:48,0,0,Netral,99.72
Andre R,Trs duit pajak nya.   Lari kmna pak boss,trs uang pajak lari kmna pak boss,2026-06-02 22:09:53,0,0,Negatif,98.76
Rian Nawawi,Gubernur tolol amat jawaban nya,gubernur bodoh jawab,2026-06-02 21:15:41,0,0,Negatif,99.52
Ari Yono,"mikirmu kok koyo wong gemblung,gubernur cap opo modele kyo lutfi iki",mikirmu koyo orang gemblung gubernur cap opo modele kyo lutfi iki,2026-06-02 21:00:09,0,0,Negatif,99.54
Ahmad Rifa'i,Tai,tai,2026-06-02 20:44:44,0,0,Negatif,99.76
NengEga,Mabok kcubung,mabok kcubung,2026-06-02 20:40:02,0,0,Negatif,99.74
Antok Wijaya,Ngubernurrrr taaaeeeeekkkkk,ngubernurr taaeekk,2026-06-02 20:29:51,0,0,Netral,84.77
Blekoks Ngenyoh,Bacot teruuuuus kerja minim,banyak bicara teruus kerja minim,2026-06-02 20:13:09,0,0,Negatif,99.49
Ari Kicel Kicel,"Bener Lutfi jalan 2 th hancur lha wong Dee bangune tambal sulam
Pemimpin kok guoblok ngendi Ono dalan 2 th hancur nk Dee bangun y hancur anggaran 1milyar SG d cake mong 100jt Yo cor-coran pasir tok",bener lutfi jalan th hancur orang dee bangune tambal sulam pemimpin guoblok ngendi ono dalan th hancur nk dee bangun hancur anggaran imilyar sg cake mong ioojt cor coran pasir tok,2026-06-02 20:08:10,0,0,Negatif,99.71
E L Bucitreuk,Hehehehe cara menggunakan bahasa aja udah beda kelas bravo kdm,hehehehe cara menggunakan bahasa beda kelas bravo kdm,2026-06-02 20:04:46,0,0,Netral,46.26
Mahadewa,GUBERNUR FAVORIT seINDONESIA,gubernur favorit seindonesia,2026-06-02 19:51:16,0,0,Positif,79.95
Kang Molod,Ko bisa rakyatnya milih dia😁😁😁😁😁 pasti sekarang lagi nyesel kenapa dulu milih dia,bisa rakyatnya milih senang kali senang kali senang kali senang kali senang kali nyesel kenapa milih,2026-06-02 19:48:16,0,0,Positif,99.3
Putra Marvin,Bapa aing lebih cerdas da lebih merakyat .apa yg di ingin kan  rakyat nya  bapa aing lebih memahami.dan bapa aing bekerja untuk rakyat bukan untuk pejabat,bapa cerdas da merakyat kan rakyat bapa memahami bapa kerja rakyat bukan pejabat,2026-06-02 18:50:29,0,0,Positif,99.22
Mas Uyo Waliyo,Ampun ya gubernur kaya kuwe..gulingna bae,ampun gubernur kaya kuwe gulingna,2026-06-02 18:33:48,0,0,Negatif,99.79
Delia Okta,Ini gubernur ngomong opo....ngk jelas....,gubernur ngomong opo ngk jelas,2026-06-02 18:31:01,0,0,Negatif,57.63
Jagad Samudro,"Mereka dulu nya juga taat bayar pajak pak, kenapa tidak mendapatkan perhatian yg sama akhirnya masyarakat males bayar pajak",taat bayar pajak pak kenapa tidak dapat hati masyarakat males bayar pajak,2026-06-02 18:18:52,0,0,Negatif,99.78
Rupinic P,Gak ada visi ACTION nya 😂,tidak ada visi action tertawa,2026-06-02 18:02:59,0,0,Netral,42.23
Ranto,Dianggap masyarakat nya goblok semua gak bisa bedakan jln kebangetan to Pak Gub,anggap masyarakat bodoh tidak bisa beda jln kebangetan to pak gub,2026-06-02 17:57:14,0,0,Negatif,99.7
Bah Empi,Jangan di pilih lagi pejabat kaya giti mah,jangan pilih pejabat kaya giti mah,2026-06-02 17:32:55,0,0,Negatif,90.67
Mas Jack Jos,"Bagaimana perasaan yg dulu milih Lutfi jadi gubernur,kira kira nyesel gak yaa😂😂😂",rasa milih lutfi gubernur nyesel tidak yaa tertawa tertawa tertawa,2026-06-02 17:09:09,0,0,Negatif,82.74
Dadan Hidayatulloh Turrohmanurwahidin,"Kalau ada yg usul ke bp aing mah..
Langsung gercep moal loba teori ..",ada usul bp mah langsung gerak cepat moal loba teori,2026-06-02 17:07:00,0,0,Netral,91.89
Nadzar Adriansyah,"Mending  tanami  jati  dan pisang  , ga ada gunanya  apalagi  rayat  dianggap  orang  tolol bloon  ga tau  jalan  apa  taunya  mulus",tanam jati pisang tidak ada guna apalagi rayat anggap orang bodoh bloon tidak tau jalan taunya mulus,2026-06-02 16:48:29,0,0,Negatif,99.84
Zarley Bedu,Ini lah klo gubernurnya kebanyakan teori,gubernurnya banyak teori,2026-06-02 16:18:24,0,0,Negatif,86.11
Wikuntoro,Gubernur Jateng Goblokkk kaya Persiden Prabowo....,gubernur jateng goblokk kaya persiden prabowo,2026-06-02 16:13:18,0,0,Negatif,98.47
Priyo Setiyo,"Cangkeme kok penak men le nylongop ngono kuwi, omongane koyo ora tau sekolah,",cangkeme penak men le nylongop ngono kuwi omongane koyo ora tau sekolah,2026-06-02 15:02:02,0,0,Negatif,99.41
Mas To,gubernur sok pinter asal mlongo saja,gubernur sok pinter mlongo,2026-06-02 14:50:58,0,0,Negatif,98.47
Bohim,Gubernur lierrrrrrrr,gubernur lierr,2026-06-02 14:29:58,0,0,Negatif,97.46
Fajar Hadi Sugianto,Jalan pangan tuh duit bua bikin jalan malah dipangan 😂😂😂,jalan pangan uang bua buat jalan dipangan tertawa tertawa tertawa,2026-06-02 14:13:51,0,0,Negatif,99.27
Dedi Hernandi,Seorang pemimpin yg pikirannya dangkal tidak bisa melihat keadaan di sekitarnya hanya bisa memilah keadaan yg bisa menguntungkan mau orang desa atau orang kota itu wajib pajak pak jd berhak orang desa pun mempunyai keadilan dan menikmati kemajuan dan bantuan untuk daerahnya,pemimpin pikirannya dangkal tidak bisa lihat ada sekitarnya bisa memilah ada bisa menguntungkan orang orang kota wajib pajak pak jd hak orang punya adil menikmati maju bantu daerah,2026-06-02 14:11:43,0,0,Negatif,95.94
Adul Layau,Keliwat pentet jadi kelihatan bodoh nya,keliwat pentet lihat bodoh,2026-06-02 13:05:01,0,0,Negatif,99.87
Dimas Wongfen,Banyak bacot gk ada paedahnya,banyak banyak bicara tidak ada paedahnya,2026-06-02 12:00:54,0,0,Negatif,98.14
Maulid Barnas Herdiansyah,"Jalan ko teori ???
Beginilah kalau GUBERNUR yg dihasilkan dari manifulasi bukan dri tes and profrtis
Manusia bgini ko bisa Dipilih Jadi GUBERNUR 😤😁",jalan teori beginilah gubernur hasil manifulasi bukan dri tes and profrtis manusia bgini bisa pilih gubernur marah senang kali,2026-06-02 11:58:40,0,0,Negatif,99.08
Jais Deni,Asuhhh bodokk betul,asuhh bodokk,2026-06-02 11:53:26,0,0,Negatif,99.77
Ripal Ripal,Padahal jawa tengah provinsi yg pling besar masa  iya ngga mampu,jawa tengah provinsi pling iya tidak,2026-06-02 11:41:27,0,0,Netral,95.4
Dani Hadi,Anggap masyarakatnya bodoh ni bapk,anggap masyarakatnya bodoh bapk,2026-06-02 10:56:36,0,0,Negatif,99.87
Bintar Junaedie Dee,"Gini kok dipilih JD gubernur , yang milih mesti bertanggung jawab .",gini pilih jd gubernur milih bertanggung jawab,2026-06-02 09:45:39,0,0,Negatif,85.82
Amanda Putra Gorden,Modal omong kerja ngga becus ngomong doang mikir dulu lah bos,modal omong kerja tidak becus ngomong doang pikir bos,2026-06-02 09:39:23,0,0,Negatif,99.57
Fudin Ramdhani Lubis,ini yang dinamakan gubernur TOLOl.,nama gubernur tolol,2026-06-02 08:28:30,0,0,Negatif,99.65
Braham Pratama,Guoblok nya JD gubernur ...,guoblok jd gubernur,2026-06-02 07:33:56,0,0,Negatif,99.5
Hayati Yati,",,jauuuuuh beda sama Bapak Abdi/Bapak aing mah,ibarat langit dgn bumi,, Allahu Akbar,,sehat selalu Bp Gubernur KDM panjang umur, dilindungi Allah dimana pun Bp Gubernur KDM berada, dipermudahkan segala urusan tugas  didalam Negri JABAR,,, Aamiin 🤲",jauuh beda bapak abdi bapak mah langit bumi allahu akbar sehat bp gubernur kdm panjang umur lindung allah mana bp gubernur kdm mudah urus tugas dalam negri jabar aamiin,2026-06-02 07:28:33,0,0,Positif,82.71
Joy Klinder,"cukup satu priode aja 🤭
beda kelas sama kdm mah ✌️",priode tertawa beda kelas kdm mah,2026-06-02 07:28:05,0,0,Negatif,99.35
Yudi Seventree,Ora usah dipilih eneh,ora pilih eneh,2026-06-02 07:17:46,0,0,Netral,47.59
Hendi Gencel,Pjabat edan,pjabat edan,2026-06-02 06:18:53,0,0,Negatif,99.62
Indah Pada Waktunya Syah,Ganti aja gubernur,ganti gubernur,2026-06-02 06:09:30,0,0,Netral,52.04
Abdul Kodir,"Tak bolan Baleni ngrungokne cocokte wong Iki tambah pedes mripat q, kuping q Yo tambah bengung ora karu-karuan. Kok Yo iso Ono pejabat omongane nglantur koyok ngono",tak bolan baleni ngrungokne cocokte orang iki pedes mripat kuping bengung ora karu karuan iso ono pejabat omongane nglantur koyok ngono,2026-06-02 06:06:34,0,0,Negatif,99.51
Babah Darussalam,Waduh ini ko bisa jadi gubernur ya,waduh bisa gubernur,2026-06-02 15:57:09,0,0,Negatif,71.81
Aziskia Boim,Tolol inimh,bodoh inimh,2026-06-03 04:26:14,0,0,Negatif,99.72
Akbar,Yg di bangun di depak rumah gubernur saja kan kalo di desa ngak ada gunanya,bangun depak rumah gubernur kan kalo tidak ada guna,2026-06-02 22:02:16,0,0,Negatif,99.68
Boni Koplaks,Wong nek pekok,orang nek pekok,2026-06-02 21:37:17,0,0,Negatif,99.05
Oces Joledar,Koplak koplak,lucu lucu,2026-06-02 21:27:53,0,0,Positif,79.97
Kirana Shaka Sulya,gubernur gedebrus..hoby ngibul suka nyinyir..wkkkk,gubernur gedebrus hoby ngibul suka nyinyir wkk,2026-06-02 21:16:52,0,0,Negatif,99.51
Agoest Agoest,Apa susah nya bangun saja lutvi.  Itu kan duit bareng2.  .,susah bangun lutvi kan uang bareng bareng,2026-06-02 21:02:58,0,0,Negatif,98.07
Dewi Rahayu,Itu lho sebelahnya pada dukung gubernurnya ntar loe kena batunya,lho belah dukung gubernurnya ntar kena batu,2026-06-02 20:48:47,0,0,Negatif,99.64
Putra Putra,"Silahkan di nikmati rakyat Jateng, jln anda itu tidak bermanfaat, lebih baik buat lc😂",silahkan nikmati rakyat jateng jln tidak manfaat lc tertawa,2026-06-02 20:43:00,0,0,Negatif,97.58
Cece Saeful,Kalo bisa di tambal kenapa di perhalus,kalo bisa tambal kenapa perhalus,2026-06-02 20:11:49,0,0,Netral,73.83
Asep Apandi Sragi,Kasih tau aj jalan ke makan buat pa gubernur,kasih tau jalan makan pa gubernur,2026-06-02 19:47:54,0,0,Netral,99.74
Mujarianto O,Lupi..gendeng.,lupi gendeng,2026-06-02 18:26:15,0,0,Negatif,98.71
Bokir,"Oka oke oka oke taek asu raimu kwi fi lutfi.
Gubernur lambe tempek bosok....",oka oke oka oke taek asu raimu kwi fi lutfi gubernur lambe tempek bosok,2026-06-02 18:20:41,0,0,Negatif,99.64
Rumah Tanah Bojong Soang,inimah calon presiden 2030,inimah calon presiden oeo,2026-06-02 18:08:04,0,0,Negatif,49.37
Yon Kemot,Terlalu,,2026-06-02 17:30:00,0,0,Negatif,97.97
Rendi Setiawan,"Tolong yah jangan bandingkan sama gurbernur kami bapak kdm .. karna mau jalan desa,kabupaten atu propinsi semua harus mulus agar ekonomi bisa berjalan lancar itu tujuan bapak kdm",tolong yah jangan bandingkan gurbernur bapak kdm jalan kabupaten atu propinsi mulus ekonomi bisa jalan lancar tujuan bapak kdm,2026-06-02 14:33:45,0,0,Negatif,57.7
Sandi Tias,Ini kah gubeenur jawa tengah..bikin malu aja.udah lupa sma jangji2 nya waktu minta di pilih sama rakyat udah parah parah,gubeenur jawa tengah bikin malu udah lupa sma jangji jangji minta pilih rakyat parah parah,2026-06-02 13:09:42,0,0,Negatif,99.78
Nardi Didi,"Mantan polisi ini...,",mantan polisi,2026-06-02 12:39:55,0,0,Netral,97.0
Bhulexs Alvin Kusuma,"Tidak ada manfaat nya klo jln bagus,, mnding jelek AZ jln nya,, gwa kan jdi punya duit",tidak ada manfaat jln bagus mnding jelek az jln gwa kan punya uang,2026-06-02 12:31:03,0,0,Negatif,99.44
Salsa Akso,Gubernur tambal ban g akan mampu mnjlankan tugas dgn baik Krn dia TDK mau bljar dari KDM,gubernur tambal ban mnjlankan tugas tidak bljar kdm,2026-06-02 12:30:22,0,0,Netral,85.96
Fahrii Doank,Bener juga sih...kalo anggaran buat jalan di salurkan buat bantuan ekonomi masyarakat ..UMKM petani atw masyarakat kurang mampu...tapi kalo itu juga gadisalurkan...terus kemana lari uang nya...😁😁🙏🙏,bener kalo anggaran jalan salurkan bantu ekonomi masyarakat umkm petani atw masyarakat kalo gadisalurkan terus mana lari uang senang kali senang kali mohon mohon,2026-06-02 12:11:54,0,0,Positif,80.04
Beta Tadin,Banyak omong doang kenyataanya... 0..,banyak omong doang kenyataanya,2026-06-02 11:53:31,0,0,Negatif,98.02
Anto s,Gubenur oon,gubenur oon,2026-06-02 11:35:18,0,0,Negatif,99.03
Ahin Zimah,Hadehh ripuh wa,hadehh ripuh wa,2026-06-02 11:15:49,0,0,Negatif,99.62
Fu Aditya Robbani,Oh jadi milih2 ya.. ok dah...,milih milih ok dah,2026-06-02 11:15:13,0,0,Netral,99.53
Boeim DenniBoiem,Yang bodo ini siapa jelas kan....?,bodo jelas kan,2026-06-02 10:50:29,0,0,Negatif,98.78
Zay Tea,Bangun jln ko pilih²,bangun jln pilih,2026-06-02 10:49:06,0,0,Netral,86.93
Erwan Syah,Tai kucig,tai kucig,2026-06-02 08:57:41,0,0,Negatif,99.68
Roisbeko Akubtm,Kalao memang sudah nggak bisa di perbaiki gubernur nya...mending ora usah bayar pajak...duit pajak nya di kumpulin Bae Nang masarakte langsung go mbangun dalan Bae bos kompak se-Jawa Tengah apa ???,kalao tidak bisa baik gubernur mending ora bayar pajak duit pajak kumpulin nang masarakte langsung go mbangun dalan bos kompak se jawa tengah,2026-06-02 08:18:35,0,0,Negatif,96.56
Carlitos Ingkiriwang,Gubernur sok pintar 😂😂😂,gubernur sok pintar tertawa tertawa tertawa,2026-06-02 08:08:43,0,0,Positif,71.63
Junaedi Hambali,Ini harus melakukan demo langsung,laku demo langsung,2026-06-02 05:32:00,0,0,Negatif,99.46
Dde Ayhe,Mengeluarkan dana buat jalan kok ribet kan udah ada anggaran nya .. mungkin anggaran nya ke yg bohay 😂😂,mengeluarkan dana jalan rumit kan ada anggaran anggaran bohay tertawa tertawa,2026-06-02 22:00:44,0,0,Negatif,95.92
Cak Kartolo Dozer,🤣🤣🤣🤣🤣 inilah contoh pemimpin cangkem comberan cangkem gedablus cangkem nyinyir nek goblok yo panggah goblok...,tertawa terbahak tertawa terbahak tertawa terbahak tertawa terbahak tertawa terbahak inilah contoh pemimpin cangkem comberan cangkem gedablus cangkem nyinyir nek bodoh panggah goblok,2026-06-02 21:47:08,0,0,Negatif,98.67
Rojo Palu,Goblak bin pekok di plihara ngaret ae,goblak bin pekok plihara ngaret ae,2026-06-02 21:43:52,0,0,Negatif,99.75
Hendra Kurniawan,Yang sabar ya warga Jawa Tengah ..,sabar warga jawa tengah,2026-06-02 21:33:19,0,0,Netral,99.46
Cah Bagozt Dwe,Cangkem gubernur kog ra mutu blas.viralmu mergo caturanmu sing ra mbejaji pi lupi,cangkem gubernur kog ra mutu blas viralmu mergo caturanmu sing ra mbejaji pi lupi,2026-06-02 21:22:46,0,0,Negatif,99.61
Kusmanto Ksmn,"Waaah kucluuk alias bodooh skali P Lutfi , duuuh salah pilih p ltfi",waah kucluuk alias bodooh skali lutfi duuh salah pilih ltfi,2026-06-02 21:20:15,0,0,Negatif,99.75
Adevbastos Bastos,KLO gitu gausah bayar pajak yg jalan nya ga diperbaiki..simpel..gaussh taat bayar pajak baik kendaraan maupun PBB..biar tau rasa tuh,gitu gausah bayar pajak jalan tidak baik simpel gaussh taat bayar pajak kendaraan pbb biar tau rasa,2026-06-02 20:36:46,0,0,Negatif,98.14
Ardikoces Kaylafaranisa,Gup kakean cangkeem.,gup kakean cangkeem,2026-06-02 20:35:57,0,0,Negatif,97.32
Tony Grc,Lebih bermanfaat jalan ketimbang lutfi ga da manfaatnya.,manfaat jalan ketimbang lutfi tidak da manfaat,2026-06-02 20:30:13,0,0,Negatif,99.76
Maman Firmansyah,"Gubernur apaan ini........
Kok  Fikiran nya  sempit",gubernur apaan fikiran sempit,2026-06-02 20:10:35,0,0,Negatif,99.32
Tianah Tianah,Lutfi gk punya kompetensi di pos gubnur,lutfi tidak punya kompetensi pos gubnur,2026-06-02 20:07:34,0,0,Netral,99.54
Ipung Al Kafiey,Orang itu siapa.? Maap bertanya.,orang maap tanya,2026-06-02 20:05:49,0,0,Netral,99.59
Mustar,Huuuuhhh,huuhh,2026-06-02 20:01:16,0,0,Negatif,98.38
Rachmad Santoso,Pimpinan kok fesimis,pimpin fesimis,2026-06-02 19:55:49,0,0,Netral,99.34
Fatih Falimbani,"gimna orang jateng,gitu aja kok di pilih",gimna orang jateng gitu pilih,2026-06-02 19:25:42,0,0,Netral,99.44
Kamijan Tmp,Ora kudu milih gubenur wong iki neh ..di kei ngerti  dalan rusak malah jawabanne ngono,ora kudu milih gubenur orang iki neh kei ngerti dalan rusak jawabanne ngono,2026-06-02 18:52:45,0,0,Negatif,98.09
Pengamat Amat,Betul..KLO jalan buat BPK ga manfaat.. 👍.....Bikin yg manfaatkan aja pak misal saya saran sepanjang jalan digali buat tambak ikan lele...per 3 bulan panen pak..👍👍👍👍🤣,klo jalan bpk tidak manfaat bagus bikin manfaat pak saran jalan digali tambak ikan lele per bulan panen pak bagus bagus bagus bagus tertawa terbahak,2026-06-02 18:27:24,0,0,Negatif,93.97
Yan Mulyana,Kalo begitumah mnding kompak ajah jangan bayar pajak,kalo begitumah mnding kompak ajah jangan bayar pajak,2026-06-02 17:26:10,0,0,Netral,53.23
Sakimen Anja,Oalah gubenur koyok ngono kok pilih wong koclok,oalah gubenur koyok ngono pilih orang koclok,2026-06-02 17:24:14,0,0,Negatif,99.21
Esky Mo,Gak becus lu tikus cabut tuh jabatan,tidak becus tikus cabut jabat,2026-06-02 16:59:20,0,0,Negatif,99.6
Enday Sutiawan,Jawa Tengah gubenur nya setres,jawa tengah gubenur setres,2026-06-02 15:54:28,0,0,Netral,99.68
New Gajebo,Yg bilang gitu orang koplak. Jalan makam aja ada manfaatnya kok. Aneh,bilang gitu orang koplak jalan makam ada manfaat aneh,2026-06-02 15:15:31,0,0,Negatif,99.71
Khainun Ahmad,Yg tidak ada manfaatkan ya gubernurnya,tidak ada manfaat gubernurnya,2026-06-02 14:49:29,0,0,Negatif,99.73
Arya Danu,Itu jalan jelek aja ada manfaatnya pak apa LG KL bagus,jalan jelek ada manfaat pak lg bagus,2026-06-02 14:18:57,0,0,Negatif,81.77
Dimas Saputra,Otaknya kosong..orang kaya gni jadi pejabat hadeh kebanyakan giting ni orang,otaknya kosong orang kaya gni pejabat hadeh banyak giting orang,2026-06-02 14:11:48,0,0,Negatif,99.85
Novel Iim's,Hidup KDM,hidup kdm,2026-06-02 13:27:13,0,0,Negatif,97.64
Nur Hadi,Lutvi yg dipikirkan haya keuntungan pribadi,lutvi pikir haya untung pribadi,2026-06-02 13:15:32,0,0,Negatif,91.79
Don's Lgs,Gubernur mna itu pengen ketawa saaya🤣😂😀🤦,gubernur mna pengen ketawa saaya tertawa terbahak tertawa senang,2026-06-02 13:06:42,0,0,Positif,92.44
S Ve,Banyak bacot banget wkwkwk ngelawak terus,banyak banyak bicara banget ngelawak terus,2026-06-02 12:08:52,0,0,Negatif,99.72
Ahmad Matin,Gubernur ini jarang main ke desa yaaa??,gubernur main yaa,2026-06-02 11:44:50,0,0,Negatif,85.14
Bim-Bim BiMa,Gak ada untung ya ngapain di bangun... Kata pak gubernur,tidak ada untung ngapain bangun kata pak gubernur,2026-06-02 11:00:44,0,0,Netral,51.79
Oblay Oblay,Klu punya gubernur kaya gitu masarakat nya ga bakal maju,klu punya gubernur kaya gitu masarakat tidak maju,2026-06-02 10:41:57,0,0,Negatif,99.63
Fiki Faisal,Pecat nohh pejabat goblog kaya gini di pilih,pecat nohh pejabat goblog kaya gini pilih,2026-06-02 10:00:26,0,0,Negatif,99.74
Frd Atx Martin,Ayo masarakat yg pilih gubernur ini mau pilih lagi engga hayo hayo wkwkwkw,ayo masarakat pilih gubernur pilih engga hayo hayo wkwkwkw,2026-06-02 08:09:04,0,0,Netral,97.43
Aan Andri,Cukup 1 period aja ya pak,i period pak,2026-06-02 06:54:48,0,0,Positif,53.85
Akit Algifari,"Oon d piara 
Kacauuuuu",oon piara kacauu,2026-06-02 06:27:10,0,0,Negatif,99.72
Mujiono,Ajur2,ajur ajur,2026-06-02 06:21:38,0,0,Negatif,99.59
Eli Amelia,"ganti secepat ya ,lutfi jalan amuradul",ganti cepat lutfi jalan amuradul,2026-06-02 06:05:27,0,0,Negatif,99.81
Kang Ary,Dah ketawain aja klw gubernur molor,ketawain klw gubernur molor,2026-06-02 05:30:43,0,0,Negatif,99.79
Adi Wijaya,Pie to pa endas wis somplak,pie to pa endas wis somplak,2026-06-02 22:22:23,0,0,Negatif,99.44
Sopiyan Ngaprak,Ah goblok kabeh daerahge berhak Jalan alus tai da mayar pajak,bodoh kabeh daerahge hak jalan alus tai da mayar pajak,2026-06-02 21:35:08,0,0,Negatif,99.81
Aing Maung,"Banyak cocot doang... 
Ora bisa gawe...... 🤣🤣🤣🤣",banyak mulut doang ora bisa gawe tertawa terbahak tertawa terbahak tertawa terbahak tertawa terbahak,2026-06-02 21:28:10,0,0,Negatif,97.0
Ariaz Satriani,Gubernur dobol,gubernur dobol,2026-06-02 20:48:44,0,0,Negatif,99.77
Handry New,Ternyata ABAH ada SOHIB KEMBARAN yg sama HANYA DGN kata²  MULUK  yg Harus Mengikuti PROSUDUR Kesenangan Elit bukan Utk Rakyat🤣🤣,ternyata abah ada sohib kembaran kata muluk mengikuti prosudur senang elit bukan utk rakyat tertawa terbahak tertawa terbahak,2026-06-02 20:11:40,0,0,Negatif,97.82
Tono Tw,Kaya gitu ko di jadikan pemimpin... Memalukan,kaya gitu jadi pemimpin memalukan,2026-06-02 19:55:38,0,0,Negatif,99.86
Ki Among Rogo Rogo,Cocok lutfi calon presiden wakilnya anis,cocok lutfi calon presiden wakil anis,2026-06-02 19:17:05,0,0,Netral,95.12
Subur Buyung,Gubernur kga berpungsi turukan sj,gubernur kga berpungsi turukan,2026-06-02 18:21:17,0,0,Negatif,87.64
Imam Sutikno,Gubernure kakean cangkem,gubernure kakean cangkem,2026-06-02 18:07:13,0,0,Negatif,96.96
Dans Suhendar,"Hahahha ngakak, otak nya D mana yaaa",hahahha ngakak otak mana yaa,2026-06-02 18:00:34,0,0,Negatif,97.41
Murid Famungkas,ada gubenur begini ya. pa setiap jln ada mangpaatnya buat masarakat jangankan jln raya.jalan gang saja mangpaat,ada gubenur pa jln ada mangpaatnya masarakat jangankan jln raya jalan gang mangpaat,2026-06-02 17:37:36,0,0,Negatif,97.8
Sharda Shopyan Sharda Shopyan,"Ngomong ngalor ngidul gak jelas,",ngomong ngalor ngidul tidak jelas,2026-06-02 16:43:52,0,0,Negatif,96.75
Ibeng Al-wadud Aenun,Berarti daerah yang tidak memenuhi syarat. Tidak diperbaiki. Berarti di anak tirikan dong🙂,daerah tidak memenuhi syarat tidak baik anak tirikan dong,2026-06-02 16:00:41,0,0,Negatif,99.71
Ndr Ian,Ngising,ngising,2026-06-02 15:16:03,0,0,Negatif,79.35
Infopulauseribu Infopulauseribu,Hadeeeh orang kaya gini jadi GUBERNUR paraaaah...,hadeeh orang kaya gini gubernur paraah,2026-06-02 14:08:49,0,0,Negatif,99.82
Dewa Visink,Koplok,koplok,2026-06-02 12:24:43,0,0,Negatif,99.79
Maryam Bab,Pertayaan sama jawaban ga nyambung 🤣🤣🤣,pertayaan jawab tidak nyambung tertawa terbahak tertawa terbahak tertawa terbahak,2026-06-02 12:22:12,0,0,Negatif,99.03
Hengz,Kebanyakan ceramah ...satset dong kaya gub Jabar..keburu abis masa jabatan nya pak..wkwkkw,banyak ceramah satset dong kaya gub jabar keburu abis jabat pak wkwkkw,2026-06-02 11:13:07,0,0,Negatif,99.42
Zae Cool,"Emang kamu yang bayar itu duit pajak yang dipake,,masa dibilang g manfaat kacau kacau ni orang",emang bayar uang pajak dipake dibilang manfaat kacau kacau orang,2026-06-02 10:51:23,0,0,Negatif,99.79
Burhan,Haha gak ada jalan ga ada duit,tidak ada jalan tidak ada uang,2026-06-02 09:59:26,0,0,Negatif,96.53
Satrio Saputra,Nyesel pilih lutfi.. Orang kaya gitu jadi gubernur. Aneh pendukung nya yang milih,nyesel pilih lutfi orang kaya gitu gubernur aneh pendukung milih,2026-06-02 09:58:09,0,0,Negatif,99.75
Sarijan Ijan,Iyalah masarakat taunya jalan nya bagus soalnya masarakat kan bayar pajak buwat apa uang pajak,iyalah masarakat taunya jalan bagus soalnya masarakat kan bayar pajak buwat uang pajak,2026-06-02 09:27:54,0,0,Negatif,85.27
Jupiter Z Jupi,Blunder 😁,blunder senang kali,2026-06-02 08:59:52,0,0,Negatif,70.23
Hendrik Napitupulu,"Waduh yang bicara ini mafia korupsi,laki laki pula.",waduh bicara mafia korupsi laki laki,2026-06-02 07:37:01,0,0,Negatif,99.34
Hamdan Nasution,Ngeles melulu bukannya dianalisa buat perencanaan dan kerjakan ... ya maklum mantan merasa duit sendiri setelah terima ...,ngeles melulu bukannya dianalisa rencana kerja maklum mantan rasa uang terima,2026-06-02 06:53:34,0,0,Negatif,99.67
Supriyo Supriyo,Gubenur tai,gubenur tai,2026-06-02 06:35:12,0,0,Negatif,98.98
Udin Farid,"Pejabat paling goblok, ngomong pinter tapi otak kosong, terlalu byak argumen, duduk saja di bangku empuk liur2 muncrat pinter berdebat, tapi tada faedah langsung.",pejabat goblok ngomong pinter otak kosong byak argumen duduk bangku empuk liur liur muncrat pinter berdebat tada faedah langsung,2026-06-02 05:43:19,0,0,Negatif,99.66
Pirman Sah Jorag Mania,𝙊𝙩𝙖𝙠 𝙣𝙮𝙖 𝙥𝙞𝙣𝙙𝙖𝙝𝙞𝙣 𝙥𝙖 𝙜𝙪𝙥 𝙅𝙖𝙩𝙚𝙣𝙜 𝙟𝙖𝙣𝙜𝙖𝙣 𝙙𝙞 𝙙𝙚𝙣𝙜𝙠𝙪𝙡𝙡,,2026-06-02 18:34:10,0,0,Netral,66.87
Sura Di,Gupernur Jawa tengah Lupi itu gupernur  koplak salah sing milih.,gupernur jawa tengah lupi gupernur lucu salah sing milih,2026-06-03 09:12:11,0,0,Negatif,94.35
Suwin Suwin,Jauh beda dari kdm,beda kdm,2026-06-02 22:07:53,0,0,Netral,80.95
Dawuk Hermawan,Ah tai ucing haseum,tai ucing haseum,2026-06-02 22:03:50,0,0,Negatif,99.58
Gayung Gayung,Gubernur koplak isin aku sbgai warga Brebes due gubernur Iki cuihhhhh,gubernur lucu isin sbgai warga brebes due gubernur iki cuihh,2026-06-02 21:53:55,0,0,Negatif,99.52
Mbah Sawi Tungu,Gubenirsengdibahascumauang& uangtpikerjanyanol,gubenirsengdibahascumauang uangtpikerjanyanol,2026-06-02 20:35:31,0,0,Netral,96.65
Dưa Putra Ujang,Hadeeeuh ke banyakan anu,hadeeuh banyakan anu,2026-06-02 18:32:28,0,0,Negatif,97.3
Den Perky,"Lah lu gubernur berarti gk ada manfaatnya , gk usah jd gubernur kocak😂

Lihat lah konten bapak aing itu sebagai contoh org kek lu 🤭",gubernur tidak ada manfaat tidak jd gubernur kocak tertawa lihat konten bapak contoh orang kek tertawa,2026-06-02 14:50:48,0,0,Negatif,98.46
Abdur Sangpemimpinsejati,"Kapan demo besar2ran nih , rakyat bisa bersatu ngak ,",kapan demo besarran rakyat bisa satu tidak,2026-06-02 14:44:26,0,0,Negatif,52.13
Ibams,11 12 karo gur ber nur ja tim,ii i karo gur ber nur ja tim,2026-06-02 14:36:33,0,0,Negatif,92.24
Ujangwarnadi Warnadi,Gubenur aneh,gubenur aneh,2026-06-02 13:06:02,0,0,Negatif,98.76
Daeng Jalur,bgni klo alumni polusi jdi pemimpin,bgni alumni polusi pemimpin,2026-06-02 12:53:15,0,0,Negatif,99.76
Ibenkz Set,"Hidup KDM,,,",hidup kdm,2026-06-02 12:17:46,0,0,Negatif,97.64
Muslim Muslim,Milih das muuu wii,milih das muu wii,2026-06-02 10:36:00,0,0,Negatif,75.09
Berkah Jaya,Kalau d bikinin jalan uang saku abis,bikinin jalan uang saku abis,2026-06-02 09:58:42,0,0,Negatif,98.86
Juliardi TJ,Ini penjabatnya kok ngk peduli SM raknyatnya lo,penjabatnya tidak peduli sm raknyatnya lo,2026-06-02 09:07:22,0,0,Negatif,99.72
Aril Maulana,"Dengerin tuh ,.masa ga paham sih ..hidup pak KDM..",dengerin tidak paham hidup pak kdm,2026-06-02 07:52:15,0,0,Negatif,99.67
Rubiyanto,Inilah gambaran orang yang kurang patut sebagai seorang pemimpin untuk membawa Rakyatnya hidup sejahtera.,inilah gambar orang patut pemimpin bawa rakyatnya hidup sejahtera,2026-06-02 06:57:44,0,0,Positif,79.97
Mariah Haryani,"Otak'e separo.... Ngomong asal bunyi aje merasa kt"" Nya benar pdhal goblok",otak separo ngomong bunyi aje rasa kt pdhal bodoh,2026-06-02 06:35:53,0,0,Negatif,99.7
Jorkaef,Sy ga nyesel..krna sy ga milih dia.,tidak nyesel krna tidak milih,2026-06-02 05:24:55,0,0,Positif,94.08
ShanShan DL,Ini gubernur  ko gtu ngomong nya yaaa... Semua jalan. Dri jalan desa sampai jln propinsi.. Itu bermanpat kan... Gx ada jalan umum. Yg gx bermanpaat paaa... Yg gx bermanpatt tuu.. Mulut bp,gubernur gtu ngomong yaa jalan dri jalan jln propinsi bermanpat kan gx ada jalan gx bermanpaat paa gx bermanpatt tuu mulut bp,2026-06-02 19:55:19,0,0,Negatif,99.54
Tentang Semuanya,Dasar pak kontolll,dasar pak kontoll,2026-06-02 21:01:43,0,0,Negatif,99.76
Ewin Erwin Safut,Lupi lupi tolol,lupi lupi bodoh,2026-06-02 12:08:22,0,0,Netral,64.4
Amal Amal,Semua jalan itu ada manfaatnya  buat lewat tp klo jalan itu jelek rusak.dampak nya putaran ekonomi iku tersendat bayar pajak harus rutin klo ada bolong di tegur...dn kemna hasil pajaknya klo bkn buat bangung jalan.yg pd rusak.....pak.gub,jalan ada manfaat tp jalan jelek rusak dampak putar ekonomi iku tersendat bayar pajak rutin ada bolong tegur dn kemna hasil pajaknya bkn bangung jalan percaya rusak pak gub,2026-06-02 07:37:08,0,0,Negatif,99.77
Har Nanik,Yo gak maju maju nek ngeni carani,tidak maju maju nek ngeni carani,2026-06-03 13:39:37,0,0,Negatif,98.45
Herman Eko,jangankan jalan BERAK AYAM aja ada manfaatnya apa lagi jalan goleti rondo pake jalan gawa mayat pake jalan beli motor pake jalan yang ga pake jalan ngomongin wong iku orak pake jalan,jangankan jalan berak ayam ada manfaat jalan goleti rondo pake jalan gawa mayat pake jalan beli motor pake jalan tidak pake jalan ngomongin orang iku orak pake jalan,2026-06-02 21:28:44,0,0,Negatif,99.85
Garuda,"Aku kok mumet ngrungokne omonganmu, mbulet",mumet ngrungokne omonganmu mbulet,2026-06-02 21:09:16,0,0,Negatif,99.7
Liechien Bye,Bagaikan langit dan bumi SMA kdm,langit bumi sma kdm,2026-06-02 21:04:28,0,0,Negatif,99.02
Fadly Wwmp Sukabumi,Kanyut siaahh,kanyut siaahh,2026-06-02 20:11:44,0,0,Negatif,99.74
Elan,Banyak ngeles,banyak ngeles,2026-06-02 19:49:26,0,0,Negatif,94.39
Radim Meja,Pkok jane sopo SG marai maune Kon pilih kui kayane karepe Dewe,pkok jane sopo sg marai maune kon pilih kui kayane karepe dewe,2026-06-02 18:41:24,0,0,Negatif,72.5
Hendi Mulyadi,Gubernur konyol inimh,gubernur konyol inimh,2026-06-02 17:10:49,0,0,Negatif,99.7
Supri Yanto,"Endi sing jar ngopeni, ngurusi",endi sing jar ngopeni ngurusi,2026-06-02 12:31:43,0,0,Netral,53.53
Gie Aza,ko bisa yg jdi pejabat,bisa pejabat,2026-06-02 12:00:51,0,0,Netral,96.65
Jota Keandra,Biasanya org sperti ini kalo nyapres 2029 langsung menang 97%,biasanya orang sperti kalo nyapres og langsung menang gt,2026-06-02 10:54:08,0,0,Netral,78.53
Dyan Herdiana,Lengserkan ae percuma,lengserkan ae percuma,2026-06-02 09:54:33,0,0,Negatif,99.48
Ipang Iyan,"Geblek, kalo memang ga ada manfaatnya daerah tersebut ga usah bayar pajak, inimah pajak d pungut tapi ga ada timbal baliknya kepada warga pengguna jalan tersebut, kan geblek",geblek kalo tidak ada manfaat daerah tidak bayar pajak inimah pajak pungut tidak ada timbal balik warga pengguna jalan kan geblek,2026-06-02 09:54:11,0,0,Negatif,99.81
Maruli Simanjuntak,Lutfi dangkal bangat cara berpikir anda 👎,lutfi dangkal bangat cara pikir jelek,2026-06-02 07:14:46,0,0,Negatif,99.86
Baong Oge Motekar,"Yg jls GK bisa nyalahin gubernur lah
Tapi masyarakat Jawa tengah mesti sadar
Klo gubernur nya GK bisa kerja & anda semua sudah salah pilih pimpinan",jls tidak bisa nyalahin gubernur masyarakat jawa tengah sadar gubernur tidak bisa kerja salah pilih pimpin,2026-06-02 06:48:41,0,0,Negatif,83.83
Adone Edi Hariez,"Ko bisa ya se elegan gitu jawaban nya,,,,,",bisa se elegan gitu jawab,2026-06-02 06:04:32,0,0,Netral,82.03
Bambang Widiantoro,𝘿𝙪𝙬𝙚 𝙂𝙪𝙗𝙚𝙧𝙣𝙪𝙧 𝙆𝙊𝙋𝙇𝘼𝙆 𝙔𝙊 𝙎𝙐𝙎𝘼𝙃....!!,ii,2026-06-03 09:00:32,0,0,Netral,74.1
Zaed,"Lah ngapain bayar pajak boss  kalo jalan warga nya engga penting sia gelo
 kan sama bayar pajak. Edan sugan😂",ngapain bayar pajak boss kalo jalan warga engga sia gelo kan bayar pajak edan sugan tertawa,2026-06-03 04:55:22,0,0,Negatif,99.28
Sa Di,Wih wong edan,wih orang edan,2026-06-03 02:47:25,0,0,Negatif,98.96
Jalebet Jalebet,Keplekkkk,keplekk,2026-06-02 20:43:17,0,0,Negatif,99.66
Sri Sulistyaningsih,Oalah due gubernur kok gobloke mintak Apun yg namanya jalan itu semua ada manfaatnya,oalah due gubernur gobloke mintak apun nama jalan ada manfaat,2026-06-02 19:46:45,0,0,Negatif,99.37
Michael Aprilia,Gebernur peko Yo ngono kui,gebernur peko ngono kui,2026-06-02 18:12:43,0,0,Negatif,98.16
Dimas Sapto,Bagus pak gub jangan kaya kdm bangun jalan gak pake apbd kamu harus pakai APBD  biar cepat hancur anggaran nya dan bisa menaikan pajak masyarakat....😂😂😂😂,bagus pak gub jangan kaya kdm bangun jalan tidak pake apbd pakai apbd biar cepat hancur anggaran bisa menaikan pajak masyarakat tertawa tertawa tertawa tertawa,2026-06-02 16:25:20,0,0,Negatif,97.1
MAngur Balap,"Cangkeme lutfi...jln kok ra pntg
Pengen mabor po kwe fii",cangkeme lutfi jln ra pntg pengen mabor po kwe fii,2026-06-02 15:00:06,0,0,Negatif,92.74
Wawan,Waduh parah ya...parah...parah...,waduh parah parah parah,2026-06-02 13:38:12,0,0,Negatif,99.71
Indry,pejabat geblek yo,pejabat geblek,2026-06-02 12:55:00,0,0,Negatif,99.61
Musicvlog Ruang,Anjing yg ngomong itu bangsat,anjing ngomong ajar,2026-06-02 11:49:40,0,0,Negatif,99.84
Ardhi Yono,Cocot doang gd lutfi2 pembangunannya ga ada yg beres gateli,mulut doang gd lutfi lutfi pembangunannya tidak ada beres gateli,2026-06-02 10:51:34,0,0,Negatif,99.85
Mahmud Putra,"Keakean cangkem .
Ngeles Mulu",keakean cangkem ngeles terus,2026-06-02 07:24:32,0,0,Negatif,99.5
Wawansetiawan,"Wah gu bernur kaya gini,tunggu lah kehancuran nya",gu bernur kaya gini tunggu hancur,2026-06-02 06:18:36,0,0,Negatif,99.84
Irwan Mulyanto,"Pantesan Indonesia nggak maju pejabatnya pola pikirnya kayak gini , busuk otaknya",pantesan indonesia tidak maju pejabatnya pola pikir kayak gini busuk otaknya,2026-06-02 05:31:27,0,0,Negatif,99.82
Aan Hidayat,Bisa bisa ya memilih lutfi ya,bisa bisa memilih lutfi,2026-06-02 05:28:38,0,0,Netral,99.88
Ahmad Kamalu,Anggaranya buatcapa pak ? Klo pajak kendaraan gak dipake jalan? Anda gak layak jadi gubernur pak..,anggaranya buatcapa pak pajak kendaraan tidak dipake jalan tidak layak gubernur pak,2026-06-03 11:23:39,0,0,Negatif,99.84
J Haeruman,Gunernurnya ora ngerti.,gunernurnya ora ngerti,2026-06-03 05:10:53,0,0,Negatif,99.15
Rizfa JA,Omongane pejabat g berpihak ke rakyat lambene lamis koyok mambu koyok ntot🤣,omongane pejabat berpihak rakyat lambene lamis koyok mambu koyok ntot tertawa terbahak,2026-06-02 22:14:33,0,0,Negatif,99.67
Hien Andri,Iku pejabat pie. Wong seng gawe jalan kui due masarakat. Udu due pribadi mu. Koplok koplok,iku pejabat pie orang seng jalan kui due masarakat udu due pribadi mu koplok koplok,2026-06-02 21:49:53,0,0,Negatif,99.52
Coy Pracoyo,Apesmen wong jateng,apesmen orang jateng,2026-06-02 21:47:25,0,0,Negatif,99.68
Mitoyo Mitoyo,"Dalam nguyuh pk seng mulus , blas ra kcekek",nguyuh pk seng mulus blas ra kcekek,2026-06-02 21:43:01,0,0,Negatif,96.7
Ardi Muharyadi Hasbulloh,Mantap ayey,mantap ayey,2026-06-02 21:20:25,0,0,Positif,99.73
Kuswanto Nasipan,"Dia bisa jadi jendral ,,karena lehernya lemes",bisa jendral lehernya lemes,2026-06-02 20:41:44,0,0,Negatif,99.73
Agus Winarso,Cor cocote luthfi,cor cocote luthfi,2026-06-02 20:08:58,0,0,Negatif,88.45
Dirly Majalengka,Eta pemikiran naon ajig Kitu patut,eta mikir naon ajig kitu patut,2026-06-02 19:54:30,0,0,Negatif,85.93
Agus Tata Materazzi,Saya dukung Pak Lutfi Jadi Gubernur Jateng Seumur Hidup. 😂😂😂,dukung pak lutfi gubernur jateng seumur hidup tertawa tertawa tertawa,2026-06-02 19:28:43,0,0,Positif,99.35
Supian,Patut d pertahan kn JD gubernur SE umur hidup,patut tahan kn jd gubernur se umur hidup,2026-06-02 19:23:46,0,0,Positif,55.08
Nano Bae,"𝙠𝙚𝙗𝙖𝙣𝙜𝙜𝙖𝙖𝙣 𝙤𝙧𝙖𝙣𝙜 𝙟𝙖𝙩𝙚𝙣𝙜 
𝙤𝙧𝙖𝙣𝙜 𝙟𝙖𝙗𝙖𝙧 𝙢𝙝 𝙩𝙞𝙣𝙜𝙜𝙖𝙡 𝙨𝙚𝙣𝙮𝙪𝙢 𝙨𝙖𝙟𝙖 𝙢𝙚𝙡𝙞𝙝𝙖𝙩 𝙣𝙮𝙖 ...",,2026-06-02 19:15:37,0,0,Netral,60.14
Indi Anto,Percuma bu kasih usulan klu gubernurnya polisi gak bisa.....,percuma bu kasih usulan klu gubernurnya polisi tidak bisa,2026-06-02 18:36:08,0,0,Negatif,99.55
Habib Rizkillah,"Gimana mau maju pariwisata"" daerahnya dll nya justru utamakan infrastrukturnya  orang bayar pajak kendaraan itu yaa di kerjakan untuk pemeliharaan jalan"" rusak kurang memadai  tidak berlubang lubang  gunanya bayar pajak  dan membukan jalan"" baru agar ekonomi maju",gimana maju pariwisata daerah utama infrastrukturnya orang bayar pajak kendaraan yaa kerja pemeliharaan jalan rusak ada tidak berlubang lubang guna bayar pajak membukan jalan ekonomi maju,2026-06-02 18:27:12,0,0,Negatif,99.79
Kang Idoy,Ojo bayar pajak ora ono manfaatnya🤭🤣🤣,ojo bayar pajak ora ono manfaat tertawa tertawa terbahak tertawa terbahak,2026-06-02 17:33:47,0,0,Negatif,99.15
Dikoy,Cari pempin itu pengusaha yg udh bener kaya jgn cari pempin yg masih butuh uang rakyat,cari pempin pengusaha udh bener kaya jgn cari pempin butuh uang rakyat,2026-06-02 16:40:03,0,0,Negatif,99.3
Sugi Yatno,"Lutfi asli jowo bukan lur.saya bukan warga Jawa Tengah tapi kok risi lihat tanggapan Gubernurnya, di kira rakyat itu bodoh semua,makanya kamu di protes itu jln utama bos baju coklat.kok ga ngewek Jan opo ora mumet duwe wong kok ora ngerti lur",lutfi asli jowo bukan lur bukan warga jawa tengah risi lihat tanggapan gubernurnya rakyat bodoh makanya protes jln utama bos baju coklat tidak ngewek jan opo ora mumet duwe orang ora ngerti lur,2026-06-02 16:25:53,0,0,Negatif,99.34
Antoni Anton,Sungguh terlaluuuu...... Pusing dengar pk Gub yg berbicara seperti ini😵‍💫😵‍💫,sungguh terlaluu pusing dengar pk gub bicara pusing pusing pusing pusing,2026-06-02 16:24:57,0,0,Negatif,99.54
Faysal Nana,Otak nya di kasih ke 🐔 ayam saja,otak kasih ayam ayam,2026-06-02 16:16:57,0,0,Negatif,99.45
Smsu Samsu,Untung bukan gubernur ku,untung bukan gubernur ku,2026-06-02 16:14:30,0,0,Positif,46.84
Golek Semar,Wes masyarakat ORA usah banyak cangkem turunkan lengserkan Bae,wes masyarakat ora banyak cangkem turun lengserkan,2026-06-02 16:06:32,0,0,Negatif,99.5
Apip Ahmad Apandi,Masa jalan ga manfaat!!!???,jalan tidak manfaatii,2026-06-02 15:03:00,0,0,Negatif,99.84
M Doell,"Berarti masarakat yang dilewati jalan itu bukan masarakat ya, sampe di pilih2 pembagunanya,,kacaw ni gubernur gomongya,",masarakat lewat jalan bukan masarakat sampe pilih pilih pembagunanya kacaw gubernur gomongya,2026-06-02 14:35:46,0,0,Negatif,99.81
Vinz Art Tatto,"Koyok ngene Yo mok pileh to ,",koyok ngene mok pileh to,2026-06-02 13:56:00,0,0,Negatif,95.41
Hidayat Deana,Gubernur setres,gubernur setres,2026-06-02 12:39:27,0,0,Netral,99.04
Gunawan Joy,Lha bisa jaa luh Lutfi nge'les nya kayak bajay👎👊😂😂😂,bisa jaa luh lutfi nge les kayak bajay jelek pukul tertawa tertawa tertawa,2026-06-02 12:35:00,0,0,Negatif,97.54
Daim Topan,Cah gemblung😂,cah gemblung tertawa,2026-06-02 11:25:52,0,0,Negatif,96.1
Hashirama,"Sya pernah menjadi fasilitator desa, prioritas yg slalu utama adalah jalan, Krn untuk memperlancar arus lalu lintas hasil bumi, jdi jelas tidak ada jln dibangun at diperbaiki TIDAK BERMANFAAT...",fasilitator prioritas slalu utama jalan memperlancar arus lalu lintas hasil bumi jelas tidak ada jln bangun at baik tidak manfaat,2026-06-02 11:17:24,0,0,Negatif,95.19
Ruhiyat,Ni pejabat pemikiran pondok,pejabat mikir pondok,2026-06-02 09:43:17,0,0,Negatif,96.57
Emen Sulaeman,Semua jln ada mnpaatny kecuali air. Deras takut ke seret,jln ada mnpaatny kecuali air deras takut seret,2026-06-02 09:19:37,0,0,Negatif,99.51
Rasno Kelip,Mudur aja ga usah jadi gubernur ga guna,mudur tidak gubernur tidak,2026-06-02 07:27:01,0,0,Negatif,99.16
Incu Abah,Aneh jalan ke kuburan aja ada manfaat yah apa lagi buwat umum,aneh jalan kuburan ada manfaat yah buwat,2026-06-02 06:52:48,0,0,Negatif,99.42
Kikih Iri Pirninti,Polisi ... Tau kan polisi ...,polisi tau kan polisi,2026-06-02 05:57:32,0,0,Netral,48.21
Edi Beton,gubernur tai,gubernur tai,2026-06-03 11:13:01,0,0,Negatif,99.6
Dio Afriyudin,Hadeuh doungo ne,hadeuh doungo ne,2026-06-03 10:23:59,0,0,Negatif,97.46
Mas Zoe,Tertipu x semuah SMA janji manis s rampok lutfi,tertipu semuah sma janji manis rampok lutfi,2026-06-03 05:33:52,0,0,Negatif,99.46
Dede Hermansyah,Kdm isthebeeessst,kdm isthebeesst,2026-06-03 03:38:34,0,0,Negatif,57.65
Gubrag Gabrug,Apes bgt ya jateng dapet pemimpin,apes banget jateng dapet pemimpin,2026-06-03 02:23:35,0,0,Negatif,95.94
Prangky Jangky,Teori,teori,2026-06-02 22:42:19,0,0,Netral,77.62
Om Baguz,Jelas beda kelas atuh .tolong jgan d bandingin Gub Jabar ma Jateng. Kasian  malah akan trlihat banget prbedaan  pola pikir para Beliau.. semangat terus Pak Lutfi .,jelas beda kelas atuh tolong jgan bandingin gub jabar ma jateng kasian trlihat banget prbedaan pola pikir beliau semangat terus pak lutfi,2026-06-02 22:30:12,0,0,Negatif,99.08
Tj Ananda Soehardisalam,"Kok dengernya kaya gak pernah banyak literasi gitu
Berasa lihat karbitan 😄😄",dengernya kaya tidak banyak literasi gitu berasa lihat karbitan bahagia bahagia,2026-06-02 21:59:16,0,0,Negatif,98.01
BoeBike,"Koplak , atasan taunya dari mn klw bkn dari bawah  orang atasan gk pernah main kebawah",lucu atasan taunya mn klw bkn orang atasan tidak main kebawah,2026-06-02 21:35:01,0,0,Negatif,98.86
Moch Supri Andi,Yang penting pas pemlihan ngasih duit bro...klou urusan pembangunan bodo amat..suara di bayar bukan di pilih buat harapan hidup rakayat jadi layak untuk menjadi budak bukan tuan.,pas pemlihan memberi uang bro klou urus pembangunan bodo suara bayar bukan pilih harap hidup rakayat layak budak bukan tuan,2026-06-02 21:22:06,0,0,Negatif,99.67
Eman Servus,Gubernur kok pemikirannya gini😃,gubernur pemikirannya gini gembira,2026-06-02 21:19:52,0,0,Positif,85.06
Ajidanu,"Hallo gaesss 
Adakah jalan menujjuu roma gaes 🤪🤣",hallo gaess ada jalan menujjuu roma gaes tertawa terbahak,2026-06-02 21:00:57,0,0,Positif,99.45
Abdul Karim,Denger tuh gubernur walikota Pandeglang,denger gubernur walikota pandeglang,2026-06-02 20:59:13,0,0,Netral,77.14
Usep Sobar,"Duh NU kieu dipilih jdi gubernur,oon kacida",duh nu kieu pilih gubernur oon kacida,2026-06-02 20:56:15,0,0,Negatif,99.69
Pakde Di,Koclok,koclok,2026-06-02 20:56:03,0,0,Negatif,96.73
Buluk Pribadi,Gubernur pekok,gubernur pekok,2026-06-02 20:55:05,0,0,Negatif,99.23
Purwanto Sotang,"Sy orang Jawa Tengah,ngak tau itu siapa",orang jawa tengah ngak tau,2026-06-02 20:50:03,0,0,Netral,82.43
Armanz Zebua,"Gubernur terbodoh saya kira.jmput pke ambulan bwa ke,,,,😀😀😀",gubernur terbodoh jmput pke ambulan bwa senang senang senang,2026-06-02 20:14:22,0,0,Negatif,98.68
Yus Sup,"Ga ada yg bener, dulu ketika mau maju mohon-mohon sama rakyat",tidak ada bener maju mohon mohon rakyat,2026-06-02 19:58:22,0,0,Negatif,99.43
Adhi Nugroho,Karang gubernur karbitan kok,karang gubernur karbitan,2026-06-02 19:42:54,0,0,Netral,94.88
Madi Sabar,Gubernur onyon onyon susah nggak bisa kerja onyon onyon,gubernur onyon onyon susah tidak bisa kerja onyon onyon,2026-06-02 19:30:34,0,0,Negatif,99.31
Mang Bohay,Nikmati lah pilihannya,nikmati pilihannya,2026-06-02 19:12:27,0,0,Netral,99.04
Arkan Lekjhon,Pecat aja geburnur kaya gitu mah masa jalan di sebut gak ada manfaat nya,pecat geburnur kaya gitu mah jalan sebut tidak ada manfaat,2026-06-02 18:25:30,0,0,Negatif,99.79
Hafidz Al Jannah,"Berfikirnya belat belit gaysss..

Liat KDM jalan di tengah hutan aja di mulusin,mau ada yang lewat mau engga yang jelas KDM sudah membuktikan kecintaannya kepada warga.",berfikirnya belat belit gayss liat kdm jalan tengah hutan mulusin ada engga jelas kdm bukti kecintaannya warga,2026-06-02 18:04:24,0,0,Negatif,99.82
Aris Abu Rendy Akhyar,Klo gk ada manfaatnya buat apa di perrtahankan,tidak ada manfaat perrtahankan,2026-06-02 18:01:22,0,0,Negatif,99.29
Basrul Alan,Anak ma banteng lgi minta susu segar,anak ma banteng minta susu segar,2026-06-02 17:58:50,0,0,Negatif,98.94
Om Edo,"pasti yg dulu milih sekarang lagi ketawa""🤭🤭🤭",milih ketawa tertawa tertawa tertawa,2026-06-02 17:51:18,0,0,Positif,95.75
Jejen Andie Pratama Mulia,Makanya kalo ngomong jangan di panggung pa turun kali kali,makanya kalo ngomong jangan panggung pa turun kali kali,2026-06-02 17:39:05,0,0,Netral,54.4
Dar To,Kakeen cangkem lutfi😂😂,kakeen cangkem lutfi tertawa tertawa,2026-06-02 17:23:34,0,0,Positif,96.67
Icang Icang,Ini wakil Bupatinya udah Betul....melapor kan jalan Rusak untuk minta di perbaiki......TPI gubenurnya ngk ngerti.....,wakil bupatinya lapor kan jalan rusak minta baik tpi gubenurnya tidak ngerti,2026-06-02 17:11:36,0,0,Negatif,99.55
Suhee Dirgantara,Beda jauh sma bapa aink mah 🤣,beda sma bapa aink mah tertawa terbahak,2026-06-02 16:18:07,0,0,Negatif,99.51
Giyarto Giman Patmo,WIS GANTI AE LAH PUSING OMONGANE LUFFY GUB GAK BERPIHAK KE RAKYAT,wis ganti ae pusing omongane luffy gub tidak berpihak rakyat,2026-06-02 15:40:32,0,0,Negatif,99.73
Erpan Revolted Toworship,"Kata siapa jln ga ada mangpaat ny,aduh mgawur ni gub gub",kata jln tidak ada mangpaat ny aduh mgawur gub gub,2026-06-02 15:13:15,0,0,Negatif,99.21
Muhamad Nouval Aprian Pratama,Semua jalan pasti ada guna nya pak gub,jalan ada pak gub,2026-06-02 15:07:44,0,0,Netral,99.58
Wahyu Wahyu,"Gini aja kita gak usah bayar pajak kalau jln nya gak di benahi,,,buat apa bayar pajak kalau cuma buat gajih orang orang tolol",gini tidak bayar pajak jln tidak benahi bayar pajak gajih orang orang bodoh,2026-06-02 15:01:25,0,0,Negatif,99.85
Neng Aliyaa,Wkekekwkwkwk Aneh bin ajaib yg satu ini,wkekekwkwkwk aneh bin ajaib,2026-06-02 14:24:36,0,0,Negatif,97.56
Bang Aldi,hadeeeuh dia bilng  kok jln g ada manpat nya  gimana pemikiran nya sih,hadeeuh bilng jln ada manpat gimana mikir,2026-06-02 14:18:00,0,0,Negatif,91.88
Omenn Yezz,"nganggap bodoh sama masyarakat,",nganggap bodoh masyarakat,2026-06-02 14:15:55,0,0,Negatif,99.81
Vie Chimamahmuda,gamau nyenengin rakyatnya 😌,gamau nyenengin rakyatnya tenang,2026-06-02 13:40:42,0,0,Negatif,95.35
Enzo Maliq AlRizky,Alhamdulillah jabar gubernurnya KDM. Nikmati aja pilihan kalian rakyat jateng 😁😁😁,alhamdulillah jabar gubernurnya kdm nikmati pilih kali rakyat jateng senang kali senang kali senang kali,2026-06-02 13:29:35,0,0,Positif,99.83
Leo Har Di,Udah tau gubernur bodoh ko jdi gubernur yg sdlah yg nyoloknya lah. Iming2 uang bgtu tuh jdinys,tau gubernur bodoh gubernur sdlah nyoloknya iming iming uang jdinys,2026-06-02 12:49:01,0,0,Negatif,99.8
Ade Vespa,"Wahh kelamaan nunggu habis jabatan mah, ini mah hrs segera d nepalkan kalo gubernur pemikiran nya koyo ngono mah",wahh kelamaan nunggu habis jabat mah mah segera nepalkan kalo gubernur mikir koyo ngono mah,2026-06-02 12:36:53,0,0,Negatif,99.41
Sangu Poe,Lewat jauh jeng jng gubernur aing mah🤣🤣🤣,jeng jng gubernur mah tertawa terbahak tertawa terbahak tertawa terbahak,2026-06-02 12:32:08,0,0,Negatif,98.3
Sahit Prio Jatmiko,Nepalkan lutvi,nepalkan lutvi,2026-06-02 12:07:10,0,0,Negatif,99.59
M Aji,kalo jadi grup penur etungan2 jangan jadi grup penur,kalo grup penur etungan etungan jangan grup penur,2026-06-02 12:05:56,0,0,Negatif,73.61
Syehedo Wati,"Klu KDM gk perlu rapat,gercep,gak kebanyakan ngomong,ky lutfi",klu kdm tidak rapat gercep gak banyak ngomong ky lutfi,2026-06-02 11:31:06,0,0,Positif,96.97
Maman Maman,Gubernur Ableh Ableh Ableh,gubernur ableh ableh ableh,2026-06-02 11:28:53,0,0,Netral,99.07
Attalla Prayoga,Pemerintah GK betol,pemerintah tidak betol,2026-06-02 11:01:56,0,0,Negatif,99.82
Rizki Iki,Pa gubernur gebleg...,pa gubernur gebleg,2026-06-02 11:00:59,0,0,Negatif,99.69
S Dariiuz,Periksa izajah nya ngomong nya ngaco,periksa izajah ngomong ngaco,2026-06-02 10:59:35,0,0,Negatif,99.76
Gabel,Assuuu tenan..ceunah ceuk orang jawa mah..😂😂😂😂,assuu tenan ceunah ceuk orang jawa mah tertawa tertawa tertawa tertawa,2026-06-02 10:55:59,0,0,Positif,89.04
Hendro Sukirno,Maklumlah gubernurnya mantan Polisi...,maklumlah gubernurnya mantan polisi,2026-06-02 10:50:03,0,0,Netral,50.01
Agus Sutiawan,Hebat ni bapa,hebat bapa,2026-06-02 10:25:46,0,0,Positif,99.39
Cikman,"Kok jalan gk ada manpaatnya, jadi jalan itu buat apa",jalan tidak ada manpaatnya jalan,2026-06-02 10:20:28,0,0,Negatif,97.09
Dimas Bagas,"Ya alloh gubernurnya koplak bet ya, bilang jalan gk ada manfaatnya, hedeuh aya lieuran",alloh gubernurnya lucu bet bilang jalan tidak ada manfaat hedeuh aya lieuran,2026-06-02 09:32:24,0,0,Negatif,99.78
Sandi Di,Ternyata  jalan itu ada yg penting dan tidak penting.. Baru kli ini aku tau,ternyata jalan ada tidak kli tau,2026-06-02 09:02:07,0,0,Netral,98.54
Maz Karebetz,Itu anjing berdasi....,anjing berdasi,2026-06-02 08:44:37,0,0,Negatif,99.38
嵐スが 嵐スが,"Luaaaaaaaarrrrrr biasa sekali pemikirannya, patut dijadikan bahan desertsi untuk gelar doktor..........",luaarr kali pemikirannya patut jadi bahan desertsi gelar doktor,2026-06-02 08:35:16,0,0,Negatif,53.22
Than Die,"Yang ada di benak nya gubernur Lutfi... masyarakat semuanya bego...
Aneh pemimpin punya cara berfikir ko begitu amat yah",ada benak gubernur lutfi masyarakat semuanya bego aneh pemimpin punya cara berfikir yah,2026-06-02 07:18:44,0,0,Negatif,99.62
Sriyono Mas Be,Wes alumni werng coklat wes percoyo aku,wes alumni werng coklat wes percoyo,2026-06-02 07:15:36,0,0,Negatif,83.3
Shapu Dhalan,Boikot pajak,boikot pajak,2026-06-02 06:55:32,0,0,Negatif,96.35
Nana Ramana Putrana,Gubernur tidak ada manfaatnya,gubernur tidak ada manfaat,2026-06-02 06:50:51,0,0,Negatif,99.66
Dadan Danii,"Pecat omongannya juga gk msuk akal masa di pertahankan,, ujung2nya korupsi",pecat omongannya tidak msuk akal tahan ujungnya korupsi,2026-06-02 06:32:02,0,0,Negatif,99.79
Simponi Oni,Omon omon trusssss,omon omon truss,2026-06-02 06:29:00,0,0,Negatif,91.02
Rusmadi,Cocote,cocote,2026-06-02 06:17:51,0,0,Negatif,98.32
Hin Hindt,DAGOR GUBENUR KITU MAH,dagor gubenur kitu mah,2026-06-02 06:00:56,0,0,Negatif,97.28
Luqmanul Hakim,Ora ngerti isin dalane,ora ngerti isin dalane,2026-06-02 04:56:39,0,0,Negatif,98.83
Bilqis Aulia Azahra,Gubernur semprul,gubernur semprul,2026-06-03 08:43:29,0,0,Negatif,56.97
Mamik Sriyanto,Gubernur ora nggenah,gubernur ora nggenah,2026-06-02 19:58:24,0,0,Negatif,99.4
Gibran Listanto,Rakyat Jateng pasti nyesel pilih orang ini,rakyat jateng nyesel pilih orang,2026-06-02 19:47:58,0,0,Negatif,98.33
Suko Dowey Winarto,Boss di Cepu itu ada migas Ama Pertamina ada obyek wisata bleduk Kuwu itu semua nggak berharga Dimata bapak gubernur,boss cepu ada migas ama pertamina ada obyek wisata bleduk kuwu tidak harga mata bapak gubernur,2026-06-02 19:16:47,0,0,Negatif,98.68
M Panji Al Zauhari,Le awae dewe,le awae dewe,2026-06-02 18:26:49,0,0,Netral,97.76
Eha Zulaiha,Kdm hebat luar biasa,kdm hebat,2026-06-02 18:15:18,0,0,Negatif,57.46
Rafael Timo,Kok bisa orang giblog kayak gini jadi pejabat,bisa orang giblog kayak gini pejabat,2026-06-02 15:53:15,0,0,Negatif,99.76
Si DoEng Qither,Suruh skolah dulu Sono se Lutfi sama KDM biar otaknya waras,suruh skolah sono se lutfi kdm biar otaknya waras,2026-06-02 15:30:02,0,0,Negatif,98.14
Andyka Putrach,"kau bacot saja
slah pilih kau rupanya",kau banyak bicara slah pilih kau rupanya,2026-06-02 14:08:38,0,0,Negatif,99.46
Nikymat,Ke akean teori gubernur ko omongane koyo ngono beda jauh sama kang dedi bapak aing,akean teori gubernur omongane koyo ngono beda kang dedi bapak,2026-06-02 12:55:31,0,0,Negatif,99.34
Pipih Sopian,"Ngomong doamg Luh.
Lufi.. itu duit rakyat banyak omon Luh. Bangun aje bekal rakyat.
Duit masuk ke kantong luh",ngomong doamg luh lufi uang rakyat banyak omon luh bangun aje bekal rakyat uang masuk kantong luh,2026-06-02 11:43:49,0,0,Negatif,98.84
Mardius,Kalau jalannya lancar dan bagus mesti ekonomi lancar dan dagus,jalan lancar bagus ekonomi lancar dagus,2026-06-02 08:38:24,0,0,Positif,93.08
Nabila,"Alah PK, jalan kabupaten aja, cumn d tambal",alah pk jalan kabupaten cumn tambal,2026-06-02 08:07:36,0,0,Negatif,99.45
Ruri SyVixi Black,"Wakkkk si gubernurku lagi ngelawak apes apes tenan,,,ningendi ngendi jenenge dalan yo ono manfaate dasar lutfi oon,,, berbanding terbalik sama KDM,,, saya orang kebumen tapi bangga dengan gubernur  Kang Dedi Mulyadi  karena saya sekarang tingal di jabar dan pembangunan jabar bener"" istimewa.",wakk si gubernurku ngelawak apes apes tenan ningendi ngendi jenenge dalan ono manfaate dasar lutfi oon berbanding balik kdm orang kebumen bangga gubernur kang dedi mulyadi tingal jabar pembangunan jabar bener istimewa,2026-06-02 07:18:12,0,0,Negatif,98.65
Ijoet Nurjaman Nurjaman,Bego dia mh oon tolol gebrnur nya  dasar wong edan,bego mh oon bodoh gebrnur dasar orang edan,2026-06-02 07:15:59,0,0,Negatif,99.82
Gilang Fajar,teru pungsi nya jadi gub apa😂 kalo ga mau ruwet udah mundur ajah. sibuk ngonten ajah bro🤣,teru pungsi gub tertawa kalo tidak ruwet mundur ajah sibuk ngonten ajah teman tertawa terbahak,2026-06-02 21:59:08,0,0,Negatif,97.77
Arman Poetra Panawal,Kalah jauhhhh sama Bapak Aing mah sama2 gubernur...!!! Lanjutkan pak,kalah jauhh bapak mah gubernur ii lanjutkan pak,2026-06-02 09:56:28,0,0,Positif,92.85
Ana Ana,"Koplak takut mengeluarkan dana APBD
Mending dikorup ja buat pribadi",lucu takut mengeluarkan dana apbd dikorup ja pribadi,2026-06-02 06:04:17,0,0,Negatif,99.83
Hen Ri,Duit e pajak meh kanggo opo😂,uang pajak meh kanggo opo tertawa,2026-06-02 22:22:39,0,0,Negatif,98.25
Agus Iday Pahrudin,Wong edaaan masa gak ada manfaatnya dasar kucluk,orang edaan tidak ada manfaat dasar kucluk,2026-06-02 22:08:47,0,0,Negatif,99.86
Boner Komic,🤣🤣🤣gurug aja jln nya kalau ga ada manfaat nya,tertawa terbahak tertawa terbahak tertawa terbahak gurug jln tidak ada manfaat,2026-06-03 13:52:39,0,0,Negatif,99.76
Ebeg Ebeg,Kalau di bikin jalan ga ada pemasukan mungkin😂,buat jalan tidak ada masuk tertawa,2026-06-03 05:31:27,0,0,Negatif,98.4
Dodeng,"Yg sabara ia buat warga Jateng punya gubernurnya baik banget. Hahahaha. 
Semoga kebodohan dan ketololannya cukup dia sendiri saja.",sabara warga jateng punya gubernurnya banget hahahaha semoga kebodohan ketololannya,2026-06-02 21:17:05,0,0,Positif,52.69
Rayna Zayyin Umaiza,Loba bacot,loba banyak bicara,2026-06-02 21:03:04,0,0,Netral,67.87
Mang Agus Sopyan,Kaken cangkem koe fiiii klutfi,kaken cangkem koe fii klutfi,2026-06-02 20:58:07,0,0,Negatif,82.68
Agus Susanto,gubenur goblog,gubenur goblog,2026-06-02 20:49:43,0,0,Negatif,99.34
Mas Servis,Katanya orang nomer 1 di Jateng tapi masih goblok,kata orang nomer i jateng bodoh,2026-06-02 20:09:13,0,0,Negatif,98.69
Kapet Bae,Sing bermanfaat kui dalan anak sing enak maksude Dean.,sing manfaat kui dalan anak sing enak maksude dean,2026-06-02 19:08:53,0,0,Negatif,85.78
Radhen Mas Lasio,"Stop bayar pajak langsung, bayar di kelurahan masing2 dan bangun sendiri2 itu solusinya",stop bayar pajak langsung bayar kelurahan bangun solusinya,2026-06-02 18:14:16,0,0,Negatif,94.62
Rahman Azid,"Ini siapa sih yg milih , jujur nanya🗿",milih jujur nanya,2026-06-02 17:58:57,0,0,Netral,99.45
Ompong P,Ojo pileh neh,ojo pileh neh,2026-06-02 16:55:33,0,0,Negatif,70.3
Sanjung,Bapa aing KDM ketawa liat ini pastinya,bapa kdm ketawa liat pasti,2026-06-02 13:26:47,0,0,Positif,95.46
Indra Dwiguna Jh,"buuuuu,,,,ngobrolnya sama pak KDM aja,,,,pasti didenger,,,!!",buu ngobrolnya pak kdm didenger ii,2026-06-02 13:16:24,0,0,Netral,84.37
Edane Edane X,Ripuh siti,ripuh siti,2026-06-02 08:55:56,0,0,Negatif,99.75
Obrezz Gombres,Mobil dinas baru gak berasa pagub kalo lewat jalan jelek/berlobang sekalipun 😁🙃,mobil dinas tidak berasa pagub kalo jalan jelek berlobang senang kali,2026-06-02 07:34:32,0,0,Positif,90.19
Kevin Putra,Luvi yng ngg  penting ngapa dulu dipilih,luvi yng ngg ngapa pilih,2026-06-02 07:15:00,0,0,Positif,99.49
Bayu Adjie,"itu pajak dari kabupaten blora msk nya kmna pak? 
aneh ini gubernur pemikiran nya kaya gini😀😀😀.....lucu lucuuuuuu.
  dan lbh aneh itu orang"" yg memilih dia hahaaaaasuuuuuu",pajak kabupaten blora msk kmna pak aneh gubernur mikir kaya gini senang senang senang lucu lucuu lbh aneh orang memilih hahaasuu,2026-06-02 16:54:37,0,0,Negatif,99.17
Kapi Dang Dung,"Gubernur ga bcus kerja,mlh nyinyirin kdm",gubernur tidak bcus kerja mlh nyinyirin kdm,2026-06-02 14:57:35,0,0,Negatif,98.82
Ra Gil,Org pinter kali jawabannya.padahal nol besar kau.Gubenur ecek2...pantas jd Gubenur dikonoha...👎👎👎,orang pinter kali jawabannya nol kau gubenur ecek ecek pantas jd gubenur dikonoha jelek jelek jelek,2026-06-02 09:44:37,0,0,Negatif,99.84
Kenoy Box Kir,LU ITU TOLOL APA KELEWAT PINTER PEJABATT...ANEHHH,bodoh lewat pinter pejabatt anehh,2026-06-02 13:45:59,0,0,Negatif,99.74
Deny Yanwar,Gubernur kitu di pilih,gubernur kitu pilih,2026-06-02 20:24:12,0,0,Negatif,85.6
Mega Kacamata Bali,Manusia gini ko jadi gebenur pekooook ....pekooook,manusia gini gebenur pekook pekook,2026-06-02 09:24:54,0,0,Negatif,99.83
Ahmad Yahya,Jauh sm KDM,sm kdm,2026-06-03 07:06:22,0,0,Netral,75.3
Epunk Gunawan,gubernur pekok,gubernur pekok,2026-06-02 21:29:28,0,0,Negatif,99.23
Dan Qadal,"Gubernur jawa tengah wajib 5 peeiode,,,",gubernur jawa tengah wajib peeiode,2026-06-02 21:14:35,0,0,Netral,99.59
Fandy Partydork,Wuh gubernur ke banyakan teori tong kosong nyaring bunyinya.itinya dia gamau rugi uangnya buat bangun jalan hahah parah bener,wuh gubernur banyakan teori tong kosong nyaring bunyinya itinya gamau rugi uangnya bangun jalan hahah parah bener,2026-06-02 19:47:49,0,0,Negatif,99.76
Pagoda Arul,"Bilang aja kl tidak mampu gk usah muter """,bilang tidak tidak muter,2026-06-02 19:24:32,0,0,Netral,61.19
Pardian Iwan,"Gubernur anda itu lebih memikirkan untuk menjabat lagi,bukan soal bangun atau memajukan masyarakat ny,itulah......anda tahu sendiri itu mantan apa,gimana menurut anda",gubernur memikirkan jabat bukan soal bangun memajukan masyarakat ny itulah tahu mantan gimana,2026-06-02 19:13:11,0,0,Negatif,98.84
Erik Ranau Erik,"Gubernur goblok ,jalan yg jelas mapatlah buat masarakat",gubernur bodoh jalan jelas mapatlah masarakat,2026-06-02 19:00:09,0,0,Negatif,99.66
Beng Ben,guber ur di otak nya cuan yng dipikirkan,guber ur otak cuan yng pikir,2026-06-02 18:37:29,0,0,Negatif,71.69
Bappa Rijki,Kalau jln untuk korupsi memang ga ada manfaatnya pak ...kalau jalan untuk kemajuan ya  bermanfaat doro Kakung🙏,jln korupsi tidak ada manfaat pak jalan maju manfaat doro kakung mohon,2026-06-02 18:10:05,0,0,Negatif,99.58
Rajo Langit,"Mending beli mobil biarin rakyat ,nepslin kamu",beli mobil biarin rakyat nepslin,2026-06-02 17:57:27,0,0,Negatif,99.67
Pati Nyawa,"gubernur picek matane,nek ora enek manfaateki??",gubernur picek matane nek ora enek manfaateki,2026-06-02 17:51:33,0,0,Negatif,99.63
Budi Man,LUTHFI GHENDHENG,luthfi ghendheng,2026-06-02 17:20:22,0,0,Netral,91.24
Jhon Kiss,Aku ndukung nek lengser cara paksa,ndukung nek lengser cara paksa,2026-06-02 16:55:19,0,0,Negatif,99.21
Herdiawanto Iwan Akew,Gubernur ini klu nyalon LG jgn dipilih,gubernur klu nyalon lg jgn pilih,2026-06-02 16:52:14,0,0,Netral,74.27
Rendi Rian,ya kalau gak mau bangun jalan ya masyarakat gak mau bayar pajak,tidak bangun jalan masyarakat tidak bayar pajak,2026-06-02 16:52:11,0,0,Negatif,99.66
Danu Frz,gebenur  jateng cukup 1 priode ada😂😂😂,gebenur jateng i priode ada tertawa tertawa tertawa,2026-06-02 16:44:19,0,0,Netral,91.34
Mas Inoe,Miris,miris,2026-06-02 16:21:33,0,0,Negatif,99.8
Andreas Mulyono,Angaplah  gubenur Jateng koplak😂😂,angaplah gubenur jateng lucu tertawa tertawa,2026-06-02 16:10:37,0,0,Positif,99.47
Wendra Putra Rafsanzani,Setau saya pak yg nama nya jalan  mau yg di mana saja. Semu nya ada manfaat nya.,setau pak nama jalan mana semu ada manfaat,2026-06-02 15:19:21,0,0,Netral,99.05
Amat Cadas,KNPA g di lengser kan saja gub Kya gitu  kna rakyat Jateng ny PDA diem sja,knpa lengser kan gub kya gitu kna rakyat jateng ny pda diem sja,2026-06-02 12:48:39,0,0,Negatif,99.61
Cusnul Cotimah,Ini gubernur oon BANGET...,gubernur oon banget,2026-06-02 10:35:57,0,0,Negatif,99.49
Muhammad Nurohman,"Ngebleng otak gua bro😩, susah nyimak🤒🤒🤒",ngebleng otak gua teman lelah susah nyimak,2026-06-02 10:03:43,0,0,Negatif,99.83
Gio Alvaro,Memang wagup longor,wagup longor,2026-06-02 09:29:37,0,0,Negatif,99.72
Mbah Jamrong,Maning nempo mama gupronn,maning nempo mama gupronn,2026-06-02 08:17:42,0,0,Negatif,74.37
Sukma Sajati Sajati,Nu nyebut jalan ga ada manfaatnya jelema lieur🤣,nu nyebut jalan tidak ada manfaat jelema lieur tertawa terbahak,2026-06-02 06:46:56,0,0,Negatif,98.65
Deon Deon,"Aya gubernur model kieu,wkwkwkwkk",aya gubernur model kieu wkwkwkwkk,2026-06-02 06:46:51,0,0,Negatif,95.78
Heri Baja,"Orang tolol,mungkin dia.kmana,,lewat atas,terbang",orang tolol kmana terbang,2026-06-02 06:17:14,0,0,Negatif,99.58
Maya Putri,Waduh rusak ini gubernur nya,waduh rusak gubernur,2026-06-02 22:36:44,0,0,Negatif,99.79
Zhoy Barlex,minimal cari solusi biar jalan itu terealisasi..bukan ga ada manfaatnya,minimal cari solusi biar jalan terealisasi bukan tidak ada manfaat,2026-06-02 20:47:49,0,0,Negatif,65.4
Sueng,Ngeriii pokoke,ngerii pokoke,2026-06-02 20:19:56,0,0,Negatif,99.49
Por You Gitu,Bacoott,bacoott,2026-06-02 20:13:38,0,0,Negatif,99.33
Tomason Jhon,Banyak omong,banyak omong,2026-06-02 19:07:54,0,0,Negatif,96.25
Nata Riana,Banyak kerja bpk ini,banyak kerja bpk,2026-06-02 18:33:41,0,0,Positif,99.26
Rudi Harmawan,Halah pejabat mencla mencle.  Hidup dari pajak.  Juga. Itu cuman mengelola.     Aja ko repot.  KLO.  Cukup bangun kalo.  Ga cukup tunggu taun dpan,halah pejabat mencla mencle hidup pajak cuman mengelola repot klo bangun kalo tidak tunggu taun dpan,2026-06-02 18:22:06,0,0,Negatif,99.79
AndyCo,"Kalau jalan bagus plus spot pemandangan bagus, otomatis akan jadi rest area. Apabila jualan disitu pasti laku. Ekonomi akan berjalan membaik dengan sendirinya.",jalan bagus plus spot pemandangan bagus otomatis rest area jual disitu laku ekonomi jalan baik sendiri,2026-06-02 12:50:39,0,0,Positif,99.21
Pepen Pen,Pejabat yg kayak gini ngak peduli dengan pembanguna dan hak guna masyarakat d copot aja ngak ada guna nih contoh yg suka ngabisin anggaran ini mah....,pejabat kayak gini tidak peduli pembanguna hak masyarakat copot tidak ada contoh suka ngabisin anggaran mah,2026-06-02 11:53:25,0,0,Negatif,99.82
Peter Kepet,"Pajak kendaraan buat jalan,trus pajak bumi dan bangunan untuk apa,trus semua yg kita beli juga ad pajaknya...",pajak kendaraan jalan trus pajak bumi bangun trus beli ad pajaknya,2026-06-02 10:53:48,0,0,Negatif,99.17
Oplin Cilok,Gubernur bacot🤣🤣,gubernur banyak bicara tertawa terbahak tertawa terbahak,2026-06-02 10:03:03,0,0,Negatif,96.95
Raden Supriadi,Ini klo rakyat salah pilih,rakyat salah pilih,2026-06-02 07:43:23,0,0,Negatif,96.59
Alpi Alpi,"Waduh belajar ngonten lu ,belajar dulu ke kdm",waduh belajar ngonten belajar kdm,2026-06-02 06:44:59,0,0,Netral,86.91
Untung Suropati,Gur arep di korup,gur arep korup,2026-06-02 05:05:57,0,0,Negatif,98.31
NaNda Permana,Hallo gaes 😆,hallo gaes tertawa,2026-06-02 18:54:59,0,0,Positif,90.92
Abrenk Serdadu,Gubernur gak jelas,gubernur tidak jelas,2026-06-03 04:51:53,0,0,Negatif,98.57
Jamal Out Sider,"Coba sih yg tau akun media sosial gubernur Jawa Tengah,, gua minta",coba tau akun dia sosial gubernur jawa tengah gua minta,2026-06-02 23:03:06,0,0,Netral,98.56
Rudi Prengky,Wong edan jln ga ada manfaat .ya Mendi g uang nya masuk kantong,orang edan jln tidak ada manfaat mendi uang masuk kantong,2026-06-02 22:50:26,0,0,Negatif,99.84
Slamet Met,Gubernur asu,gubernur asu,2026-06-02 21:57:31,0,0,Negatif,99.64
Paul Sunjaya,Dikasih gubernur Andhika-Hendi malah milih kyk gini salah sendiri....rasain loohh...😂😂😂,kasih gubernur andhika hendi milih kyk gini salah rasain loohh tertawa tertawa tertawa,2026-06-02 21:44:01,0,0,Positif,99.46
Kamma Malla,turun kan segera,turun kan segera,2026-06-02 21:24:37,0,0,Negatif,96.64
Yudi Aditia Sena,Ouh jadi di pilih2 klo bangun jalan..,ouh pilih pilih bangun jalan,2026-06-02 20:29:54,0,0,Netral,52.44
Iwan Ciwonk,Wkwkwkwk lelucon macam apa ini konoha 😂,wkwkwkwk lelucon konoha tertawa,2026-06-02 20:27:57,0,0,Negatif,89.84
Suhendar Hendry,mulut korupsi,mulut korupsi,2026-06-02 19:58:07,0,0,Negatif,99.73
Kevin Wijaya,"Gubernur tolol gubernur goblok 
Ga pantes loe jadi gubernur",gubernur bodoh gubernur bodoh tidak pantes gubernur,2026-06-02 19:50:09,0,0,Negatif,99.74
Mely Harefa Bersama Gea,"Si ibuk lama banget paham nya,,, ini buk saya bantu maksud Bapak itu,, klw mau jlan mulus Bagus masyarakat bangun sendiri jln desa mu😂",si ibuk banget paham buk bantu maksud bapak klw jlan mulus bagus masyarakat bangun jln mu tertawa,2026-06-02 19:32:55,0,0,Positif,99.51
Jamjuri Jam,Lahhhh kga becus,lahh kga becus,2026-06-02 19:23:54,0,0,Negatif,99.37
Zam'mohammed Amrie,Bertele2 anyingg😂😂,bertele bertele anyingg tertawa tertawa,2026-06-02 18:39:28,0,0,Negatif,78.84
Robert Andreas,Kagak maen,tidak maen,2026-06-02 16:38:22,0,0,Positif,85.93
Lophez Mmas Batsya,Ngomong trus terang AE Kurang wareggg lih madogkk ..,ngomong trus terang ae waregg lih madogkk,2026-06-02 16:13:42,0,0,Negatif,99.62
Syarif Hidayat,Anehkobisajadigubernuro.o gnya banget,anehkobisajadigubernuro gnya banget,2026-06-02 16:11:43,0,0,Negatif,99.29
Ozal Viruz,Klo tdk sangup mundur,tidak sangup mundur,2026-06-02 15:30:26,0,0,Negatif,99.36
Amigi Acdc,Lah epek Jawa tengah punya pimpinan koyo njenengan OPO to?,epek jawa tengah punya pimpin koyo njenengan opo to,2026-06-02 15:01:28,0,0,Netral,80.47
Kang Ade Property,Busett dahhhh ko bisa punya pemikiran kaya gitu... Busett dahh lengser aja hoho yg maju biar jalan bagis,busett dahh bisa punya mikir kaya gitu busett dahh lengser hoho maju biar jalan bagis,2026-06-02 14:57:13,0,0,Negatif,99.74
Ian Agoes Radiyana,Punya gub kaya gitu pilih kasih ma rakyatnya sndri parah,punya gub kaya gitu pilih kasih ma rakyatnya sndri parah,2026-06-02 12:01:40,0,0,Negatif,99.79
Gatot Pisan,Mening pake jalan jalan kaluar negri  pa ah lier nya pke jalan MH ..eweh mangpaat na ..ampun,mening pake jalan jalan kaluar negri pa lier pke jalan mh eweh mangpaat na ampun,2026-06-02 09:16:12,0,0,Negatif,99.58
Kasmir Irma Jadbab,"Ini gubernur berfikiran taii klau memang jalan GK ada manfaat nya kenapa kmu lewat di jalan 

Ini pemimpin yg tak bsa KTA pilih kedua kali nya",gubernur berfikiran taii klau jalan tidak ada manfaat kenapa kmu jalan pemimpin tak bsa kta pilih kali,2026-06-02 06:45:20,0,0,Negatif,99.66
Aki Jaya,Kerja cuma ngomong doang kaga kerja di gaji hebat,kerja ngomong doang tidak kerja gaji hebat,2026-06-02 06:23:45,0,0,Negatif,99.19
Jafar Sidiq,Luar biasa jawabannya pak mmg dibutuhkn pemimpin yg kritis tp sayang pak yg dibutuhkan masyarakat itu bukan retorika belaka tp bukti nyata cb contoh pak KDM,jawabannya pak mmg dibutuhkn pemimpin kritis tp sayang pak butuh masyarakat bukan retorika belaka tp bukti nyata cb contoh pak kdm,2026-06-02 06:13:03,0,0,Netral,86.81
Abik Angler Fellus,"ndlogok Ngisin""ngisini Jawa Tengah wae... Iki po sing jare meh mewakili jawa tengah sing jarene ngopeni?",ndlogok ngisin ngisini jawa tengah wae iki po sing jare meh wakil jawa tengah sing jarene ngopeni,2026-06-03 01:29:07,0,0,Negatif,78.0
Raka Nana,Halooo gaess makan tuh s lutfi gubernur nyinyir,haloo gaess makan lutfi gubernur nyinyir,2026-06-02 21:16:43,0,0,Negatif,98.46
Benjo Tzanck Pemberontak,"itulah gubernor tambal""an kita",itulah gubernor tambal an,2026-06-02 19:51:58,0,0,Negatif,99.65
Beben,Ahhh gubernur ini so pintar cerdas so iye..justru sebaliknya gubernur ini NOL CARA BERPIKIRNYA BODOH.. Aku rakyat bodoh tp aku tau manfaat semua jalan dan rakyat menginginkan semua jalan bagus untuk mempercepat usaha dan perputaran ekonomi didaerah..☝️,ahh gubernur so pintar cerdas so iye gubernur nol cara pikir bodoh rakyat bodoh tp tau manfaat jalan rakyat menginginkan jalan bagus cepat usaha putar ekonomi daerah,2026-06-02 19:47:48,0,0,Negatif,98.46
Aan Clowor,"Jadi nk dalan gonmu ora d bangun"" Seng bangsat y bupati",nk dalan gonmu ora bangun seng ajar bupati,2026-06-02 17:01:23,0,0,Negatif,92.95
Burhan Udin Udin,Ga ada manfaatnya otak Lo Lutfi tak berguna jadi gubernur .,tidak ada manfaat otak lo lutfi tak guna gubernur,2026-06-02 15:58:01,0,0,Negatif,99.77
Chaerudin M,"Berarti pak Gubernur ini menghambat majunya sebuah desa,, beliau bilang bangun jalan tidak ada manfaatnya... hadeuh begini nih kalau Gubernur dari partai coklat",pak gubernur menghambat maju beliau bilang bangun jalan tidak ada manfaat hadeuh gubernur partai coklat,2026-06-02 08:06:32,0,0,Negatif,99.55
Amisti Lovetujhe,Gubernur koplak,gubernur lucu,2026-06-02 18:30:39,0,0,Positif,68.49
Muslim Dwi,ini jubur nur   banyak omong  omon omon wok 😂😂😂😂,jubur nur banyak omong omon omon wok tertawa tertawa tertawa tertawa,2026-06-02 20:49:42,0,0,Positif,72.69
Fadil Adink,Wong model gini bisa jadi gubernur yah,orang model gini bisa gubernur yah,2026-06-02 20:36:00,0,0,Negatif,68.5
Brewok Are,Jancoook tikiro rakyat ki goblok kabeh kowe ki Biyan saurunge dadi gubernur kw ki yo rakyat lek kok angel rakyat kabeh goblok berarti goblok mu sampek saiki,jancook tikiro rakyat ki bodoh kabeh kowe ki biyan saurunge dadi gubernur kw ki rakyat lek angel rakyat kabeh bodoh bodoh mu sampek saiki,2026-06-02 20:14:05,0,0,Negatif,99.41
Rahmat Herlina Gelsa,dengerin nih gibernur sayah pk lupi,dengerin gibernur sayah pk lupi,2026-06-02 19:44:33,0,0,Negatif,98.52
Semprul Prul,Lanjutkan  Pak lutfi  omongannya Biar masyarat  makin benci Ama Kamu nti Di Demo  Biar Ganti Kades  Hoho  ajah biar  Jalan banyak  manfaatnya,lanjutkan pak lutfi omongannya biar masyarat makin benci ama nti demo biar ganti kades hoho ajah biar jalan banyak manfaat,2026-06-02 17:47:02,0,0,Negatif,98.06
Hasan Basri,Orng gila ituu,orng gila ituu,2026-06-02 17:06:59,0,0,Negatif,99.72
Adim Lesmana,Kalo jalan kurang manfaatnya. Coba dari depan rumahnya rusak sejauh 1 kilo gimana dia menikmati jalan ya butut,kalo jalan manfaat coba rumahnya rusak i kilo gimana menikmati jalan butut,2026-06-02 12:05:43,0,0,Negatif,99.83
Aldiyana Chartes,udah salah ngeyel repot punya pemimpin gini 🤣,salah ngeyel repot punya pemimpin gini tertawa terbahak,2026-06-02 09:26:58,0,0,Negatif,99.81
Goestmanna,"Ibu jgn usul minta diperbaiki jalan ,nanti uang untuk masuk saku saya bisa tekor sedikit pemasukan saya bu, ya uis biarin bae jalan itu gak bermanfaat untuk masarakat 🤣🤣",ibu jgn usul minta baik jalan uang masuk saku bisa tekor masuk bu uis biarin jalan tidak manfaat masarakat tertawa terbahak tertawa terbahak,2026-06-02 08:14:23,0,0,Negatif,99.82
Dhanz Setiadi,"KOCAK JAWABAN MANEH SIGA LAIN PEMIMPIN WAE, GEUS MUNDUR AI TEU BECUS MAH ERA...",kocak jawab maneh siga pemimpin wae geus mundur ai teu becus mah era,2026-06-02 08:04:03,0,0,Negatif,99.64
Didi Sukar,"Koyo wong jagongan ko iso-isone dalan ora ene mamfaatne piyee...piyee kang, maksudne dalan sing arep dibangun kuwi ora iso kon tilangan ngono yaa...?",koyo orang jagongan iso isone dalan ora ene mamfaatne piyee piyee kang maksudne dalan sing arep bangun kuwi ora iso kon tilangan ngono yaa,2026-06-02 07:30:55,0,0,Negatif,98.72
Bunga Anisa,Klw Mao bangun jalan itu yg paling bener itu ...yg proyeknya menguntungkan gubernur bupati camat lurah...itu yg bener hahaha,klw mao bangun jalan bener proyeknya menguntungkan gubernur bupati camat lurah bener,2026-06-03 09:36:40,0,0,Negatif,61.83
Akbar Rasit,Pecat aja bapak ini,pecat bapak,2026-06-02 21:22:57,0,0,Negatif,99.51
Taufik Sepwan,Enjeh we lah enjeh 🤣🤣,enjeh we enjeh tertawa terbahak tertawa terbahak,2026-06-02 21:12:09,0,0,Negatif,85.09
Agus,Gub oleng kakean es money y Iki😁😁,gub oleng kakean es money iki senang kali senang kali,2026-06-02 18:58:51,0,0,Positif,98.27
Agus Rahmad Irawan,Seng gak ono gunane ki koe fi lutpi!,seng tidak ono gunane ki koe fi lutpii,2026-06-02 18:12:28,0,0,Negatif,98.9
Risnanto,Tololll ada pemimpin kaya gto,tololl ada pemimpin kaya gto,2026-06-02 16:37:18,0,0,Negatif,99.74
Hari,bangga nya warga jateng punya gub cerdas seperti beliau,bangga warga jateng punya gub cerdas beliau,2026-06-02 15:36:07,0,0,Positif,99.84
Nurahman Rasyid,Gubernur lupi dah ngaco jalan ga manpaat gimana itu pikuranya,gubernur lupi ngaco jalan tidak manpaat gimana pikuranya,2026-06-02 12:36:57,0,0,Negatif,99.83
Ato Bengkel Rbt,"Iya betul bapak ini,jalan gak ada manfaatnya,,,mending di korupsi jadi bermanfaat buat keluarga bapak",iya bapak jalan tidak ada manfaat mending korupsi manfaat keluarga bapak,2026-06-02 10:59:54,0,0,Negatif,99.59
Eko Engko,Gubernur opo Iki kuy.. mungkin sekolah nya bayarane pake  pake kayu bakar jadi gak ngotak mikirane perut nya doank gak peduli sama masyarakat 🙊🙊🙊🤩,gubernur opo iki kuy sekolah bayarane pake pake kayu bakar tidak ngotak mikirane perut doank tidak peduli masyarakat kagum,2026-06-02 07:33:35,0,0,Negatif,99.75
Bay Basuki,Gub koclok,gub koclok,2026-06-02 19:22:55,0,0,Negatif,99.31
Kevin Karso Sid,Jawapan nya ngeri       kok bisa ya jawapan nya seperti itu,jawapan ngeri bisa jawapan,2026-06-02 18:30:44,0,0,Negatif,99.44
Brewok Brewok,"Klau jln d bangun g ada manfaatnya mungkin kita balik,mungkin apa manfaat pajak buat kita klau hak kita fasilitas umum termasuk jln salah satunya,mungkin kita dapat memilah seperti katanya yg kita dengarkan vidio ini,mungkin kita bisa memilah juga daripada buat pajak yg buat kita g ada manfaatnya,mungkin pilih buat beli beras yg jls manfaatnya,mereka juga g tau mana yg lebih penting buat kita,klau buat kita beli beras lebih penting daripada pajak,harusnya mereka juga menyadari keterbatasan ekonomi rakyat,faham",klau jln bangun ada manfaat manfaat pajak klau hak fasilitas masuk jln salah satu memilah kata dengar vidio bisa memilah pajak ada manfaat pilih beli beras jls manfaat tau mana klau beli beras pajak harus menyadari keterbatasan ekonomi rakyat faham,2026-06-02 18:16:55,0,0,Negatif,68.45
S Mail,Yg bgni masih di pelihara jdi pemimpin..gimana mau maju daerah yg di pimpin ya.sedangkan ketahanan pangan itu berakar dri pedesaan terpencil.bukan dari kota.kota hanya mendistributorkan 🤦‍♂️ intinya kalau jalan mulus di seluruh daerah sampai ke desa.swasebada pangan dan perekonomian pun lancar.,bgni pelihara pemimpin gimana maju daerah pimpin tahan pangan akar dri desa terpencil bukan kota kota mendistributorkan intinya jalan mulus daerah swasebada pangan perekonomian lancar,2026-06-02 18:14:53,0,0,Negatif,99.61
Basar Jeh,KLO begitu GK usah byr pajak aja...,tidak byr pajak,2026-06-02 14:07:37,0,0,Negatif,63.27
Rizky Saputra,Baju yg bapak pakai juga tidak guna,baju bapak pakai tidak,2026-06-02 14:06:01,0,0,Netral,86.83
Genthong Property,Dalan Bayii ae pk okeh manfaate,dalan bayii ae pk okeh manfaate,2026-06-02 12:58:08,0,0,Netral,51.28
Ahmad Ghozali,😂😂😂😂😂wong koyok ngeneki dadi gubenur gubenurnya yg bodoh apa warganya🙏,tertawa tertawa tertawa tertawa tertawa orang koyok ngeneki dadi gubenur gubenurnya bodoh warga mohon,2026-06-02 12:44:34,0,0,Negatif,99.73
Diroh Dir,Kalo GK ada efek ya Meding GK usah di bangun aja percuma pajak naik tp jalan ya ko GK pantas gitu terus pemerintah mau ya gimana coba,kalo tidak ada efek meding tidak bangun percuma pajak naik tp jalan tidak pantas gitu terus pemerintah gimana coba,2026-06-02 11:50:37,0,0,Negatif,99.75
Pandi Anshl,gubernur terhebat se dunia😂😂😂😂jangn membangun jaln hasil pangan semua dari kampung panggul aja jangan pake alat kemdaraan,gubernur hebat se dunia tertawa tertawa tertawa tertawa jangn bangun jaln hasil pangan kampung panggul jangan pake alat kemdaraan,2026-06-02 10:52:56,0,0,Negatif,54.49
Ziggy Kuro,"Ini panggung opera komedi ,,kita yg nonton ngakak😆😆😆😆",panggung opera komedi menonton ngakak tertawa tertawa tertawa tertawa,2026-06-02 10:34:38,0,0,Positif,75.17
Budi Jepang,Gubernur molor....kok Yo di pilih piye to wong jateng,gubernur molor pilih piye to orang jateng,2026-06-02 10:03:01,0,0,Netral,90.22
Riyan Nalendra,Sekarep mu pak rakyat mu yg menilai untung saya tinggal d jabar dan sangat beruntung punya gunernur nya kdm sekarang.,sekarep mu pak rakyat mu menilai untung tinggal jabar untung punya gunernur kdm,2026-06-02 07:01:15,0,0,Negatif,93.35
Rendy,Cocok di satuin sama Anis gub ini mah😀😀kurang kerja banyak bacotnya😀,cocok satuin anis gub mah senang senang kerja banyak bacotnya senang,2026-06-02 06:52:09,0,0,Positif,97.66
Solihin Cha KeLor,wong koclok kok dadi gubernur yo,orang koclok dadi gubernur,2026-06-02 20:27:45,0,0,Negatif,98.59
Andreas Boging,Gubenur Taek cenan kuwi,gubenur taek cenan kuwi,2026-06-02 19:52:47,0,0,Negatif,98.15
Barry Saputra Bri,Pk gubernur  ora ngape wargane  banyak omong gaees....,pk gubernur ora ngape wargane banyak omong gaees,2026-06-02 15:35:22,0,0,Positif,59.0
Ari Werwer,Memang cangkem itill kakean teori,cangkem itill kakean teori,2026-06-02 14:22:02,0,0,Negatif,99.64
Su Narya,"Ampun deh,itu bicara nya merendahkan masyarakat,sing mikir masyarakat tuh bayar pajak bro,inget brp lama sih jabat.",ampun bicara rendah masyarakat sing pikir masyarakat bayar pajak bro inget brp jabat,2026-06-02 06:49:03,0,0,Negatif,99.7
Yunus Yns,Salah milih pemimpin,salah milih pemimpin,2026-06-02 11:22:34,0,0,Negatif,97.69
Arman Lanang Wijaya,Mantan polisi jadi pemimpin bisa dinilai sendiri,mantan polisi pemimpin bisa nilai,2026-06-03 09:28:12,0,0,Netral,99.2
Yoyoy Yoyoy,Gubernur OON,gubernur oon,2026-06-03 06:11:26,0,0,Negatif,99.67
Rustam Marsaoly,Gubenur seperti ini para sekali,gubenur kali,2026-06-02 16:47:44,0,0,Negatif,95.72
Isnawati,Lah bomat bkn gubernur aing,bomat bkn gubernur,2026-06-02 06:42:25,0,0,Negatif,99.27
Bambang,Gebenur jateng skr pande ngomong dan nyusain rakyat nye apalagi sebelum mue sama saja,gebenur jateng skr pande ngomong nyusain rakyat nye apalagi mue,2026-06-03 05:17:24,0,0,Negatif,99.62
Waidi Widyono,"Drpd buat bangun jalan mending buat rapat, seminar ,study banding ,yg akhirnya tidak ada hasil nya ,cuma kata2,,pejabat seperti ini yg menghambat pembangunan ,cm bermain kata ,tp implementasinya zonk",drpd bangun jalan rapat seminar study banding tidak ada hasil kata kata pejabat menghambat pembangunan cm bermain kata tp implementasinya gagal,2026-06-03 04:18:35,0,0,Negatif,99.68
Aldi Jamez,"Iy Allah wong ky kwe ko di kei orep iy
Heran e nyawane betah iy",iy allah orang ky kwe kei orep iy heran nyawane betah iy,2026-06-03 04:05:13,0,0,Negatif,99.78
Ajhary Umbu Hasan,"😂😂😂😂😂 gubernur kocak ya gini , yg namanya jalan pasti punya efek terhadap masyarakat, ko bisa masarakat Jateng Miki org ini jadi gubernur 😂😂😂",tertawa tertawa tertawa tertawa tertawa gubernur kocak gini nama jalan punya efek masyarakat bisa masarakat jateng miki orang gubernur tertawa tertawa tertawa,2026-06-02 21:48:45,0,0,Positif,86.19
Pariono Prastio,Sak Jawa tengah prei pajek gubernur modar,sak jawa tengah prei pajek gubernur modar,2026-06-02 21:08:32,0,0,Negatif,97.76
Budi Purwanto,Banyak bacot nya tapi gak ada manfatnya buat masyakat😮😮,banyak banyak bicara tidak ada manfatnya masyakat,2026-06-02 20:19:10,0,0,Negatif,98.48
Kopang Bintang,Ngono selogane ngayomi.......aaaaaaaaaa ah mbelgedes,ngono selogane ngayomi aa mbelgedes,2026-06-02 20:19:10,0,0,Negatif,99.19
Bayu Safari Anwar,Nggeh enggeh 😂 keliatan banget si ibu udah mulai pusing😂,nggeh enggeh tertawa keliatan banget si ibu pusing tertawa,2026-06-02 19:37:19,0,0,Negatif,50.04
Hinata,"mana ada bangun jaln gk ada manfaatnya buat masyarakat Woy Gubernur 🤣
dulu yg milih dia siapa seh ah 🤣",mana ada bangun jaln tidak ada manfaat masyarakat woy gubernur tertawa terbahak milih seh tertawa terbahak,2026-06-02 19:31:48,0,0,Negatif,99.7
Puji Ono,Esih akeh bosku sing jlnjln rusak,esih akeh bosku sing jlnjln rusak,2026-06-02 19:05:11,0,0,Negatif,98.68
Sigit Priyono,"D.....O......N.....G.....O , mungkin dia tiap hari naik manuk emprit x kalo kmanaw jd gk tau manfaat jalan mulus ,,, RAIMU PAK PAK LAHHH ,, RAIMU BRUDUG KYA SILET SAPI",hari naik manuk emprit kalo kmanaw jd tidak tau manfaat jalan mulus raimu pak pak lahh raimu brudug kya silet sapi,2026-06-02 18:32:58,0,0,Negatif,99.79
Muhammad Syaril,matamu melek,matamu melek,2026-06-02 16:19:39,0,0,Netral,96.15
Ma Jenong,Ternyata bukan odgj  aja  yg oonn tp sklas gbnur aja ada yg... 🤣🤣🤣,ternyata bukan odgj oonn tp sklas gbnur ada tertawa terbahak tertawa terbahak tertawa terbahak,2026-06-02 16:19:10,0,0,Negatif,92.76
Namaku Agung G-a,Sekelas wakil bupati yg ngadu 😮 gimana kite ini 😮 dah lah,sekelas wakil bupati ngadu gimana kite,2026-06-02 16:04:59,0,0,Negatif,97.95
Sopian,Gubernur koplak jalan ga ada manfaatnya 🤦,gubernur lucu jalan tidak ada manfaat,2026-06-02 15:35:11,0,0,Negatif,99.81
Suryana Yana,Jalan ke yang muda memang harus mulus gub,jalan muda mulus gub,2026-06-02 15:29:15,0,0,Positif,61.25
Firman,Kalau cari untung jangan jadi gubernur..jadi pedagang aja,cari untung jangan gubernur pedagang,2026-06-02 14:36:54,0,0,Negatif,98.9
Jaka Gledeg,Gub:ngrtine dalan bocah🤣🤣🤣🤣🤣🤣🤣🤣🤣🤣🤣🤣🤣🤣🤣🤣,gub ngrtine dalan bocah tertawa terbahak tertawa terbahak tertawa terbahak tertawa terbahak tertawa terbahak tertawa terbahak tertawa terbahak tertawa terbahak tertawa terbahak tertawa terbahak tertawa terbahak tertawa terbahak tertawa terbahak tertawa terbahak tertawa terbahak tertawa terbahak,2026-06-02 13:42:05,0,0,Negatif,61.12
DOink,Sekolah tinggi punya jabatan.tp kata kata nya bodoh 😂😂,sekolah tinggi punya jabat tp kata kata bodoh tertawa tertawa,2026-06-02 13:06:43,0,0,Negatif,94.88
Doyok,Kapok kui sopo seng mileh,kapok kui sopo seng mileh,2026-06-02 12:47:11,0,0,Negatif,99.13
Rezahoirulanam,Alhamdulillah saya banggah punya gubernur KDM. Semoga sehat selalu bapak aing.🥰,alhamdulillah banggah punya gubernur kdm semoga sehat bapak aing sayang,2026-06-02 12:41:07,0,0,Positif,99.82
Ainun Contruksi,kalau emang pendapat anda begitu kita sebagai rakyat bayar pajak buat apa.,emang pendapat rakyat bayar pajak,2026-06-02 12:32:17,0,0,Netral,98.99
Kang Iwan Tea,Mening d rorod gubernur kitu mh turun kan..,mening rorod gubernur kitu mh turun kan,2026-06-02 12:10:24,0,0,Negatif,67.17
Dion Motret,Udah ganti jangan lama lama ga bakalan maju ini mah,ganti jangan tidak bakalan maju mah,2026-06-02 11:23:49,0,0,Negatif,99.47
Agus Djaenudin Djaenudin,Wong edan lufi ASU,orang edan lufi asu,2026-06-02 11:03:15,0,0,Negatif,99.83
Lara Hati,"Jauh berbeda jeung Bpk aing mh. 
Bpk Aing no wahid atuh. Tara loba omong di gass langsung rebesss",beda jeung bpk mh bpk no wahid atuh tara loba omong gass langsung rebess,2026-06-02 10:11:16,0,0,Positif,70.16
Sonip Bae Jaya Teknik,Jebule kok pekok Yo,jebule pekok,2026-06-02 09:43:27,0,0,Negatif,99.18
Bang Yos,Ladusing,ladusing,2026-06-02 09:42:20,0,0,Negatif,99.29
Mohamad Indra Lesmana,Ya Begituu Dah,begituu,2026-06-02 09:32:32,0,0,Netral,54.39
Asape,"Mblengeri weruh wong kue bae,,",mblengeri weruh orang kue bae,2026-06-02 09:29:03,0,0,Negatif,99.04
Nyepok Hakhungan Basry,Gubernur.0%,gubernur,2026-06-02 09:00:11,0,0,Netral,96.49
Kura Wa,Ngeles aja bloon,ngeles bloon,2026-06-02 08:05:06,0,0,Negatif,99.37
Raden Bentar,Mirip presiden nya juga kalo ngomong meresahkan takyat,mirip presiden kalo ngomong resah takyat,2026-06-02 06:21:43,0,0,Negatif,99.65
Wija Wijaya,Bilang aja ga ada modal.pak buat bikin jln.gitu aja repot ngomong nya,bilang tidak ada modal pak buat jln gitu repot ngomong,2026-06-02 06:01:33,0,0,Negatif,98.62
Lukman Tobar,Masa KLH sama Jawa Barat pa latiip,klh jawa barat pa latiip,2026-06-02 05:20:26,0,0,Netral,95.81
Aki Aki,"lah dasar gobenur gobelok banget ,udah pak gembala itik aja bego",dasar gobenur gobelok banget udah pak gembala itik bego,2026-06-02 22:03:32,0,0,Negatif,99.83
Nandar Daffa Ardiaz,😂😂 yah Seperti ituLah GUBERNUR JATENG 😂😂,tertawa tertawa yah itulah gubernur jateng tertawa tertawa,2026-06-02 19:15:19,0,0,Positif,73.92
Raffa Dutdut,"Tah lamun si lufi lewat usir,karena si lupi jalan GK ada manfaat ya,Taya ya masalah duit.baru paham si lufi.mantan coklat di lawan",lamun si lufi usir si lupi jalan tidak ada manfaat taya masalah duit paham si lufi mantan coklat lawan,2026-06-02 06:46:11,0,0,Negatif,99.76
Asep Supriatna,"Epek2,,singpenting jln itu prioritass",epek epek singpenting jln prioritass,2026-06-02 05:54:19,0,0,Netral,65.72
Tasril,Jangan bayar pajak bumi dan bangunan,jangan bayar pajak bumi bangun,2026-06-03 12:25:42,0,0,Negatif,98.39
Dedi Komari,Gubenur setan ini kok ngak didemo dilengserkan aja ya kok sabar banget warga nya,gubenur setan tidak didemo dilengserkan sabar banget warga,2026-06-02 22:06:10,0,0,Negatif,95.05
Hermawan,"Njalok di antemi endase lutfi,nek nyrocos ngak ngenake kuping,manusia hidupnya ngak ndue utek ngertine duet wae.",njalok antemi endase lutfi nek nyrocos tidak ngenake kuping manusia hidup tidak ndue utek ngertine duet wae,2026-06-02 20:54:18,0,0,Negatif,99.6
Ade Carsikin,Oon oon,oon oon,2026-06-02 19:56:17,0,0,Negatif,98.85
Jon Nsr Nsr,Ha ha ha lucu ko bangun jalan harus pilih pilih..semua jalan bermangpat bpak..bagi tukang ater paket tukang ojek tukang jualan ngompas ..jalan bermanfaat ..bpak ..luci ini bapa,ha ha ha lucu bangun jalan pilih pilih jalan bermangpat bpak tukang ater paket tukang ojek tukang jual ngompas jalan manfaat bpak luci bapa,2026-06-02 17:26:39,0,0,Negatif,99.69
Adiba Alfarizi,omon omon,omon omon,2026-06-02 16:42:51,0,0,Negatif,63.34
Edi Setiyawan,"Gubernur seperti ini enaknya di apain yaa,?",gubernur enak apain yaa,2026-06-02 13:28:15,0,0,Negatif,95.57
Cecep Surahman,Aneh gubernur koplak gini terpilih?,aneh gubernur lucu gini pilih,2026-06-02 13:26:07,0,0,Negatif,99.4
Suyanti Yanti,Iki Lo gubernur kopok wes nepalke wae biar kapok wong dalan rusak kok ragelem mbangun tp begitu pajek rakyate di uber2  pemimpin opo koyok gene Iki kok mikir telihe Dewe rekkkk🫡🫡🫡🫡,iki lo gubernur kopok wes nepalke wae biar kapok orang dalan rusak ragelem mbangun tp pajek rakyate uber uber pemimpin opo koyok gene iki pikir telihe dewe rekk hormat hormat hormat hormat,2026-06-02 12:18:40,0,0,Negatif,99.74
Andhy Iphey,"coba gubernur jateng sruh naek mobil d jln butut 🤣🤣🤣moal teu smped loang wadukna,,gubernur ko pikirannya dangkal 🤣🤣wrganya psti nysel punya gubernur kya gtu,,tukng nyinyir",coba gubernur jateng sruh naek mobil jln butut tertawa terbahak tertawa terbahak tertawa terbahak moal teu smped loang wadukna gubernur pikirannya dangkal tertawa terbahak tertawa terbahak wrganya psti nysel punya gubernur kya gtu tukng nyinyir,2026-06-02 09:53:09,0,0,Negatif,99.37
Apoy Sandirohmani,"Kasihan amat masyarakat Jateng,punya Gubernur kayak gini 😂😂😂",kasih masyarakat jateng punya gubernur kayak gini tertawa tertawa tertawa,2026-06-02 06:27:23,0,0,Positif,99.63
Dede Mulyana,Ganti aja gubernurnya,ganti gubernurnya,2026-06-02 20:42:47,0,0,Negatif,62.91
Herman,"Gubernur harus bisa bersinergi dgn Pemda lain yg berhasil, demi warganya bukan jaga marwah pribadi...Rakyat yg menilainya.",gubernur bisa bersinergi pemda hasil warga bukan jaga marwah pribadi rakyat menilainya,2026-06-03 12:00:38,0,0,Negatif,81.09
Dump Hawk,Sebutkan jalan yang tidak bermanfaat itu seperti apa. ? Lawong dalan bayi ae bermanfaat lo pak😂,sebut jalan tidak manfaat lawong dalan bayi ae manfaat lo pak tertawa,2026-06-03 11:21:22,0,0,Negatif,98.32
Risacute,Gubernur macam apa itu. Selagi ada masyarakatnya jalan itu pasti bermanfaat...,gubernur selagi ada masyarakatnya jalan manfaat,2026-06-03 06:57:22,0,0,Positif,99.22
Achmad Muntolib,Koclok hh,koclok hh,2026-06-03 04:09:19,0,0,Negatif,98.84
Caul Kampng,"😂😂😂😂parah"""" ni",tertawa tertawa tertawa tertawa parah,2026-06-02 23:57:38,0,0,Positif,97.19
Asep Baron Tea,Parah gubernur Jawa tngah,parah gubernur jawa tngah,2026-06-02 21:54:57,0,0,Netral,85.81
Kastam Kas,Kita pajeg motor aja mahal,pajeg motor mahal,2026-06-02 21:36:27,0,0,Negatif,99.14
Rudi Azunk,begitu lah klo mantan ladusing memimpin,mantan ladusing memimpin,2026-06-02 19:49:26,0,0,Netral,77.28
Maz Alam,Beda kelas: KDM berkelas dan ini pandai berkelit,beda kelas kdm berkelas pandai berkelit,2026-06-02 19:27:35,0,0,Negatif,98.29
Cahyu Lov Lovelove Cul,Boikot aja tuuu tololll kt bayar pajakkk looo yg lebokkk,boikot tuu tololl kt bayar pajakk loo lebokk,2026-06-02 18:29:29,0,0,Negatif,99.42
Tomy J Pissa,Simoyetttt,simoyett,2026-06-02 18:27:08,0,0,Negatif,99.25
Mustofa Handarexa,heemm... gubernur gk ada guna,heemm gubernur tidak ada,2026-06-02 18:17:28,0,0,Negatif,98.68
Saktinya Darman Sakti,Gubernur pekok,gubernur pekok,2026-06-02 17:29:28,0,0,Negatif,99.23
Dewi Dewi,mendengar dari ucapan  lutfi..seperti orang yg baru keluar dari rumah sakit jiwa..,dengar ucap lutfi orang keluar rumah sakit jiwa,2026-06-02 16:04:39,0,0,Negatif,99.51
Dafka Kaunang,Ini gubernur yg pernah nyinyir bapak aing...selamat siang gaiyssssshh....ripuh boga gubernur Kitu mah....,gubernur nyinyir bapak aing selamat siang gaiysshh ripuh boga gubernur kitu mah,2026-06-02 15:45:56,0,0,Negatif,99.72
Kusmawati,Gubenure kakean omong,gubenure kakean omong,2026-06-02 15:00:38,0,0,Negatif,96.56
Suwarno,😂😂😂jalan desa gk berguna tapi klo pilgub napa sampek kedesa artinya wong ndeso kui ors ono gunane klo ada pulpres pilgub wong deso tiada arti bahkan ora bayar pajak itu sah sah wae berarti  pemimpen ora perlu wong deso sebaleke wong deso yo ora butuh pemimpen ngono lor pie pie tetep KDM,tertawa tertawa tertawa jalan tidak guna pilgub napa sampek desa arti orang ndeso kui ors ono gunane ada pulpres pilgub orang deso tiada arti ora bayar pajak sah sah wae pemimpen ora orang deso sebaleke orang deso ora butuh pemimpen ngono lor pie pie tetep kdm,2026-06-02 11:11:02,0,0,Negatif,99.53
Narco Weesprog Cemplon,Masyarakat gak butuh ocehanmu.yg mereka butuhkan bukti dan nyatanya.gak usah banyak bacot.,masyarakat tidak butuh ocehanmu butuh bukti nyatanya gak banyak bacot,2026-06-02 10:37:19,0,0,Positif,57.7
Wan Jiro Jiro,"Gub,Jateng emang beda sendiri 😂😂😂",gub jateng emang beda tertawa tertawa tertawa,2026-06-02 10:10:36,0,0,Positif,99.19
Ibas Basit,"Saya yakin warga Jateng coblos lutpi karna ada wakilnya, Gus Yasin",yakin warga jateng coblos lutpi ada wakil gus yasin,2026-06-02 09:34:14,0,0,Netral,98.81
Yansyah Herdy,Koplak ya ko omongan nya begini,lucu omong,2026-06-02 09:06:40,0,0,Negatif,94.15
Amran Fauzi,Untung nyong wis dadi warga Jawa Barat.... Masarakate bapak aing 🤲🤲,untung nyong wis dadi warga jawa barat masarakate bapak,2026-06-02 07:43:13,0,0,Positif,68.07
Gayan Daris,Sedeng si lufi mah,sedeng si lufi mah,2026-06-02 19:29:04,0,0,Negatif,99.58
Ali Maskuri,Gubernur koplak,gubernur lucu,2026-06-02 19:25:42,0,0,Positif,68.49
Dioel Gojrot,"Aneeehhh,pejabat gilaaa",aneehh pejabat gilaa,2026-06-02 17:02:02,0,0,Negatif,99.4
Bang Monel,Pak Lutfi km jauuuuuuh SM KDM yg. Bela rakyat,pak lutfi km jauuh sm kdm bela rakyat,2026-06-02 08:02:46,0,0,Negatif,95.71
Andi,Jlnnya di tambal aj,jlnnya tambal,2026-06-02 19:29:44,0,0,Negatif,99.62
Awan Setiawan,Ini kantornya diruanagan saja ...coba kantornya di seluruh wilayah jateng .....,kantor diruanagan coba kantor wilayah jateng,2026-06-02 19:22:09,0,0,Netral,99.33
Kis Wanto,Gubernur.. Pekok,gubernur pekok,2026-06-02 09:06:19,0,0,Negatif,99.23
Citrek Abimanyu,HO HO BOS HO .. KOWE PANTES DADI GEBURNER JATENG !! GENTENI KAE SING CANGKEMAN .. BAB DALAN WE DADI CANGKEMAN .. WONG LE BANGGUNG YO GO DUWET TE RAKYAT .. OOO DASAR CANGKEM WEDOK !!😂🤣🤣😂😂🔥🔥,ho ho bos ho kowe pantes dadi geburner jateng ii genteni kae sing cangkeman bab dalan we dadi cangkeman orang le banggung go duwet te rakyat oo dasar cangkem wedok ii tertawa tertawa terbahak tertawa terbahak tertawa tertawa keren keren,2026-06-02 11:41:46,0,0,Negatif,98.04
Andri Nurjani,Gubernur tolol kok masih menjabat aja,gubernur bodoh jabat,2026-06-02 16:07:04,0,0,Negatif,99.57
Alek Alek,"Kakimu itu 
... Bilang masarakat GK ada yg tau kalau GK ada masarakat kamu pun GK ada gaji emang gajimu siapa yg bayar kalu bukan masarakat",kakimu bilang masarakat tidak ada tau tidak ada masarakat tidak ada gaji emang gajimu bayar kalu bukan masarakat,2026-06-03 04:32:34,0,0,Negatif,99.64
Budie Indra,Nasip dpat gubunur kayak gini,nasip dpat gubunur kayak gini,2026-06-02 13:27:51,0,0,Negatif,99.75
Hakim,Gubernur  pekok  ki,gubernur pekok ki,2026-06-02 13:25:01,0,0,Negatif,98.37
Gavin Oxtaviant,😂siapa yg mau orang in silahkn😂😂,tertawa orang in silahkn tertawa tertawa,2026-06-02 10:19:53,0,0,Positif,70.41
Memen Cenah,Wong Jateng Terimoae gadah bubernur kados geh Nuku wontene,orang jateng terimoae gadah bubernur kados geh nuku wontene,2026-06-02 09:40:04,0,0,Negatif,86.95
Kancra Bang Bou,Tai tai tai,tai tai tai,2026-06-02 08:43:59,0,0,Negatif,99.77
Ncep Cepii,Harus musawarah gk bisa satset😂😂😂 solnya danaa sayang buat dikliarin😭,musawarah tidak bisa cepat tertawa tertawa tertawa solnya danaa sayang dikliarin sedih,2026-06-02 08:39:19,0,0,Negatif,99.78
Mass Pitott,Taekkkkkkk luttt,taekk lutt,2026-06-03 06:27:39,0,0,Negatif,99.63
Abdul Muthalib,Keliatan dari muka,keliatan muka,2026-06-03 05:33:17,0,0,Netral,62.65
Roda Bocor,Ini pasien pak purnomo lepas,pasien pak purnomo lepas,2026-06-03 05:27:23,0,0,Negatif,53.39
Andriant Mahardika,Gilaaa,gilaa,2026-06-03 01:49:24,0,0,Negatif,99.49
Gita Safira,Udah lah jandi bandingin toh jelas banget kaya langit dan bumi jauh sekali 😂,jandi bandingin toh jelas banget kaya langit bumi kali tertawa,2026-06-02 21:58:44,0,0,Negatif,98.73
Langlang Jagat,Otak..dangkal..yang gituan mah,otak dangkal gituan mah,2026-06-02 20:51:56,0,0,Negatif,99.7
Nanung Suhendar,Gub jateng ga becus kerja . Ngomong doang  tapi ga di jlnkan,gub jateng tidak becus kerja ngomong doang tidak jlnkan,2026-06-02 19:54:18,0,0,Negatif,99.43
Pitri Pipit,Beda jauh euy Jeung bapa aing cara pikir y,beda jeung bapa cara pikir,2026-06-02 19:52:59,0,0,Negatif,87.42
Flowerhorn Pantura,"Saya yakin,,
Jalan ke neraka pun akan di persulit,,
Apalagi ke surga",yakin jalan neraka sulit apalagi surga,2026-06-02 19:43:47,0,0,Negatif,99.73
Heri Priana,Hello gesss... Pakkk,hello gess pakk,2026-06-02 17:20:41,0,0,Netral,81.04
Paijo,Eleng jaman kpaye ngemis Iki Lo sifat gub Jateng wes ketok asli ne tingal nunggu karma mu,eleng jaman kpaye ngemis iki lo sifat gub jateng wes ketok asli ne tingal nunggu karma mu,2026-06-02 16:42:31,0,0,Negatif,99.27
Teguh Aroh,Agak lain gubernur Jateng 🤣🤣mmbngun Jln yg rusak dibilang GK ada mnpaat nya kan kocak,gubernur jateng tertawa terbahak tertawa terbahak mmbngun jln rusak dibilang tidak ada mnpaat kan kocak,2026-06-02 16:16:33,0,0,Negatif,99.66
Mmin Amin,Hahaha ini kualitas gubernur Jawa Tengah seperti ini,kualitas gubernur jawa tengah,2026-06-02 15:32:26,0,0,Netral,99.33
Aman E,"Jadi pemimpin sama rakyat ko pilih pilih. 
Semua jalan itu menyambung dari jalan petani ke jalan kota. Kocak",pemimpin rakyat pilih pilih jalan menyambung jalan petani jalan kota kocak,2026-06-02 15:05:11,0,0,Negatif,99.42
Yuda Pratama Abdallah,Kebanyakan ngmg org mah langsung bnrn bukan ngmg doang,banyak ngmg orang mah langsung bnrn bukan ngmg doang,2026-06-02 14:49:16,0,0,Negatif,98.28
Sanjaya Sanjay,Gubernur kocak lufli masa jalanan aja timbang pilih wkwkw untung bukan gubernur ane hahah,gubernur kocak lufli jalan timbang pilih wkwkw untung bukan gubernur hahah,2026-06-02 09:54:37,0,0,Positif,91.92
Fajar,Demo salah satu solusi ga kira2,demo salah solusi tidak,2026-06-02 09:20:38,0,0,Negatif,88.42
Gans Gans,Kompak jateng jgn pada byr pajak,kompak jateng jgn byr pajak,2026-06-02 08:34:56,0,0,Positif,62.67
Ardians,Sedih banget rakyat yg gubernur nya dia,sedih banget rakyat gubernur,2026-06-02 07:53:03,0,0,Negatif,99.83
Abha Uje,Gubernur bego kg ksian pada rakyat nya,gubernur bego kg ksian rakyat,2026-06-02 07:09:38,0,0,Negatif,99.8
Zaenal Hendra Putra,Kok ad bahlil,ad bahlil,2026-06-02 07:04:30,0,0,Netral,99.35
Dalvanerzhan Ruhdiana,"Setiap kepala pasti akan berbeda konser dan program nya,",kepala beda konser program,2026-06-02 20:37:16,0,0,Netral,97.52
Putra Bragazta,"Pulah pilih jalan, spr partai.",pulah pilih jalan spr partai,2026-06-02 16:58:59,0,0,Negatif,83.34
Bubun Widya,"Anjirrr geregettt amat ya dengernya ,,tolol amat ya masa jln ga ada gunanya,,org aneh ini mah",anjirr geregett dengernya tolol jln tidak ada guna org aneh mah,2026-06-02 12:23:02,0,0,Negatif,99.89
Joko Prasetyo,"Jawaban yg ngak ngak di pikir dulu, mana da jalan yg tidak Bermanfaat  pak pk",jawab tidak tidak pikir mana da jalan tidak manfaat pak pk,2026-06-03 12:02:53,0,0,Negatif,99.72
Symphonyx Symphonyx,gambaran kalo negara di pimpin lagi sama turunan londo ireng.,gambar kalo negara pimpin turun londo ireng,2026-06-02 22:09:27,0,0,Negatif,99.6
An'am Ahmad Azizi,"Knp la kln pilih ni orang,,,, isi kepalanya kebnyakan taik",knp la kln pilih orang isi kepalanya kebnyakan taik,2026-06-02 20:57:10,0,0,Negatif,99.82
Hady Pangestu,"ape ngomong Karo wong nek wes gak sefrekuensi kui angel ... 😂
Reti lagu slenco pora Yo wes podo😂",ape ngomong karo orang nek wes tidak sefrekuensi kui angel tertawa reti lagu slenco pora wes podo tertawa,2026-06-02 20:25:51,0,0,Negatif,98.05
Ombet,Ora danta,ora danta,2026-06-02 20:06:10,0,0,Negatif,80.88
Bagong Crewsex,"gunane bayar pajek gae opo lek dalane seh elek ??
gubernur kontolllll",gunane bayar pajek gae opo lek dalane seh elek gubernur kontoll,2026-06-02 19:44:49,0,0,Negatif,99.44
Oman Kdp,Parah klw gubernur kaya bgini,parah klw gubernur kaya bgini,2026-06-02 19:43:33,0,0,Negatif,99.74
Aswaja Aswaja,"Gnti gubrnurnya saja, Jateng pling cocok dipimpin olh kades Hoho , psti misinya sama Kya KDM",gnti gubrnurnya jateng pling cocok pimpin olh kades hoho psti misinya kya kdm,2026-06-02 11:04:37,0,0,Negatif,50.57
Mamad Buto Ireng,Tai,tai,2026-06-02 10:47:12,0,0,Negatif,99.76
Mas Feyy Bae,"Nyesel dadi wong Jateng, gubernure Kya kie,, uteke bosokk",nyesel dadi orang jateng gubernure kya kie uteke bosokk,2026-06-02 08:23:27,0,0,Negatif,99.67
Enjhank Maulana Frayoga,NyeseL kaN PiLiH dia,nyesel kan pilih,2026-06-02 06:48:09,0,0,Negatif,98.39
Jagat Satria,KDM pasti geleng² kepala melihat  ini wkwkwk,kdm geleng kepala lihat,2026-06-03 10:21:31,0,0,Negatif,96.66
Bagus,wkwkwkwk😂😂sumpah keliatan banget ni orang gobloknya😂😂ko bisa Jateng punya gubernur bodoh kaya gtu😂😂,wkwkwkwk tertawa tertawa sumpah keliatan banget orang gobloknya tertawa tertawa bisa jateng punya gubernur bodoh kaya gtu tertawa tertawa,2026-06-02 21:17:58,0,0,Positif,75.06
Moon Arie,Gubernur dobooolll😂😂😂,gubernur dobooll tertawa tertawa tertawa,2026-06-02 19:59:42,0,0,Positif,90.7
Yudha Pratama,gubernur koplak,gubernur lucu,2026-06-02 18:33:53,0,0,Positif,68.49
Ubed Gurilem,"Mau mengkritik pedas TAKUT rakyat jawa tengah kesinggung dan marah.

Namun saya hanya bisa mendoakan semoga jalan jalan di jateng bisa lebih bagus..",mengkritik pedas takut rakyat jawa tengah kesinggung marah bisa doa semoga jalan jalan jateng bisa bagus,2026-06-02 16:38:45,0,0,Negatif,99.1
Rohmat Bekasi,"Bilang aja 
Takut g kbagian",bilang takut kbagian,2026-06-02 14:45:27,0,0,Negatif,99.76
Hendi Wiguna,Yng magpaat anggaran nyh lu korupsi ea,yng magpaat anggaran nyh korupsi ea,2026-06-02 13:08:44,0,0,Negatif,97.76
Ato Orlando,"Kayanya yg milih pemimpinnya nyesel deh, masa jalan bagus ga bermanfaat",kaya milih pemimpinnya nyesel jalan bagus tidak manfaat,2026-06-02 07:44:01,0,0,Negatif,99.84
Sugi,"Lha jalan kabupaten wae kue rareti koq yu....yu,jan ora usah Takon nek Jeh bingung",jalan kabupaten wae kue rareti koq yu yu jan ora takon nek jeh bingung,2026-06-02 07:16:03,0,0,Negatif,90.16
Iki Sopo,"Di jabar konsepnya gk gitu pak gub lutfi. 
Pajak kendaraan ya buat jalan. Gk pila²... Apakah itu jalan buat pertumbuhan ekonomi atau apalah... 
Yg pnting jlan provinsi mulusnya mningkat. Dan anda sebagai gubernur. Yah harus mendorong bupatinya buat memuluskan jalan kabupaten. Klau apbdnya kabpaten gk cukup bantulah dikit² buat memuluskan jalan.... 
Masak iya HIBAH trlyunan buat ormas Sanggup. Tapi memuluskan jalan syulit🤣🤣",jabar konsepnya tidak gitu pak gub lutfi pajak kendaraan jalan tidak pila apakah jalan tumbuh ekonomi apalah pnting jlan provinsi mulusnya mningkat gubernur yah dorong bupatinya memuluskan jalan kabupaten klau apbdnya kabpaten tidak bantu dikit memuluskan jalan masak iya hibah trlyunan ormas sanggup memuluskan jalan syulit tertawa terbahak tertawa terbahak,2026-06-02 19:23:03,0,0,Negatif,99.42
Hero Tinam,🤣🤣🤣🤣ngomong OPO iku pejabat kok bangun jalan gak Ono manfaat te sopo sing milih iku🤣🤣🤣🤣,tertawa terbahak tertawa terbahak tertawa terbahak tertawa terbahak ngomong opo iku pejabat bangun jalan tidak ono manfaat te sopo sing milih iku tertawa terbahak tertawa terbahak tertawa terbahak tertawa terbahak,2026-06-02 05:48:18,0,0,Negatif,98.79
Asep Galih,Tolol banyak mangpaat,bodoh banyak mangpaat,2026-06-02 18:47:18,0,0,Negatif,65.59
Edi Santosa,Gurbenur goblog,gurbenur goblog,2026-06-02 18:04:13,0,0,Negatif,99.62
Burhan Raditya,Ekonomi tumbuh dr pangan masarakat .... Seminar 1taun taun pengecekan 1taun wacana 1taun hhahahah pak pak pajak masarakat harus kembali ke masarakat bukan ke kantong pribadi😁😁😁🤣🤣🤣,ekonomi tumbuh pangan masarakat seminar itaun taun pengecekan itaun wacana itaun hhahahah pak pak pajak masarakat masarakat bukan kantong pribadi senang kali senang kali senang kali tertawa terbahak tertawa terbahak tertawa terbahak,2026-06-02 06:18:38,0,0,Positif,79.04
Bagus Pribadi,Sungguh sangat jauh berbeda,sungguh beda,2026-06-02 19:27:12,0,0,Negatif,99.51
Tomi Sinatria,Adik nya Wowo ngeyel wae,adik wowo ngeyel wae,2026-06-02 06:57:06,0,0,Negatif,98.76
Kaka,Wah klo pemingpin n kaya gini parah,pemingpin kaya gini parah,2026-06-02 21:25:06,0,0,Negatif,99.83
Ma Mang Jae,Haha aku aja orang jawabarat tertawa  maaf itu gubernur ko aneh kawab nya .,orang jawabarat tertawa maaf gubernur aneh kawab,2026-06-02 21:13:37,0,0,Negatif,99.51
Galuh Galuh,😂😂😂bilang aja lu belum kayaraya😂😂😂,tertawa tertawa tertawa bilang belum kayaraya tertawa tertawa tertawa,2026-06-02 20:18:50,0,0,Negatif,76.41
Arahmat Fauzi Rahman,Gubenur koplxxxxkkkkk kalo yg ini,gubenur koplxxkk kalo,2026-06-02 18:24:26,0,0,Negatif,97.81
Andi's Printer,Bagusan KDM,bagusan kdm,2026-06-02 15:32:47,0,0,Netral,99.43
Gebby Ranna,Sebenarnya orang ODGJ jadi gubernur Jateng pikiran gak punya otak,orang odgj gubernur jateng pikir tidak punya otak,2026-06-02 15:28:19,0,0,Negatif,92.74
Hamzah ZLag,ada gubernul pilih kasih yah aneh anj 🤣🤣🤣,ada gubernul pilih kasih yah aneh anj tertawa terbahak tertawa terbahak tertawa terbahak,2026-06-02 10:18:29,0,0,Negatif,99.67
Jaenal Ade,Pantesan warga Cilacap duung BPK aing jadi persiden,pantesan warga cilacap duung bpk persiden,2026-06-02 09:35:03,0,0,Negatif,96.07
Agus Suci,Gubernur tambal,gubernur tambal,2026-06-02 07:13:18,0,0,Negatif,97.63
Mull Aje Ok,Stop jgn debat biar adil saya cor semua dari mulai sawah ladang kebun Empang dan lain lain biar kalian ga ribut melulu😁😁😁,stop jgn debat biar adil cor sawah ladang kebun empang biar kali tidak ribut melulu senang kali senang kali senang kali,2026-06-02 06:54:35,0,0,Negatif,99.56
Bang Cepi,Gblg gk sih,gblg tidak,2026-06-02 05:27:50,0,0,Negatif,99.8
Nur Asim,"Gubernur pekok, kunyuk PA",gubernur pekok kunyuk pa,2026-06-02 19:55:58,0,0,Negatif,99.65
Kurniawansenoupet Kurniawan Kurniawansenoupet,"Heh cangcuter jalan mu di kampung mu di plosok
Tetep haarus si perbaiki jalannya kan itu uang pajak mereka gmna",heh cangcuter jalan mu kampung mu plosok tetep haarus si baik jalan kan uang pajak gmna,2026-06-02 11:37:37,0,0,Negatif,99.78
Delon,Mantan polisi kok di pilihh yo tolol 🤣,mantan polisi pilihh bodoh tertawa terbahak,2026-06-02 16:56:56,0,0,Negatif,99.44
Syamsudin Hidayat,Beda kelas....,beda kelas,2026-06-02 16:19:55,0,0,Netral,87.22
Berkah Teknik,Parah ko bisa jadi pejabat,parah bisa pejabat,2026-06-02 11:14:19,0,0,Negatif,99.7
Sam Wiji,😂KDM top,tertawa kdm top,2026-06-02 10:27:39,0,0,Positif,87.28
Atang Alwi,"Kalau kata pengacara mh, gubenur omdo tepat kali itu,kalau sama KDM nggak  pantas di sebut gebernur omdo mh.",kata pengacara mh gubenur omdo kali kdm tidak pantas sebut gebernur omdo mh,2026-06-02 07:28:54,0,0,Negatif,99.2
Ariep Pratama Putra,Orang terbaik di jawa tengah.wajib mimpin jateng sampe mati,orang baik jawa tengah wajib mimpin jateng sampe mati,2026-06-02 16:11:42,0,0,Negatif,77.29
Dhuda Bherkelana,Banyak bacot lo masak jalan ga ad manpaat nya. Org se Indonesia  sakit hati dengar perkataan mu.,banyak banyak bicara lo masak jalan tidak ad manpaat orang se indonesia sakit hati dengar kata mu,2026-06-02 15:16:17,0,0,Negatif,99.87
اياه امناه,Iki tandane wong pinter tapi ora ngerti neng masyarakate,iki tandane orang pinter ora ngerti neng masyarakate,2026-06-02 13:26:21,0,0,Negatif,98.56
Fardino,Gombal  fiii lutfiiii,gombal fii lutfii,2026-06-02 11:11:22,0,0,Negatif,99.05
Ramadani,Paksa turun aja .. masyarakat kok cuma tinggal diam lihat gubernur tolol begini..nggeh,paksa turun masyarakat tinggal diam lihat gubernur bodoh nggeh,2026-06-02 06:16:42,0,0,Negatif,99.8
Natan,ni hyg nga btep,hyg nga btep,2026-06-02 20:50:32,0,0,Netral,92.84
Ciwonk Pajampangan,Otak senglekk..anying pejabat tololl di pilihh,otak senglekk anying pejabat tololl pilihh,2026-06-02 13:41:12,0,0,Negatif,99.8
Juanda julie,"Gubernur ko koplak ya katanya jalan ga ada manfaatnya inikan gubernur koplak semua jalan ada manfaat pa mu jalan kabupaten jalan desa jalan kota ada manfaat nya 
Yang ada di pikiran nya uang dan uang terus masuk kantong nya ya",gubernur lucu kata jalan tidak ada manfaat inikan gubernur lucu jalan ada manfaat pa mu jalan kabupaten jalan jalan kota ada manfaat ada pikir uang uang terus masuk kantong,2026-06-02 13:24:34,0,0,Negatif,99.7
Nababan Putra,"Wis... Wis.. Pemikiran samoean dangkal tenan, pak gub. Percuma dadi gubernur jateng, cangkemmu... Pak... Pak...",wis wis mikir samoean dangkal tenan pak gub percuma dadi gubernur jateng cangkemmu pak pak,2026-06-02 10:22:04,0,0,Negatif,99.51
Ayu Gordyn,Kalo di pake jalan nanti dompetnya ga mulus jadi jalan mah ga ada gunanya yang penting jalan masuk dompet yang mulus,kalo pake jalan dompetnya tidak mulus jalan mah tidak ada guna jalan masuk dompet mulus,2026-06-02 14:20:27,0,0,Negatif,99.67
Ujangwahyudi Wahyudi,Jauh bnget klo di bandingkan sm kdm . Klo kdm gercep,bnget bandingkan sm kdm kdm gerak cepat,2026-06-02 07:12:17,0,0,Positif,97.92
Boyka,"Kdm tidak perlu ada rapat ,datang langsung jadi solusi langsung dijalan kan ,beda Ama yang Laen udah rapat gak ada manfaat nya gak dijalankan lagi ,",kdm tidak ada rapat datang langsung solusi langsung jalan kan beda ama laen rapat tidak ada manfaat tidak jalan,2026-06-03 07:35:11,0,0,Negatif,81.22
Roh Adi,Gubernor pye iku jalll,gubernor pye iku jall,2026-06-02 22:01:10,0,0,Negatif,51.4
Kang Duren,Ternyata tololl,ternyata tololl,2026-06-02 21:08:31,0,0,Negatif,99.5
Mul Yadi Day,Kasih ludah manusia Kya gtu d pilih ... Sampah makan gajih buta,kasih ludah manusia kya gtu pilih sampah makan gajih buta,2026-06-02 20:38:55,0,0,Negatif,99.83
Aldy Gaskind,Begini kalo bupati nya goblok ancur,kalo bupati bodoh ancur,2026-06-02 17:42:42,0,0,Negatif,99.67
Afrizal,Gubernur gendeng,gubernur gendeng,2026-06-02 16:46:09,0,0,Negatif,99.04
Andi Doank,Gubernur banyak omong,gubernur banyak omong,2026-06-02 06:56:47,0,0,Negatif,90.2
Mulyadi Mulyadi,Inii Lah sejarah tanah Berdiri ada nya propinsi Gubenur PaLing Edan. Setanah Jawa.. ..,inii sejarah tanah diri ada propinsi gubenur edan setanah jawa,2026-06-02 15:17:00,0,0,Negatif,99.48
Tyo,"gubernur opo iki?! ngunu kugh yow dadi, yow onok sing milih sisan......paling gara"" uang amplop wkkkkk",gubernur opo iki i ngunu kugh yow dadi yow ada sing milih sisan gara uang amplop wkk,2026-06-02 20:35:42,0,0,Negatif,68.64
Yustinus Andriwanto,Gub paling goblokkkk,gub goblokk,2026-06-02 19:48:42,0,0,Negatif,99.47
Rujianto Sihombing,Gubernur tai,gubernur tai,2026-06-02 07:57:32,0,0,Negatif,99.6
Abas Omen,"Yang milih kan kalian,,,,ya terima saja,,,,",milih kan kali terima,2026-06-02 13:40:45,0,0,Netral,99.7
Gebby Ranna,Gubernur ODGJ lufti Jateng,gubernur odgj lufti jateng,2026-06-02 19:37:04,0,0,Netral,99.61
Parmin,Cangkeman,cangkeman,2026-06-02 16:43:50,0,0,Negatif,95.67
Betmen Kasarung,Hayang makmur Indonesian mah pejabat na kudu orang Sunda hungkuL😁,hayang makmur indonesian mah pejabat na kudu orang sunda hungkul senang kali,2026-06-02 15:50:57,0,0,Negatif,78.04
Dedi Adam Tanjung,berarti gubenur nya ngak pernah nge cek jalan,gubenur tidak nge cek jalan,2026-06-02 08:48:24,0,0,Negatif,96.76
Aldytukang Takik,Kacau,kacau,2026-06-02 22:07:56,0,0,Negatif,99.72
Dylan,Org gak punya maalu ya gt...,orang tidak punya maalu gt,2026-06-02 22:31:15,0,0,Negatif,99.7
Selvie Ajjah,"Terlalu bnyk teori,,,bukti KLO GK pernah turun kelapangan...
😵😵😵",bnyk teori bukti tidak turun lapang pusing pusing pusing,2026-06-02 20:23:23,0,0,Negatif,97.96
Budai Vikink Gasolin,Buat warga jateng selama gub ny orang stres ga usah bayar pajak 🤣,warga jateng gub ny orang stres tidak bayar pajak tertawa terbahak,2026-06-02 15:11:44,0,0,Negatif,99.69
Bolo Ngaret,Pemimpin koyo jembut,pemimpin koyo jembut,2026-06-02 21:03:05,0,0,Negatif,99.77
Alviansyah Rijal,Bilqng aja Klo duit nya di pke buat jalan ga Ada but kntong gubernur koplak.pke Tuh Cara pemikiran gubernur Jakbar.pmikiran nya kiss bos,bilqng uang pke jalan tidak ada but kntong gubernur koplak pke cara mikir gubernur jakbar pmikiran kiss bos,2026-06-02 08:02:53,0,0,Negatif,99.52
Miko,"Lutfi gubernur pekok,,KLO nmnya jaln pasti ad manfaatnya",lutfi gubernur pekok klo nmnya jaln ad manfaat,2026-06-03 14:38:35,0,0,Negatif,99.55
Novizd,"Yg paling mendukung perekonomian jalan raya.. eeehhh...o""on",dukung perekonomian jalan raya eehh on,2026-06-03 05:18:02,0,0,Netral,74.5
Rizky Barokah,DOBOL,dobol,2026-06-02 21:45:37,0,0,Negatif,99.83
Azril Apip Alfarizi,Yang ginian d jadiin gubenur ahnpada bego,ginian jadiin gubenur ahnpada bego,2026-06-02 17:52:50,0,0,Negatif,99.63
Wong Khentir,"Gue anak kelahiran Jateng tapi di Menit awal dah gue skip...! 
Jijik denger penjelasan soal jalan...!!!!!!!!!",gue anak kelahiran jateng menit gue skip i jijik denger penjelasan soal jalan ii,2026-06-02 20:31:59,0,0,Negatif,99.83
Wawan Setiawan,Gub koplak,gub lucu,2026-06-02 18:26:20,0,0,Negatif,39.81
Suyono Maksum,Gubernur jancok ki ora waras blas edan gemblung mate sisan kwe.,gubernur jancok ki ora waras blas edan gemblung mate sisan kwe,2026-06-02 16:11:42,0,0,Negatif,99.68
Khairun Nisa Kni,Gubernur pea jalan itu buat rakyat,gubernur pea jalan rakyat,2026-06-02 15:22:48,0,0,Netral,84.16
Arman Abdul Ghani,Otak.korupsi!!! Sama yg di belakang,otak korupsiii,2026-06-02 10:30:16,0,0,Negatif,99.68
Bayu Tri,"Ngedebrus gel,",ngedebrus gel,2026-06-02 10:30:07,0,0,Netral,69.61
Rara Santang,Kmha sia we asnaip,kmha sia we asnaip,2026-06-02 20:29:48,0,0,Negatif,96.93
Ifan Setiawan,😮😮😮😮Ngoten aja pak nyihir. Pinter banget gubernur nya lancarkan aja jalan keluarga mu biar rakyatnya tau bapak itu koruf nya ditutupi aja nanti meledak keluarganya,ngoten pak nyihir pinter banget gubernur lancarkan jalan keluarga mu biar rakyatnya tau bapak koruf tutup meledak keluarganya,2026-06-02 19:37:21,0,0,Positif,93.1
Jarkasih Jr.,bingung mikirin nya kalau  di bilang jalan engga ada gunanya ya udah selesai,bingung memikirkan bilang jalan engga ada guna selesai,2026-06-02 19:16:39,0,0,Negatif,99.81
Azis Azis,1 kata oon.gub ni,i kata oon gub,2026-06-02 16:31:34,0,0,Negatif,57.91
Yusup Gemilang,Oon masih di pilih,oon pilih,2026-06-02 09:18:41,0,0,Negatif,99.38
Irwan Aisan Indung,Salah  elu   yg  gt  dipilih,salah gt pilih,2026-06-02 07:10:49,0,0,Negatif,97.69
Tanjung Adhe,Masyarakat jateng harus bangga punya gubenur begitu😂😂,masyarakat jateng bangga punya gubenur tertawa tertawa,2026-06-02 23:34:47,0,0,Positif,99.73
Mido Donk,"ngawor tenan cocote,bangun jalan kok nggak manfaat.berarti Lutfi nggak ono gunane,bayar pajak juga nggak ada gunanya.",ngawor tenan cocote bangun jalan tidak manfaat lutfi tidak ono gunane bayar pajak tidak ada guna,2026-06-02 20:42:36,0,0,Negatif,99.8
Mbah Kakung,iku seng di pikirke orak rakyate .,iku seng pikirke orak rakyate,2026-06-02 19:48:22,0,0,Negatif,86.81
AasMeza Daf,Omonganya muter² gk ada yg bsa masuk diakal,omonganya muter tidak ada bsa masuk diakal,2026-06-02 13:35:38,0,0,Negatif,99.67
Acil Bae,"Lucu kalau liat gubernur satu ini..semua jln pasti ada manfaatnya,JD klu g bisa dpt duit g akan d bangun... intinya mungkin klu duitnya kecil emoh",lucu liat gubernur jln ada manfaat jd klu bisa dpt uang bangun intinya klu duitnya emoh,2026-06-02 10:20:23,0,0,Negatif,98.4
Dwi Prasetiyo Aji,Astaghfirullah nyengiti temen gaes walopun gak nyoblos ana warga Jateng 🫩,astaghfirullah nyengiti temen gaes walopun tidak nyoblos ana warga jateng,2026-06-02 20:21:21,0,0,Negatif,76.79
Mang Uyu,"Rek tumbuh ekonomi kumaha mun jaln na acut
Yang di utamakan itu jln dulu.  ( akses utama )",rekening tumbuh ekonomi kumaha mun jaln na acut utama jln akses utama,2026-06-02 19:37:18,0,0,Negatif,79.53
Acep Suparta,Mantap bapak Aing,mantap bapak,2026-06-02 07:12:47,0,0,Positif,99.33
Muhamad Syahril,Gubernur yg bijak.. Wajib 12 priode ini gubernur,gubernur bijak wajib i priode gubernur,2026-06-02 21:25:36,0,0,Netral,93.34
Yung's Saka,Yang pantas disebut lambe turah ya ini...,pantas sebut lambe turah,2026-06-02 19:27:39,0,0,Negatif,99.35
Yanz Babeh Na Dyan,"Biayaya bsar, emang pke duit lu 😂😂😂",biayaya bsar emang pke uang tertawa tertawa tertawa,2026-06-02 17:39:20,0,0,Positif,78.95
Pemanah Rasa,Gubernur omon2😂,gubernur omon omon tertawa,2026-06-02 10:59:16,0,0,Negatif,72.92
Irwan Iskandar,Wahhh ini mah bela diri gub teh,wahh mah bela gub teh,2026-06-02 07:15:08,0,0,Netral,50.57
Yadi Iday,"Lucu"" ni gubernur",lucu gubernur,2026-06-02 18:46:06,0,0,Negatif,77.24
Eyang Anom,"🤣🤣🤣 pinter"" dongo",tertawa terbahak tertawa terbahak tertawa terbahak pinter bodoh,2026-06-02 20:08:10,0,0,Negatif,99.11
Andi Andi,"Bgn lah jln perlahan, selagi punya jabatan,, mudah"" jln, menuju surga lancar, bgt jg masyarakat jga jalan yg sdh bgs",bgn jln perlahan selagi punya jabat mudah jln surga lancar banget jg masyarakat jga jalan bgs,2026-06-02 14:38:03,0,0,Positif,99.59
Yottaminna,Ciciye gubernure ora jelas temen sih gumun wong kaya kue koh dipilih Peh ora jelas blas,ciciye gubernure ora jelas temen gumun orang kaya kue pilih peh ora jelas blas,2026-06-02 05:26:37,0,0,Negatif,99.75
Toto Adiyanto,Mantaf KDM,mantaf kdm,2026-06-02 22:03:03,0,0,Netral,47.26
Alex Peppy,Kalau gebenor tolol ya gitu. Semua jalan itu bermanfaat dan berguna bagi masyarakat,gebenor bodoh gitu jalan manfaat guna masyarakat,2026-06-02 21:36:02,0,0,Negatif,99.81
Asep Suryana,Kok iso ... gubernur pemikirannya kayak orang gak punya pikiran?,iso gubernur pemikirannya kayak orang tidak punya pikir,2026-06-02 14:11:29,0,0,Negatif,99.58
Ramon Itik,"Gubernur jteng 
Gebenur molor",gubernur jteng gebenur molor,2026-06-02 07:15:34,0,0,Netral,97.98
Ahmad Asep Ahmadi,"KOPLAK LOL. BEG, TENANANAN GUBERNUR PRO PRIORITAS TERKORUP SEPRTI NYA",lucu beg tenananan gubernur pro prioritas terkorup seprti,2026-06-02 19:09:50,0,0,Negatif,62.54
Purnomo Heri,Kok gak di lengser kan ya,tidak lengser kan,2026-06-02 18:37:22,0,0,Negatif,93.19
Alex Alex,Ayo warga jateng. Siap d nepal kan pejabatnya.,ayo warga jateng siap nepal kan pejabatnya,2026-06-02 22:38:43,0,0,Negatif,92.15
Agus Sandiagauno Agustus,Namanya saja jeneral ini namanya aja jeneral tapi otaknya tidak ada otak otak anjing pangkatnya aja tu jeneral kalau otaknya itu anjing enggak ada otak benar itu,nama jeneral nama jeneral otaknya tidak ada otak otak anjing pangkatnya tu jeneral otaknya anjing enggak ada otak,2026-06-02 19:28:10,0,0,Negatif,99.85
Agus,Dah waktunya di lengserkan ..,waktu lengserkan,2026-06-02 16:59:54,0,0,Negatif,98.85
Rudi Juna,Lagi belajar mohon di maklum,belajar mohon maklum,2026-06-02 07:17:34,0,0,Netral,99.74
Sumardina Sumardina,Parah re re,parah re re,2026-06-02 21:36:16,0,0,Negatif,99.8
Miko Sujat,Bayar pajak tidak ada mampaatnya,bayar pajak tidak ada mampaatnya,2026-06-02 20:40:27,0,0,Negatif,99.6
Eraa Tea,"𝕵𝖆𝖓𝖌𝖆𝖓 𝖇𝖆𝖓𝖉𝖎𝖓𝖌𝖐𝖆𝖓 𝖆𝖒𝖆 𝖐𝖉𝖒 𝖉𝖔𝖓𝖌, 𝖇𝖊𝖉𝖆 𝖏𝖆𝖚𝖍 𝖆𝖒𝖆 𝖐𝖉𝖒 𝖒𝖆𝖍",,2026-06-02 17:18:11,0,0,Netral,74.67
Ririn Rinita,Gubenur bnyk bacot .coba tuh gubenur bpk aing sitset lngsung beres  .ini mh gubernur bnyk derma bisa yh jelekn gubenur Jawa Barat,gubenur bnyk banyak bicara coba gubenur bpk sitset lngsung beres mh gubernur bnyk derma bisa yh jelekn gubenur jawa barat,2026-06-02 16:34:34,0,0,Negatif,99.09
Cemerlang Cemerlang,Pinter ngeles ni gubnernur,pinter ngeles gubnernur,2026-06-02 07:04:07,0,0,Negatif,70.92
Gule Ptk,Gubernur mplanga plongo kaya asu,gubernur mplanga plongo kaya asu,2026-06-02 05:03:16,0,0,Negatif,99.81
Wahyudie Akilla,Bos anu lutfi wesss dungu 😂,bos anu lutfi wess dungu tertawa,2026-06-02 23:26:34,0,0,Negatif,99.25
Murdock Slank,ORA UMUM...!!!,ora ii,2026-06-02 11:52:45,0,0,Netral,75.24
Dhedhedhe Dhe Dhe,Ga ad manfaatnya ....lalu warga d sana memang bukan tanggung jawab anda paaa.... Bicara bapak sedikit tapi nancep d hati,tidak ad manfaat lalu warga bukan tanggung jawab paa bicara bapak nancep hati,2026-06-02 20:24:05,0,0,Negatif,99.66
M Adam,Pemimpin koplak,pemimpin lucu,2026-06-02 20:50:39,0,0,Negatif,42.54
Sisabrie Ranknekads,cumi pinter jawab alias pinter ngeLES .artinya jonk.yrus manfaatnya apa buat warganya,cumi pinter jawab alias pinter ngeles arti jonk yrus manfaat warga,2026-06-02 13:31:57,0,0,Netral,50.13
Faeyza,Orang oon bisa jadi gubernur.🤣🤣🤣,orang oon bisa gubernur tertawa terbahak tertawa terbahak tertawa terbahak,2026-06-02 13:24:18,0,0,Negatif,99.31
Jecko Ramtamtam,Sehingga apa..... Gubernur  kok peko,gubernur peko,2026-06-02 05:11:22,0,0,Netral,96.28
Ki Ahmad,"Nanti Dulu Dong Belum Balik Modal Nih Nyalon Gubernur Hahaha, kalo udah balik modal baru Infrastruktur😂 dasar plenger",dong belum modal nyalon gubernur kalo modal infrastruktur tertawa dasar plenger,2026-06-02 15:10:58,0,0,Negatif,99.75
Suryo Mahendra,Wong goblok kok dadi gubernur ..,orang bodoh dadi gubernur,2026-06-02 12:36:51,0,0,Negatif,99.02
Aryo Alfandi,"Makan pak duitnya buat sendiri,jalan ma g penting, yang penting perut BPK kenyang",makan pak duitnya jalan ma perut bpk kenyang,2026-06-02 17:38:52,0,0,Negatif,79.23
Hara Riem Bengeutt,Gubernur paling terngeyelll  🤭🤭🤭🤭🤭😂😂😂😂😂😂,gubernur terngeyell tertawa tertawa tertawa tertawa tertawa tertawa tertawa tertawa tertawa tertawa tertawa,2026-06-02 12:11:55,0,0,Positif,49.41
Manto Jaya,Gubernur koplak yg bisa tilang di tempat dapat duit,gubernur lucu bisa tilang uang,2026-06-02 20:48:43,0,0,Negatif,99.45
Mang Yadi,"Capebuk tausah usul"" ajak warga gotongroyong",capebuk tausah usul ajak warga gotongroyong,2026-06-02 13:44:54,0,0,Netral,75.78
Muhammad Al Fath,Pejabat ko pada tolol ya otaknya bawa ke kalo lg pake seragam itu,pejabat bodoh otaknya bawa kalo lg pake seragam,2026-06-02 13:10:09,0,0,Negatif,99.74
Sangidun Ahmad,Kita jadikan seumur hidup lutfi ini biar tambah kacau Jawa Tengah di pimpin oleh lutfi,jadi seumur hidup lutfi biar kacau jawa tengah pimpin lutfi,2026-06-02 13:14:34,0,0,Negatif,97.51
Jessie Cipi,"Gubernur goblok....tolol....
Rak ISO mimpin rakyat....",gubernur goblok tolol rak iso mimpin rakyat,2026-06-02 18:39:15,0,0,Negatif,99.75
BpkNya Wildan,Loba bacot lah,loba banyak bicara,2026-06-02 17:25:47,0,0,Netral,67.87
Koko Nirvana,Goblok..jalan udah bagus mah ada juga guna nya,goblok jalan bagus mah ada,2026-06-02 10:22:59,0,0,Netral,55.76
Agoes Tea Wehk Lackh,Gubernur tergoblog klu GK ad manfaat ny km aj jln kaki,gubernur tergoblog klu tidak ad manfaat ny km jln kaki,2026-06-02 19:35:31,0,0,Negatif,99.63
Ka Kona,Koplak mbok,lucu mbok,2026-06-02 18:12:58,0,0,Negatif,83.24
Rindu Rindu,Gubernur muka itil jadi ga mikirin rakyat nya yang ada di otak nya hanya itil,gubernur muka itil tidak memikirkan rakyat ada otak itil,2026-06-02 17:49:14,0,0,Negatif,99.78
Doni Wibowo,Owalah . Goblok2,owalah bodoh bodoh,2026-06-02 20:39:28,0,0,Negatif,99.52
Kelapasekayu Dramaga,"Hadeuuhhh, anda kira masyarakat semua nya bodoh ya, pemikiran anda sempit sebagai gubernur,",hadeuuhh masyarakat bodoh mikir sempit gubernur,2026-06-02 11:47:28,0,0,Negatif,99.82
Sukono,"Jwa tengah,
Di tangan yng salah.
#",jwa tengah tangan yng salah,2026-06-02 19:18:53,0,0,Negatif,98.93
Jasmani,"Jawa tengah bersatu, gulingkan itu guberenur,.",jawa tengah satu gulingkan guberenur,2026-06-02 05:39:16,0,0,Netral,99.66
Nugraha Saja,Gubernur koq tolol n goblok...,gubernur koq bodoh goblok,2026-06-02 21:51:11,0,0,Negatif,99.51
M Samboja,Artikulasi nya cukup jelas ini gubernur,artikulasi jelas gubernur,2026-06-02 16:42:09,0,0,Netral,99.3
Aep Saepuloh,Gubenur tolol,gubenur bodoh,2026-06-02 19:12:31,0,0,Negatif,98.53
Nupriyadi,Gubernur Pekokkkkkk,gubernur pekokk,2026-06-03 08:42:25,0,0,Negatif,99.26
Anigrosir,"Demo saja .  Ga guna jadi gubernur  ,,,",demo tidak gubernur,2026-06-02 11:17:15,0,0,Negatif,90.6
Hudaa Setiawan,Gubernur tai,gubernur tai,2026-06-02 06:13:20,0,0,Negatif,99.6
Renaldi Arkana,MANUSIA GOBLOK JADI GUBERNUR !! HAHA ASU.,manusia bodoh gubernur ii asu,2026-06-02 11:44:47,0,0,Negatif,99.75
Apin Gagundali Kombu,Gubernur bodoh,gubernur bodoh,2026-06-02 15:49:26,0,0,Negatif,99.5
Khanza Kenzo,Ketika org goblok+tolol di pilih jdi gubernur ea gto hasil.n,orang goblokttolol pilih gubernur ea gto hasil,2026-06-02 18:08:07,0,0,Negatif,99.21
Anwar Anjar,Gubernur anjing,gubernur anjing,2026-06-02 20:22:02,0,0,Negatif,99.67
Saeful Hayat,kerja lah lutpy jngn banyak bacot,kerja lutpy jngn banyak banyak bicara,2026-06-02 12:02:25,0,0,Netral,79.05
Dans Suhendar,"Gubernurnya nae umur hidup, ini wkwkwk",gubernurnya nae umur hidup,2026-06-02 18:02:50,0,0,Negatif,98.41
Wijaya Budi Anton,Pilihan siapa otak kok tolol bgitu,pilih otak bodoh bgitu,2026-06-02 20:18:00,0,0,Negatif,99.77
Tigreal,"Dimana mana ge jalan mah manfaat atuh goblog tolol te boga otak , baju we sia mah sragam otak ewehan .dasar setan otak",mana mana ge jalan mah manfaat atuh goblog bodoh te boga otak baju we sia mah sragam otak ewehan dasar setan otak,2026-06-02 10:21:13,0,0,Negatif,99.67
BeRi Silouwie,Ada ya gubernur yg otaknya koplak?!,ada gubernur otaknya koplak i,2026-06-02 20:38:54,0,0,Negatif,99.59
Sodik Wargi Baraya Kdm,Rakyat butuh jalan pak,rakyat butuh jalan pak,2026-06-02 05:01:39,0,0,Negatif,70.22
Serpihan Senja,"Untuk warga Jateng yg mau mendemo gede2 an ke Lutfhi, kami persilahkan dengan senang hati 🤣🤣🤣
Kami dri Jabar, hnya bisa nyimak..",warga jateng mendemo gede gede an lutfhi persilahkan senang hati tertawa terbahak tertawa terbahak tertawa terbahak dri jabar hnya bisa nyimak,2026-06-02 22:14:29,0,0,Negatif,89.37
Juan Andi Pom,Eh tolol emang nya pake dana pribadi nte dasar otak udang ga gableuk pucus,bodoh emang pake dana pribadi nte dasar otak udang tidak gableuk pucus,2026-06-02 18:13:34,0,0,Negatif,99.77
Abizar,Gubernur bodo.. tolol... Idiot... Ada ya gubernur kaya gini gak ada otak,gubernur bodo tolol idiot ada gubernur kaya gini tidak ada otak,2026-06-02 07:36:54,0,0,Negatif,99.82
Sumala Lamong,LUTFI GOBLOK,lutfi bodoh,2026-06-02 09:56:31,0,0,Negatif,99.67
Jhon Kiss,Yang tetangganya orang ini pasti bilang orangnya baik ko ga sombong😂,tetangganya orang bilang orang tidak sombong tertawa,2026-06-02 17:00:59,0,0,Negatif,98.88
Masgojek Mas,😂😂😂😂😂,tertawa tertawa tertawa tertawa tertawa,2026-06-02 21:39:15,0,0,Positif,95.0
Brigenz Jolo,Harusnya ucapan gubernur bukan seperti itu. Itu malah menyudutkan masarakat kecil pie to mass omongane kayak ngono ora ono mangpaate,harus ucap gubernur bukan menyudutkan masarakat pie to mass omongane kayak ngono ora ono mangpaate,2026-06-02 21:47:31,0,0,Negatif,99.4
Mohammad Sukron,🤣🤣🤣🤣🤣,tertawa terbahak tertawa terbahak tertawa terbahak tertawa terbahak tertawa terbahak,2026-06-02 20:32:30,0,0,Negatif,92.14
Pipe Pirman Permana,"Kasihan warga jawa tengah gubernurnya sangat bodoh , somoga satu periode😭",kasih warga jawa tengah gubernurnya bodoh somoga periode sedih,2026-06-02 19:44:22,0,0,Negatif,99.82
Mitrakencana Adv Mitrakencana Adv,🔥😂🔥🔥😂🔥😂😂,keren tertawa keren keren tertawa keren tertawa tertawa,2026-06-02 21:27:44,0,0,Positif,99.68
Apuk Ba E,😂,tertawa,2026-06-02 21:16:20,0,0,Netral,52.07
Ahmad,😂😂😂,tertawa tertawa tertawa,2026-06-02 19:55:12,0,0,Positif,96.51
Nelson,😂😢😂😂😂,tertawa menangis tertawa tertawa tertawa,2026-06-02 12:26:38,0,0,Positif,95.9
Dhe Tara Kamanamana,😂😂😂😂😂😂😂😂😂😂😂😂😂😂😂😂😂😂,tertawa tertawa tertawa tertawa tertawa tertawa tertawa tertawa tertawa tertawa tertawa tertawa tertawa tertawa tertawa tertawa tertawa tertawa,2026-06-02 15:15:08,0,0,Positif,91.2
Zeny Nyong'o,Hidup pak Luthfi 😂😁 lanjutkan korupsi mu belum balik modal 😂😁,hidup pak luthfi tertawa senang kali lanjutkan korupsi mu belum modal tertawa senang kali,2026-06-02 23:33:20,0,0,Positif,63.31
Umpu Kakah,"Kasian Benar masyarakat Pelosok Jawa Tengah , Salah Pilih Gubernurnya .",kasian masyarakat pelosok jawa tengah salah pilih gubernurnya,2026-06-02 07:15:51,0,0,Negatif,99.8
Daeng Ega,Purnomo Belajar Baik Fans - PBBF,purnomo belajar fans pbbf,2026-06-02 19:54:00,0,0,Netral,99.65
Sudin Nifa,🔥😂,keren tertawa,2026-06-02 20:23:44,0,0,Positif,99.83
Ahmad Fauzi,Jawa koekkk,jawa koekk,2026-06-02 22:21:18,0,0,Negatif,86.92
Yadi Saefullah,Bacot tok,banyak bicara tok,2026-06-02 20:17:59,0,0,Negatif,80.34
Bang Ajat,Si botol kecap sudah tidak menyakinkan lagi mestinya di Do,si botol kecap tidak yakin mestinya do,2026-06-02 17:49:34,0,0,Negatif,99.66
Immanuel Fernando Marpaung,"Tuh di penghujung vidio cuma bapak aing KDM yang bener ngomongnya.
si PANJUL asbun aja kalau becakap muncungnya itu 😁",penghujung vidio bapak kdm bener ngomongnya si panjul asbun cakap muncungnya senang kali,2026-06-02 17:35:49,0,0,Negatif,98.66
Sabar Santoso,Mungkin kalau ngak penting . Dulu ngak akan di buat jalan. Blok,tidak tidak jalan blok,2026-06-02 14:49:26,0,0,Negatif,99.4
Sandy Cou Sandy,banyak teori omdo,banyak teori omdo,2026-06-02 14:39:01,0,0,Negatif,98.63
Saepul Uyun Reel,Trus pajak kendaraan kita  nya di kemanain pak klo kaga buat jalan,trus pajak kendaraan kemanain pak tidak jalan,2026-06-02 13:57:29,0,0,Negatif,98.28
Iyan Suryana,Kdm itu sangat bagus .ga omon omon doang langsung bangun ini baru gubernur,kdm bagus ga omon omon doang langsung bangun gubernur,2026-06-02 13:09:49,0,0,Negatif,73.34
Ujang Junaedi,Gubernur oon,gubernur oon,2026-06-02 12:58:53,0,0,Negatif,99.67
Adian Boed,Nah gitu netizen jadi yang viral itu harus dimitigasi,nah gitu netizen viral dimitigasi,2026-06-02 11:09:18,0,0,Negatif,85.11
Yonna Sativa,"Kalo kepilih lagi , tolol banget orang yang milih hewan ini",kalo pilih bodoh banget orang milih hewan,2026-06-02 09:36:39,0,0,Negatif,99.28
Djajat Mika,Wkwkwk kasian ko bisa ke pilih 😭,kasian bisa pilih sedih,2026-06-02 09:14:18,0,0,Negatif,99.63
M Nur S,"Jawaban yang kurang bijak bagi aparatur yang berpendidikan yang harusnya mempunyai pola fikir yang lebih luas.,, tapi jawaban njenengan membuktikan sekolah tinggi belum tentu pintar...",jawab bijak aparatur berpendidikan harus punya pola fikir luas jawab njenengan bukti sekolah tinggi belum pintar,2026-06-03 07:36:55,0,0,Negatif,80.72
Wisnu Bawa,Banyak epek ekonomi.. Dari jalan pak jika jalan jelek rakyat... Akan susah... Mengeluarkan hasil.. Jadi perekonomian akan terhambat...,banyak epek ekonomi jalan pak jalan jelek rakyat susah mengeluarkan hasil perekonomian terhambat,2026-06-03 04:05:03,0,0,Negatif,99.83
Wantoaja,Bamyak omong tp tongkosong...ora danta,bamyak omong tp tongkosong ora danta,2026-06-02 22:10:11,0,0,Negatif,99.36
Agus Iday Pahrudin,Bangun jalan yg bisa jadi bisnis saja pak pak giliran lu butuh suara aja nyampe liang tikus lu datengin,bangun jalan bisa bisnis pak pak gilir butuh suara nyampe liang tikus datengin,2026-06-02 22:09:37,0,0,Negatif,99.74
Sunaryo,Gubernur goblok...,gubernur goblok,2026-06-02 21:59:37,0,0,Negatif,99.24
Herman Eko,akpol mana becus ngurus rakyat ngurus tilangmah iya...h,akpol mana becus ngurus rakyat ngurus tilangmah iya,2026-06-02 21:31:24,0,0,Negatif,99.75
Kakaroto Roto Roto,"Gubernur goblok otak TAI 
pikirannya sempit  kayak dengkul u, cok",gubernur bodoh otak tai pikirannya sempit kayak dengkul cok,2026-06-02 21:24:09,0,0,Negatif,99.85
Ida Tutu,gubenur otak dungu...alias bego tolol....,gubenur otak dungu alias bego tolol,2026-06-02 21:09:29,0,0,Negatif,99.16
Norinto,Gubernur itu seperti KDM berani ga lutfi nyontoh seperti jabar,gubernur kdm berani tidak lutfi nyontoh jabar,2026-06-02 21:06:40,0,0,Netral,96.75
Dhiela Adjh,gubernur jateng  ko goblooog  bnget ya...,gubernur jateng gobloog bnget,2026-06-02 19:47:31,0,0,Negatif,98.99
Arbaun Tolelet,Kdm josss,kdm joss,2026-06-02 18:00:08,0,0,Netral,53.7
Pati Nyawa,"jadikan gubernur seumur hidup aja,masarakat jateng,baguuuus pk gubernurnya??",jadi gubernur seumur hidup masarakat jateng baguus pk gubernurnya,2026-06-02 17:56:05,0,0,Positif,78.64
Rendi Rian,ituh kan jalan buat para petani,ituh kan jalan petani,2026-06-02 16:52:45,0,0,Netral,92.22
Golek Semar,Jelas beda dong jauh banget,jelas beda dong banget,2026-06-02 16:07:08,0,0,Negatif,92.02
Indra Dwiguna Jh,"ayooo calonkan beliau jadi presiden yuuk,,,🤣🤣🤣🤣🤣🤣🤣",ayoo calon beliau presiden yuuk tertawa terbahak tertawa terbahak tertawa terbahak tertawa terbahak tertawa terbahak tertawa terbahak tertawa terbahak,2026-06-02 13:17:44,0,0,Negatif,46.97
Suwarto,Gubernur e lewat sawah,gubernur sawah,2026-06-02 12:48:04,0,0,Netral,96.11
Jais Deni,Penjabat goblokkk asuh..otak bodokk,penjabat goblokk asuh otak bodokk,2026-06-02 11:54:10,0,0,Negatif,99.78
Den Jr.,Pemikiran nya sama gubenur jawabarat sama gubernur  jawa tegah bagai kan lagin dan bumi lebih cerdas  gebenur jawabarat,mikir gubenur jawabarat gubernur jawa tegah kan lagin bumi cerdas gebenur jawabarat,2026-06-02 11:54:04,0,0,Negatif,61.12
Ahmad Matin,Hasil prodak jawa tengah lucu2,hasil prodak jawa tengah lucu lucu,2026-06-02 11:45:20,0,0,Positif,82.94
Syehedo Wati,"Klu KDM,GK peduli itu jln desa,kabupaten,propinsi,pokoknya bangun",klu kdm gk peduli jln kabupaten propinsi pokok bangun,2026-06-02 11:32:11,0,0,Negatif,69.41
Muslim Muslim,Kok panggah pekok ae,panggah pekok ae,2026-06-02 10:36:08,0,0,Negatif,90.19
Gusni Herman,Opo iki🤣🤣🤣🤣🤣,opo iki tertawa terbahak tertawa terbahak tertawa terbahak tertawa terbahak tertawa terbahak,2026-06-02 10:16:27,0,0,Negatif,88.58
Kimin Dobol,mulut lutfi ini gak ada bedanya sama MEMEK YG BARU KENA KONTOL dan otaknya juga kerendam Peju makanya dungu permanen....maling pisan maklum mbah2nya dulu juga maling,mulut lutfi tidak ada beda memek kena kontol otaknya kerendam peju makanya dungu permanen maling pisan maklum mbahnya maling,2026-06-02 07:41:24,0,0,Negatif,99.79
Nusantara Pertiwi,Mantappp kdm,mantapp kdm,2026-06-02 07:14:55,0,0,Netral,80.71
Achiang Elgato,Lengserkan saja kalau pikiran gak beres,lengserkan pikir tidak beres,2026-06-02 06:45:07,0,0,Negatif,99.72
Jecko Ramtamtam,Gubernur kok pekok..... Mosok  jlan ora ono manfaat eeeee...... Kan pekok..... Pekok jan.. Ws pekok..... Yen jalannya di bangun  apik... Mulus  kan perekonomian    meningkat.... Piye to iki gubernur kok pekok.....,gubernur pekok mosok jlan ora ono manfaat ee kan pekok pekok jan ws pekok yen jalan bangun apik mulus kan perekonomian meningkat piye to iki gubernur pekok,2026-06-02 05:13:05,0,0,Negatif,99.51
Galih Kurniawan,kdm jadi presiden indonesa siap maju da itu pasti,kdm presiden indonesa siap maju da,2026-06-02 22:07:04,0,0,Positif,83.43
Aki Aki,"maka nya bapak ibu milih pemimpin itu yg bener ,jgn kaya gubenur jtm yg bengo banget",bapak ibu milih pemimpin bener jgn kaya gubenur jtm bengo banget,2026-06-02 22:06:11,0,0,Negatif,98.45
Pariono Prastio,Due gubernur kakean micin Yo ngene iki,due gubernur kakean micin ngene iki,2026-06-02 21:09:30,0,0,Negatif,99.16
Nanung Suhendar,Jauh sama kdm  kerja nya satset .,kdm kerja cepat,2026-06-02 19:55:03,0,0,Negatif,73.01
Kevin Wijaya,Copot langsung,copot langsung,2026-06-02 19:50:38,0,0,Negatif,99.5
Alghean Putra Pasundan,Dia gengsi ngikutin kinerja KDM.,gengsi ngikutin kinerja kdm,2026-06-02 19:35:15,0,0,Negatif,99.51
Rohmat Bekasi,Aaaaaaaaaaaaaah klamaaaaaaaaah ngomong mulu,aaah klamaah ngomong terus,2026-06-02 14:46:43,0,0,Negatif,99.77
Ciwonk Pajampangan,Ngomong nya pd anjing ..otak mabok kucubung ...,ngomong percaya anjing otak mabok kucubung,2026-06-02 13:41:52,0,0,Negatif,99.81
Sepeda Listrik Rancamanyar,Lieur,lieur,2026-06-02 21:50:50,0,0,Negatif,84.63
Purnomo Heri,2 tahun KRNA aspal ya jelekj,tahun krna aspal jelekj,2026-06-02 18:38:31,0,0,Negatif,99.83
Sayeti,Sekolah duwur2 smpe jd jendral jd gubernur.... Jln bagus mulus kok gk ada manfaat.... Jln mulus.. Adlh awal ekonomi n pangan bergerak cpat,sekolah duwur duwur smpe jd jendral jd gubernur jln bagus mulus tidak ada manfaat jln mulus adlh ekonomi pangan gerak cpat,2026-06-03 12:23:20,0,0,Negatif,99.63
Ida Marisyah Kayla,"KLO ga ada manfaatnya ya tinggal di hutan aja jgn keluar kota,,,dasar manusia tak guna",tidak ada manfaat tinggal hutan jgn keluar kota dasar manusia tak,2026-06-03 12:14:36,0,0,Negatif,99.84
Nanang Zhu,beda kelas.,beda kelas,2026-06-03 06:00:45,0,0,Netral,87.22
Rina Setiawati,"Oh yaa.., dari pada jln yg di buat utk keruk kekayaan negri seperti tambang misalnya apa yg didapat anak negri cuma lobang lobang..,dan licin dikit.. enakan oligarki...duit dapat Ndak tanggung jawab... Aduuuhhh....kerja cerdas Doong pak...!! Lihat  JABAR.. hebat sistemnya... Jln utk ketahanan pangan yg utama ....👍",yaa jln utk keruk kaya negri tambang dapat anak negri lobang lobang licin dikit enakan oligarki duit tidak tanggung jawab aduuhh kerja cerdas doong pak ii lihat jabar hebat sistemnya jln utk tahan pangan utama bagus,2026-06-03 05:17:37,0,0,Negatif,99.45
Andre,"Kok Ono pemimpin koyok NGNE. 
Rojo ngeyel",ono pemimpin koyok ngne rojo ngeyel,2026-06-03 05:13:47,0,0,Negatif,99.15
Rina Setiawati,"Luthfi, ngomong kamu itu yg benar aja ...
LAA jalan yg paling gacor itu utk masyarakat pertanian utk menumbuhkan swasembada pangan biar rakyat kuat ekonominya . Baru jln yg berpotensi  utk kemajuan di sektor lainnya ..ok🙂👍",luthfi ngomong laa jalan gacor utk masyarakat pertanian utk menumbuhkan swasembada pangan biar rakyat kuat ekonominya jln berpotensi utk maju sektor lainnya ok bagus,2026-06-03 05:12:26,0,0,Negatif,66.04
Erdiboy Nuraedi,😂😂😂,tertawa tertawa tertawa,2026-06-03 05:00:54,0,0,Positif,96.51
Unyil Tok,Wes ganti ae gubernur ora mutu... Percuma gelo aq su.. Milih lutfi,wes ganti ae gubernur ora mutu percuma gelo aq su milih lutfi,2026-06-03 04:46:43,0,0,Negatif,99.16
Nur Sofyan,Lengserin ajj ....,lengserin ajj,2026-06-03 04:08:48,0,0,Negatif,98.24
Candra Hermawan,😂,tertawa,2026-06-03 03:54:37,0,0,Netral,52.07
Cakra,gubernur lieur,gubernur lieur,2026-06-03 03:32:35,0,0,Negatif,84.31
Endang Saputra,"Gubernur dungu, goblok nya udah tingkat dewa 🤣🤣",gubernur dungu bodoh tingkat dewa tertawa terbahak tertawa terbahak,2026-06-03 00:57:54,0,0,Negatif,99.34
Edi Suryo,"Ini pejabat ngk mmang mntap😃
Biar duit ny d kantong mereka gtu😃",pejabat tidak mmang mntap gembira biar uang ny kantong gtu gembira,2026-06-03 00:24:02,0,0,Negatif,91.96
Opey Ishak,Dia cmn iri sma KDM 😂,cmn iri sma kdm tertawa,2026-06-02 23:59:11,0,0,Negatif,91.8
Yogi Ismail,Gubernur paling GEBLEUG ampun 😂😂😂,gubernur gebleug ampun tertawa tertawa tertawa,2026-06-02 22:36:29,0,0,Negatif,89.09
Jartii Aswan,"kalau belajar ekonomi dari buku
itu untuk pengusaha saja
kalau pejabat harus belajar dari rayat ter bawah
karna harus tau putaran uang warga nya.
negara maju itu 
negara yg mensejahterakan rayat kecil karna putaran uang nya sangat cepat",belajar ekonomi buku pengusaha pejabat belajar rayat ter tau putar uang warga negara maju negara mensejahterakan rayat putar uang cepat,2026-06-02 22:11:39,0,0,Negatif,92.6
Wahidin Djimponk Property,"Bukan g ada manfaatnya tp disitu bukan lumbung suaranya wktu pemilihan
Jd prioritas lumbung suaranya dl
Gt tah mksdnya",bukan ada manfaat tp disitu bukan lumbung suara wktu pemilihan jd prioritas lumbung suara dl gt mksdnya,2026-06-02 22:08:22,0,0,Netral,53.16
Sunardi,Bener bener Tolol gub Jateng,bener bener bodoh gub jateng,2026-06-02 22:06:36,0,0,Negatif,99.28
Budi Chadong,Hahaha.... goblog,goblog,2026-06-02 22:01:10,0,0,Negatif,99.72
Ali Aswan,Parah banget orang ini..jauh beda dengan kang Dedi Mulyadi,parah banget orang beda kang dedi mulyadi,2026-06-02 21:58:08,0,0,Negatif,99.43
Imam Maulana,Gubunur gk cerdas pesimis,gubunur tidak cerdas pesimis,2026-06-02 21:52:19,0,0,Negatif,99.17
Gusti Prabu Siliwangi,Kok tolol yah si onoh mah😂,bodoh yah si onoh mah tertawa,2026-06-02 21:50:12,0,0,Negatif,98.43
Qurna'esin Esin,Gub....Bodoh di piara,gub bodoh piara,2026-06-02 21:46:22,0,0,Negatif,99.77
Ramlan Kampak,"BEDA KELAS SAMA GUB JAWA BARAT ,susah di ajak ngobrol nih 😂",beda kelas gub jawa barat susah ajak ngobrol tertawa,2026-06-02 21:37:04,0,0,Negatif,98.62
Husen Husen,Cocok ni jadi RI 1 😜,cocok ri i,2026-06-02 21:26:58,0,0,Netral,70.7
Rianto Fiqro,Suruh si Dedi Mulyadi mengsahkan uu perampasan aset kalo berani..selagi uu perampasan aset ngk di terbitkan jadi babu seumur hidup.,suruh si dedi mulyadi mengsahkan uu perampasan aset kalo berani selagi uu perampasan aset tidak terbitkan babu seumur hidup,2026-06-02 21:24:50,0,0,Negatif,99.47
Ahmad Zaki,Lutfi gabud,lutfi gabud,2026-06-02 21:24:36,0,0,Negatif,91.52
Damar Setiadi,Kok orang kyk gini bisa jd gurbernur ya..,orang kyk gini bisa jd gurbernur,2026-06-02 21:22:32,0,0,Negatif,98.78
Babab Ara,Pejabat 6ang satu 8ni cuma cukup satu kta buat saya Hai bangsat tdk manfaat gmna bansat. Rakyat bayar pajak,pejabat ang bni kta hai ajar tidak manfaat gmna bansat rakyat bayar pajak,2026-06-02 21:21:28,0,0,Negatif,99.79
Aby Jr,Mantap iki pilihane wong jateng 😂,mantap iki pilihane orang jateng tertawa,2026-06-02 21:12:11,0,0,Positif,98.39
Timi Latif,Gubetnur otak korup ya gitu pemikirannya curek..,gubetnur otak korup gitu pemikirannya curek,2026-06-02 21:11:28,0,0,Negatif,99.77
Erwin Syahputra,Bilg z uang nya mau kamu mkn sendiri lutfi,bilg uang makan lutfi,2026-06-02 21:11:22,0,0,Negatif,92.28
Dedy,Angkat jDi presiden kedepanya ini sangat bermutu pemikiranya salm waras,angkat presiden kedepanya bermutu pemikiranya salm waras,2026-06-02 21:11:06,0,0,Positif,95.53
Aamjuhaeri,Gubernur gk ada manfaatnya 🤣,gubernur tidak ada manfaat tertawa terbahak,2026-06-02 21:09:53,0,0,Negatif,99.62
Edwin Aldrin,Dungu,dungu,2026-06-02 21:08:04,0,0,Negatif,98.94
Ogi Giyan,Pak...jalan lah bapak ke jalan menuju jalan ahirat,pak jalan bapak jalan jalan ahirat,2026-06-02 21:06:44,0,0,Netral,63.74
Hasto Nis,Masyarakat semua bayar pajak pak🤣🤣 jadi jangan hnya pilih masyarakat yang punya potensi saja aneh skli🤦🤦,masyarakat bayar pajak pak tertawa terbahak tertawa terbahak jangan hnya pilih masyarakat punya potensi aneh skli,2026-06-02 21:05:50,0,0,Negatif,99.68
Andika Pratama,La anggaranya kmn pak ...bok survei lngsunh kjln sperti p kdm biar tau ..itu mnumbuhkan ekonomi tidak e. Jngn cuma debat ..kapan kelarnya mslh,la anggaranya kmn pak bok survei lngsunh kjln sperti kdm biar tau mnumbuhkan ekonomi tidak jngn debat kapan kelarnya mslh,2026-06-02 21:03:04,0,0,Negatif,97.88
Yunita Mandasari,parah si nih gubernur padahal klo jalanan bagus bisa JD pariwisata,parah si gubernur jalan bagus bisa jd pariwisata,2026-06-02 20:52:48,0,0,Negatif,95.49
Young Li,jngn menyesal kan itu pilihan anda anda semua😂,jngn menyesal kan pilih tertawa,2026-06-02 20:52:34,0,0,Positif,99.53
Naura,gubernur banyak drama .... 😂,gubernur banyak drama tertawa,2026-06-02 20:48:42,0,0,Negatif,98.79
Btn Rumah,"Aku sebagi warga Jabar, sangat mendukung  Gubernur Jateng kalo bisa 4 Periode,,, sahhh
Siap siap Cek Tensi tip hari akan turun terus.",bagi warga jabar dukung gubernur jateng kalo bisa a periode sahh siap siap cek tensi tip hari turun terus,2026-06-02 20:44:07,0,0,Netral,40.12
Jaboen AL Farizzy,Teori teori teori....,teori teori teori,2026-06-02 20:41:01,0,0,Netral,89.02
Eyang Depok Paringga,Butuh proses coba klo sampean jadi gubernur pa ora puyeng ndasmu,butuh proses coba sampean gubernur pa ora puyeng ndasmu,2026-06-02 20:36:49,0,0,Negatif,88.63
M Afnan Pratama,"Ah Bagong ue NU Kitu MH dimna Aya jln teu mnpaat , Kabeh ge jln MH manpaat sipat anu sok di lewatan mh",bagong ue nu kitu mh dimna aya jln teu mnpaat kabeh ge jln mh manpaat sipat anu sok lewat mh,2026-06-02 20:25:58,0,0,Negatif,91.85
Sudin Nifa,😮😭,sedih,2026-06-02 20:25:28,0,0,Netral,91.78
Yadisupriyadi,"Kenapa kdm d kritik🤦🤦
Giliran mbg diam bae🤭🤭🤭
Mbg Yg merugikan para pedagang",kenapa kdm kritik gilir mbg diam tertawa tertawa tertawa mbg merugikan pedagang,2026-06-02 20:24:30,0,0,Negatif,99.46
Olih S,🐕🐷🐕🐷🐕🐷🐕🐷,,2026-06-02 20:18:09,0,0,Netral,91.78
Welem Domakubun,"GUBERNUR PALING BODOK INI MAH , ASU GUBERNUR BODOK",gubernur bodok mah asu gubernur bodok,2026-06-02 20:03:18,0,0,Negatif,99.75
Mudhy Khan Avone,"Mantap gubernur Jateng lanjutkan gubernur seumur hidup yg di luar Jateng senyum "" aja yaaaa🤣🤣🤣🤣🤣🤣🤣🤣🤣",mantap gubernur jateng lanjutkan gubernur seumur hidup jateng senyum yaa tertawa terbahak tertawa terbahak tertawa terbahak tertawa terbahak tertawa terbahak tertawa terbahak tertawa terbahak tertawa terbahak tertawa terbahak,2026-06-02 19:57:47,0,0,Positif,95.43
Aira Nur Bahtiar,Ini gubernur jateng di buat dari cairan mna ..bego bgt bnr 🤣🤣,gubernur jateng cair mna bego banget bnr tertawa terbahak tertawa terbahak,2026-06-02 19:55:01,0,0,Negatif,99.41
Arigal Mamba,Jancoook🤣,jancook tertawa terbahak,2026-06-02 19:54:06,0,0,Negatif,99.31
Herlin Alfatih,Gubernur JATENG lg memperlihatkan KEBODOHAN'Y🤣🤣🤣,gubernur jateng lg lihat kebodohan tertawa terbahak tertawa terbahak tertawa terbahak,2026-06-02 19:35:13,0,0,Negatif,98.0
Heri Uyeah,Untung kepunyaan jawa tengah😂,untung punya jawa tengah tertawa,2026-06-02 19:31:31,0,0,Positif,97.36
Melki Babys,Ngomong sama orang bodoh ya ORA paham itu Bu. Paham nya kalo di demo sw Jateng baru kebuka matane,ngomong orang bodoh ora paham bu paham kalo demo sw jateng buka matane,2026-06-02 19:31:14,0,0,Negatif,99.65
Asep Alpin,Otak nya goblog hihihihi,otak goblog hihihihi,2026-06-02 19:30:34,0,0,Negatif,99.63
Agus Sandiagauno Agustus,😡😡😡😡😡,marah marah marah marah marah,2026-06-02 19:28:29,0,0,Negatif,99.5
Sultan Firman Sativa,Gubernur tolol pinter bupatinyaaa,gubernur bodoh pinter bupatinyaa,2026-06-02 19:13:11,0,0,Negatif,99.68
Diky Rohmansyah,Stres kali dia,stres kali,2026-06-02 19:08:02,0,0,Negatif,99.41
Ipoel Vhalvolin,Ribetttt.,ribett,2026-06-02 19:03:17,0,0,Negatif,99.06
IDea Yuzz,Masih level 1 nih gubernur !!!,level i gubernur ii,2026-06-02 18:34:17,0,0,Netral,99.27
M Yusuf,Blon,blon,2026-06-02 18:27:50,0,0,Negatif,81.99
Imang Purnama,Ngelantur......,ngelantur,2026-06-02 18:27:48,0,0,Negatif,99.53
Slamet Yongki,kakaen omong,kakaen omong,2026-06-02 18:25:09,0,0,Negatif,55.59
Ramdani Gunawan,Mumet ndase pak,mumet ndase pak,2026-06-02 18:22:36,0,0,Negatif,95.66
Maulana Putra,Nk ora mampu mudur ae fi lutfi,nk ora mudur ae fi lutfi,2026-06-02 18:19:14,0,0,Negatif,87.9
Ranunk Rnk,Mndingan mundur jadi Gubernur nya 😂😂,mndingan mundur gubernur tertawa tertawa,2026-06-02 18:16:52,0,0,Negatif,96.89
Asghann TulAlit,Jawaban tanpa kejelasan solusinya gimana. Beda banget dgn gub sebelahnya. Padat jelas dan pasti langsung bersolusi..,jawab tanpa jelas solusinya gimana beda banget gub belah padat jelas langsung bersolusi,2026-06-02 17:43:37,0,0,Negatif,98.81
Apriliandi Firdaus,Pekok😂😂😂😂,pekok tertawa tertawa tertawa tertawa,2026-06-02 17:42:39,0,0,Positif,93.35
Jago Merah,parah iki wong edan,parah iki orang edan,2026-06-02 17:31:02,0,0,Negatif,99.79
Marzuki S Pagoca,KDM terbaik untuk NKRI,kdm baik nkri,2026-06-02 17:19:30,0,0,Positif,68.75
Mahendra Ratna Dilla,"DASAR LADUSING....
 MASARAKAT SEKARANG UDAH PADA PINTER"" BRO...",dasar ladusing masarakat pinter bro,2026-06-02 17:10:23,0,0,Negatif,99.31
Muji Saeful Hidayat,Mungkin pak lutfi lebih memilih membangun jalan menuju neraka,pak lutfi memilih bangun jalan neraka,2026-06-02 17:07:59,0,0,Negatif,99.44
Irpan Kelelawar Hitamputih,Yg pilih orang nie siapa sih ko bisa masuk....,pilih orang nie bisa masuk,2026-06-02 17:05:12,0,0,Netral,99.85
Suwitno,"Banyak mulut, ngeles mulu",banyak mulut ngeles terus,2026-06-02 17:04:26,0,0,Negatif,99.59
Las Palmas,Dulu  sekarang pak,pak,2026-06-02 17:02:57,0,0,Netral,99.73
Warsino Jave,Halo gaessss...🤣😂🤣,halo gaess tertawa terbahak tertawa tertawa terbahak,2026-06-02 16:54:45,0,0,Positif,50.05
Bintang,Gubernur Jateng Kehed goreng patut,gubernur jateng kehed goreng patut,2026-06-02 16:53:17,0,0,Netral,98.74
Yogi Ivan,Belagu ....ga mau di koreksi,belagu ga koreksi,2026-06-02 16:36:37,0,0,Negatif,99.66
Ipadii,Ga ada duit aja jangan banyak omong kerjanya 000000000000,tidak ada uang jangan banyak omong kerja oo,2026-06-02 16:28:07,0,0,Negatif,64.72
Kumala Karungut,Astafirullah kok gak ada gunanya sih pak😢,astafirullah tidak ada guna pak menangis,2026-06-02 16:25:59,0,0,Negatif,99.69
Kawat Duri,Nepalkan gebernur begini,nepalkan gebernur,2026-06-02 16:04:02,0,0,Negatif,99.73
Harry Moxer,Gak jelas..,tidak jelas,2026-06-02 16:02:23,0,0,Negatif,99.08
Sibob,Nepalkan aja,nepalkan,2026-06-02 16:02:21,0,0,Negatif,99.83
Zaabi Feriska,😂😂😂😂😂,tertawa tertawa tertawa tertawa tertawa,2026-06-02 15:33:37,0,0,Positif,95.0
Dadang Seherman,TURUNIN AJA GUBERNUR KAYA GINI .....GA ADA GUNANYA BUAT RAKYAT,turunin gubernur kaya gini ga ada guna rakyat,2026-06-02 15:01:56,0,0,Negatif,99.77
Abdul Fatah Fatah,Koplak banget pernyataan nya dlu penjajah membangun jalan dulu agar mempermudah akses mereka dlm menyuplai kebutuhan nya agar bisa mempermudah dalam perputaran ekonomi nya,lucu banget pernyataan dlu penjajah bangun jalan mudah akses dlm menyuplai butuh bisa mudah putar ekonomi,2026-06-02 14:56:48,0,0,Negatif,98.43
Karya Utama Karya Utama,👍👍👍👍buat bp aing,bagus bagus bagus bagus bp,2026-06-02 14:43:36,0,0,Positif,96.94
Agus Gunawan,"Salah sendiri pilih dia, udah tau dari kepolisian, kalo aku sih ogah",salah pilih tau kepolisian kalo ogah,2026-06-02 14:35:47,0,0,Negatif,99.35
Tono Heryanto,Nah dia d angkat jd gubernur tugasnya apa,nah angkat jd gubernur tugas,2026-06-02 14:30:54,0,0,Netral,73.58
Dede Kunzen Ffc,Parah eunx ini mah pejabat teh fuck 🖕,parah eunx mah pejabat teh fuck kasar,2026-06-02 14:27:13,0,0,Negatif,99.74
Deni Sugiarto,Gub nyinyir giliran kerja ga becus 😂😂😂😂😂,gub nyinyir gilir kerja tidak becus tertawa tertawa tertawa tertawa tertawa,2026-06-02 14:08:17,0,0,Negatif,96.87
Dipho Wahyudi Dipho,Jangan dipilih lagi.,jangan pilih,2026-06-02 14:02:23,0,0,Netral,90.41
Karuhun Sancang,"kata siapa masrakat tida tau . sekarang masrakat lebih pinter,,",kata masrakat tida tau masrakat pinter,2026-06-02 13:57:32,0,0,Negatif,65.87
Muslim,Gubernur koplak,gubernur lucu,2026-06-02 13:52:49,0,0,Positif,68.49
Durip Durip,Jawa Barat hadir🙏 Si Lupfi mah Gubernur paling ceurdas🤭cerdas buat jadi Korupsi😄😄,jawa barat hadir mohon si lupfi mah gubernur ceurdas tertawa cerdas korupsi bahagia bahagia,2026-06-02 13:35:33,0,0,Positif,82.8
Adie Prasetyo,"Logika yg bikin hancur ..
Jgn sampai di normalisasi logika sperti ini.
Mau membangun tp kudu di liat untung rugi.
Pantas banyak anak bangsa yg pengen lepas dari bumi Pertiwi.
Karna pemimpin kita cuma liat untung rugi. Bernegara macam berdagang kios sepetak",logika buat hancur jgn normal logika sperti bangun tp kudu liat untung rugi pantas banyak anak bangsa pengen lepas bumi pertiwi pemimpin liat untung rugi negara dagang kios sepetak,2026-06-02 13:32:26,0,0,Negatif,99.82
Bani Nk,gubernur bodohhh..model gini kok dipilih..,gubernur bodohh model gini pilih,2026-06-02 13:30:41,0,0,Negatif,99.74
Caridin Icank,Wis aja PD glem bayar pajak😀,wis percaya glem bayar pajak senang,2026-06-02 13:27:29,0,0,Positif,63.7
Mas Nawi,Ya begjamu gubernur iki hehehehe...,begjamu gubernur iki hehehehe,2026-06-02 13:18:09,0,0,Negatif,95.62
Dudi,GUBERNUR TER GOBLOG SE INDONESIA,gubernur ter goblog se indonesia,2026-06-02 13:05:38,0,0,Negatif,98.93
Japar Maulana,Dasar wong edan,dasar orang edan,2026-06-02 12:35:57,0,0,Negatif,99.78
Eni Mthree,Hadeuuuh,hadeuuh,2026-06-02 12:35:39,0,0,Negatif,99.36
Nanang Hudaya,"lutfi itu blunder ngomong nya kaya anak sd,😂",lutfi blunder ngomong kaya anak sd tertawa,2026-06-02 12:25:57,0,0,Negatif,98.57
Arkanza Aqila,"Lah konyol nih pejabat,,,mana ada jalan yg GK ada manfaatnya,,,semua jalan bermanfaat bagi masyarakat pak,,, sekalipun ada bangun jalan d tengah sawah itu pasti bakal bermanfaat",konyol pejabat mana ada jalan tidak ada manfaat jalan manfaat masyarakat pak ada bangun jalan tengah sawah manfaat,2026-06-02 12:01:36,0,0,Negatif,99.77
Akky Sya,"Jln ga ada manfaatnya, gmn ceritanya, ada jln pasti krna ada masyarakat yg lalulalang ke situ,. Ya brarti ada manfaatnya dong masyarakat jd nyaman lewat situ..",jln tidak ada manfaat cerita ada jln krna ada masyarakat lalulalang brarti ada manfaat dong masyarakat jd nyaman,2026-06-02 11:51:56,0,0,Negatif,95.27
Nawang Wulan,"Bener pak masyarakat mana tau jalan propinsi jalan bupaten,,rakyat mah taunya bayar pajak saja pak",bener pak masyarakat mana tau jalan propinsi jalan bupaten rakyat mah taunya bayar pajak pak,2026-06-02 11:50:18,0,0,Negatif,99.37
Dace Supri,Jauh beda bagai langit dan bumi sama gubernur jabarr,beda langit bumi gubernur jabarr,2026-06-02 11:49:56,0,0,Netral,86.86
Piyan Sopiyan,Preet..,preet,2026-06-02 11:43:58,0,0,Negatif,98.31
Didi Makau Dima,Taik pemikirannya masih dangkal,taik pemikirannya dangkal,2026-06-02 11:33:13,0,0,Negatif,99.8
Khodimah Binti Nasrudin,"Gubernur otake rusak,Kyo dalane",gubernur otake rusak kyo dalane,2026-06-02 11:30:43,0,0,Negatif,99.68
Mimid Abdulhamid,Opo were were ah lieur 🤣,opo were were lieur tertawa terbahak,2026-06-02 11:17:50,0,0,Negatif,97.02
Bundy Imat Laifir,Ko bisa gubernur beda2 in daerah rakyat nya  harus nya merata,bisa gubernur beda beda in daerah rakyat merata,2026-06-02 10:49:03,0,0,Negatif,65.27
Petong Ruwet,Memang masarakat jateng tolol semuanya,masarakat jateng bodoh semuanya,2026-06-02 10:41:30,0,0,Negatif,99.68
Petong Ruwet,Copot gubernur luthfi gubernur tolol,copot gubernur luthfi gubernur bodoh,2026-06-02 10:40:56,0,0,Negatif,99.14
Heris Jarot,"Dasar tolol, masa ngebangun jalan ga ada manfaatnya🤦‍♂️🤦‍♂️🤦‍♂️🤦‍♂️. Dasar si otak dangkal👎👎👎",dasar tolol ngebangun jalan tidak ada manfaat dasar si otak dangkal jelek jelek jelek,2026-06-02 10:40:50,0,0,Negatif,99.87
Meita,gubnur bego,gubnur bego,2026-06-02 10:37:20,0,0,Negatif,99.09
Turyono Yono,Mntan maling Otak rampok,mntan maling otak rampok,2026-06-02 10:28:34,0,0,Negatif,99.75
Turyono Yono,Gubernur tolooollll,gubernur tolooll,2026-06-02 10:28:14,0,0,Netral,99.6
Putra Talaga Ligar,pak pak rakyat di desa yang punya warung yang terpencil .. belanja pasti kepasar itu salah satu siklus ekonomi.. terus ada petani yang ingin menjual hasil taninya itu siklus ekonomi .. nah kalau jalan nya jelek atau tidak ada akses yang baik terhambat dong siklus perputaran ekonomi nya,pak pak rakyat punya warung terpencil belanja pasar salah siklus ekonomi terus ada petani jual hasil taninya siklus ekonomi nah jalan jelek tidak ada akses terhambat dong siklus putar ekonomi,2026-06-02 10:19:36,0,0,Negatif,99.8
Ngurah Adie,Naikan pajak lagi pak...😂😂😂,naikan pajak pak tertawa tertawa tertawa,2026-06-02 10:18:49,0,0,Negatif,72.45
Deywan,Taik,taik,2026-06-02 10:18:41,0,0,Negatif,99.7
Nur Chim,Banyak mulut,banyak mulut,2026-06-02 10:07:48,0,0,Negatif,98.82
Rhoma Fais Al'gozalli,Ga mau dikritik,tidak dikritik,2026-06-02 09:29:21,0,0,Negatif,97.08
Alikawim Wim,Pilihane sopoo kui,pilihane sopoo kui,2026-06-02 09:25:57,0,0,Netral,93.56
Sugino,"Pak, jalan di bangun itu bukan mengikuti pola pikiran Bapak, tapi untuk meningkatkan pembangunan di wilayah yang tidak terjangkau pembangunan, agar masyarakat menikmati hasil pajak dari pemerintah yang dipungut dari masyarakat itu sendiri
Ini 𝗕𝗮𝗽𝗮𝗸 𝗞𝗲𝗽𝗮𝗹𝗮 𝗧𝗼𝗹𝗼𝗹 amat ya

Beda dengan 𝗚𝗨𝗕𝗘𝗥𝗡𝗨𝗥 𝗝𝗔𝗪𝗔 𝗕𝗔𝗥𝗔𝗧 yang lebih mementingkan kemakmuran rakyat daripada 𝗘𝗚𝗢 sendiri",pak jalan bangun bukan mengikuti pola pikir bapak meningkatkan pembangunan wilayah tidak terjangkau pembangunan masyarakat menikmati hasil pajak pemerintah dipungut masyarakat beda mementingkan kemakmuran rakyat,2026-06-02 09:14:20,0,0,Negatif,99.54
Tatang Heryana Kopi,Ngaco jawabannya,ngaco jawabannya,2026-06-02 09:07:52,0,0,Negatif,98.06
Yono Yono,Omong doang contoh KDM semua jalan bermanfaat untuk pertumbuhan ekonomi .,omong doang contoh kdm jalan manfaat tumbuh ekonomi,2026-06-02 08:53:08,0,0,Negatif,74.69
Rama Ramadan,Udah ganti ajah ganti,ganti ajah ganti,2026-06-02 08:50:29,0,0,Negatif,98.68
Arzanel Maharingga,Hello gesss 🤣,hello teman teman tertawa terbahak,2026-06-02 08:47:19,0,0,Negatif,48.88
Dadang Rawing,Gubernur ca ajah g becus,gubernur ca ajah becus,2026-06-02 08:08:18,0,0,Negatif,97.29
Dadang Rawing,Gubernur OPO koyo ngono,gubernur opo koyo ngono,2026-06-02 08:06:36,0,0,Negatif,67.14
Sahudi,Wong setres,orang setres,2026-06-02 08:00:22,0,0,Negatif,99.8
Iponk Bazero,Beda karakter beda visi beda misi.... Masih itung-itungan ... Beda sama KDM... Trabas adil merata bijak dan tegas... Itu bangga nya orang Jawa Barat,beda karakter beda visi beda misi itung itungan beda kdm trabas adil merata bijak gas bangga orang jawa barat,2026-06-02 07:16:48,0,0,Negatif,81.05
Arif Raja,Pangkat aja sampe berat di pundak tpi bodo,pangkat sampe berat pundak tpi bodo,2026-06-02 07:16:14,0,0,Negatif,99.4
Patamorgana,Percuma bayar pajak,percuma bayar pajak,2026-06-02 07:14:25,0,0,Negatif,99.56
Heni Marliyana Biru,Banyak teori 🙄🙄,banyak teori bosan bosan,2026-06-02 07:10:10,0,0,Negatif,99.56
Saeful Rahman Hakim Nst,"Gawat darurat ini jika pemerintah membuat prioritas untung rugi dalam upaya peningkatan kualitas infrastruktur.
Bagaimana pula jika suatu daerah pemukiman padat penduduk yang taat membayar pajak namun di sisi lain akses jalan menuju ketempat pekerjaannya hancur berantakan.
Kebijakan pemerintah yang seperti ini jelas jelas bukan pro kepada rakyat. 
Sebaiknya kebijakan yang di ambil adalah sepenuhnya mengacu kepada skala prioritas yang terbaik dan berkualitas, bukan hanya sekedar perbaikan temporer alias tambal sulam setelah dua tahun jalan yang diperbaiki rusak kembali.
Bahaya cara pandang seorang pemimpin daerah seperti ini.",gawat darurat pemerintah buat prioritas untung rugi upaya peningkatan kualitas infrastruktur daerah pemukiman padat penduduk taat bayar pajak sisi akses jalan ketempat pekerjaannya hancur berantakan bijak pemerintah jelas jelas bukan pro rakyat bijak ambil penuh mengacu skala prioritas baik berkualitas bukan sekedar perbaikan temporer alias tambal sulam dua tahun jalan baik rusak bahaya cara pandang pemimpin daerah,2026-06-02 07:06:57,0,0,Negatif,99.49
Ibeng Ibeng,Moal baleg,moal baleg,2026-06-02 06:58:19,0,0,Netral,39.71
Ivan Bachdim Djik,Ya udah saya setuju dengan bapak.asal...rakyat nya di beliin helikopter satu satu biar ga menggunakan jalan...tapi pada terbang,setuju bapak rakyat beliin helikopter biar tidak menggunakan jalan terbang,2026-06-02 06:56:12,0,0,Negatif,97.79
Synyster Gates,Gubernur Jateng Milih nya Proyek Yg ada Duit nya😆,gubernur jateng milih proyek ada uang tertawa,2026-06-02 06:40:29,0,0,Negatif,73.61
Budi Ari,Janji ne Taek,janji ne taek,2026-06-02 06:23:31,0,0,Negatif,99.67
Pi Vani,Bukan ceramah kau tindak lanjut la diperhati kan,bukan ceramah kau tindak lanjut la hati kan,2026-06-02 06:17:07,0,0,Negatif,97.78
Bundy Fale,Haha beda sekali yah sama bapa Aing,beda kali yah bapa,2026-06-02 06:12:21,0,0,Negatif,68.36
Indah Pada Waktunya Syah,Naikan KADES HOHO JADI GUBERNUR JAWA TENGAH BIAR MAJU MERATA,naikan kades hoho gubernur jawa tengah biar maju merata,2026-06-02 06:10:36,0,0,Negatif,97.3
Indah Pada Waktunya Syah,Kebanyakan bacot,banyak banyak bicara,2026-06-02 06:09:52,0,0,Netral,98.32
Indah Pada Waktunya Syah,Gubernur kaya tai anjing,gubernur kaya tai anjing,2026-06-02 06:09:38,0,0,Negatif,99.83
Prem Pensiun,Kasian warga Jateng udh salah pilih,kasian warga jateng udh salah pilih,2026-06-02 06:06:36,0,0,Negatif,99.77
Tata New Bundy,"Pernah makan sekolahan ga, ko ngga ngarti seenaknya aja klo Ngomong, jauh sdh Ama pk hoho kdm",makan sekolah ga tidak ngarti enak ngomong ama pk hoho kdm,2026-06-02 06:06:13,0,0,Negatif,99.64
Waris Hadi,"Dasar gubernur TELEK ASUH, matonyo butoh kupingnyo curekkan lambenyo lemes macem TAI",dasar gubernur telek asuh matonyo butoh kupingnyo curekkan lambenyo lemes macem tai,2026-06-02 05:47:01,0,0,Negatif,99.83
Arfanndy De La Marthin,Ini Buktinya Pak Jokowi Buka Jalan Daerah Terisolasi Dgn Adanya Jalan Sekarang Penduduk Yg Susah Suda Bisa Bawa Hasil Perkebunan Dlm Waktu Singkat - Kalau Ada Infrastruktur Dgn Sendirinya Per Ekonomi Akan Berjalan...,bukti pak jokowi buka jalan daerah terisolasi ada jalan penduduk susah suda bisa bawa hasil perkebunan dlm singkat ada infrastruktur sendiri per ekonomi jalan,2026-06-02 05:18:44,0,0,Negatif,97.2
Budiyanto Budiyanto,Gubenur tolol semoga saja cepat modar Amiin,gubenur bodoh semoga cepat modar amiin,2026-06-02 05:07:26,0,0,Negatif,99.46
Agus Hendra,KDM nda ada lawan,kdm nda ada lawan,2026-06-02 05:00:59,0,0,Negatif,72.95
Mizwanto Glowor,"Priiiiiiit 

Full tim 

KDM FC 10  - LUTFI UNITED 0",priit full tim kdm fc io lutfi united,2026-06-02 18:51:03,0,0,Netral,82.75
Md Kamal Sharip,Org goblok bila diangkat jadi gubernur.ga tau bikin kerja hanya alasan tok.org begini ga layak langsung jadi pemimpin layaknya hanya jadi kernet bus aja,orang bodoh angkat gubernur ga tau buat kerja alasan tok org tidak layak langsung pemimpin layak kernet bus,2026-06-02 17:12:13,0,0,Negatif,99.82
Pi Vani,Telor,telor,2026-06-02 06:13:41,0,0,Negatif,61.59
Adit Sinchan,Pemerintah Provinsi Jawa Tengah BODOH kok jadi gubernur,pemerintah provinsi jawa tengah bodoh gubernur,2026-06-03 08:15:15,0,0,Netral,99.5
Warni Bere,makanya jgn asal pilih gubernur nya.....ini pemimpin tolol yg pernah sy temu masa di bilang jln gak ada manfaatnya terus anggaran nya besar,makanya jgn pilih gubernur pemimpin bodoh temu bilang jln tidak ada manfaat terus anggaran,2026-06-02 22:12:23,0,0,Negatif,99.47
Mas Bima,"STOP BAYAR PAJAK, khususnya bagi warga masyarakat jateng 😀",stop bayar pajak khususnya warga masyarakat jateng senang,2026-06-02 23:52:32,0,0,Negatif,37.57
Rusdi,Saya ga habis pikir sama silutpi coba perhatiin itu silutpi kalau ngomong liat bibirnya kaya ngunyah premen apa udah ga punya gigi,tidak habis pikir silutpi coba perhatiin silutpi ngomong liat bibirnya kaya ngunyah premen tidak punya gigi,2026-06-02 22:09:37,0,0,Negatif,99.79
Murry San,Lutfi lagi sibuk2 nya ngumpulin d rekening tabungan nya sama nutup bekas kampanye... JD sayang KLO buat bikin jalan .. itu mah bisa nanti2 aza KLO udah gak menjabat baru d fikir kan..,lutfi sibuk sibuk ngumpulin rekening tabungan nutup bekas kampanye jd sayang buat jalan mah bisa aza tidak jabat fikir kan,2026-06-02 22:20:23,0,0,Negatif,99.12
Radin Aladin,Bodoh punya pemimpin macam tu.,bodoh punya pemimpin tu,2026-06-03 04:19:20,0,0,Negatif,99.75
Hendarto Hendar,jalanan di bangun..gak ada manfaatnya...itu yng ngomong..otaknya..udah pindah ke jembutnya..tolol..goblok,jalan bangun gak ada manfaat yng ngomong otaknya udah pindah jembutnya tolol goblok,2026-06-03 08:12:49,0,0,Negatif,99.84
Ferry Febry,Gubernur kontol..orang goblok jadi gubernur monyet anjing,gubernur kontol orang bodoh gubernur monyet anjing,2026-06-02 21:59:28,0,0,Negatif,99.81
Sam Kepo,Biasalah bahasa maling.katanya TDK ada manfaatnya. JD kapan ada perubahan Klau koyo ngene bahasamu gub.mmng sebagin aparatur negara JD alat hanya untuk membodohi rakyatnya,biasalah bahasa maling kata tidak ada manfaat jd kapan ada ubah klau koyo ngene bahasamu gub mmng sebagin aparatur negara jd alat membodohi rakyatnya,2026-06-03 06:56:39,0,0,Negatif,99.61
Bambang Suprapto,Gubernur Jawatengah sangat pekok jalan kok enggak ada manfaatnya.,gubernur jawatengah pekok jalan enggak ada manfaat,2026-06-03 10:33:45,0,0,Netral,98.18
Ade Nadia Bagas,Padahal dia yg bermanfaat buat masyarakat ia gubernur koplak,manfaat masyarakat gubernur lucu,2026-06-03 07:36:05,0,0,Positif,53.03
Agoes Resubun,"Pejabat negara sekarang banyak bacot, rakyat butuh kerja nyata seperti KDM diam tp pasti, itu yg rakyat butuh, ini sdh banyak banyak bacot, hasilnya rampok uang rakyat.",pejabat negara banyak bacot rakyat butuh kerja nyata kdm diam tp rakyat butuh banyak banyak bacot hasil rampok uang rakyat,2026-06-03 05:34:16,0,0,Negatif,99.55
Yadis Rakabumi,"Lihat nasib tahun 2029,masih kah orang jawa tengah masih memilih gubernur seperti ini yang tdk ada manfaatnya buat jawa tengah ?",lihat nasib tahun og orang jawa tengah memilih gubernur tidak ada manfaat jawa tengah,2026-06-03 10:58:31,0,0,Negatif,97.28
Akhsan Santosa,Gubernur kok bicara gitu mana ada jln buat masyarakat GK ada manfaatnya hadeuh bangun tidur ya pak atau kebanyakan mimpi,gubernur bicara gitu mana ada jln masyarakat tidak ada manfaat hadeuh bangun tidur pak banyak mimpi,2026-06-02 22:10:44,0,0,Negatif,99.83
Sukmawijaya Sukmawijaya,Kasian kdm bnyk PR nya kelak jdi presiden..semoga kdm bisa membuat rakyat sejahtera ..,kasian kdm bnyk pr kelak presiden semoga kdm bisa buat rakyat sejahtera,2026-06-02 23:20:47,0,0,Positif,46.47
Amira Drive Course,"Wahai saudara""ku sebangsa setanah air, mental seorang  polisi di negeri ini yg seperti Mr Hoegeng seibu satu om.mayoritas membela yg bayar. Mengapa yg begitu dipilih jadi gubenur ??? 😝😝😝😝😝🤪🤪🤪👎👎👎👎👎👺👺👺🤪",wahai saudara ku sebangsa setanah air mental polisi negeri mr hoegeng seibu om mayoritas bela bayar mengapa pilih gubenur jelek jelek jelek jelek jelek,2026-06-03 03:10:04,0,0,Negatif,99.62
Kang Aher,Dasar pemikiran Dangkal,dasar mikir dangkal,2026-06-03 06:30:24,0,0,Negatif,99.61
Raden Sahid Triyatnoko,Ngatain gubernur konten  KDM  sekalinya  sendirinya  gak bisa berfikiran panjang   bukan masalah mana yang di prioritas dan mana yang gak  gimn ceritanya lh gubernurnya  ini  apa nunggu jalan rusak semua baru di pikir   baik gubernurnya konten tapi jelas  hasilnya tenimbang   kaya tongkosong  nyaring bunyinya aja   isinya gak ada   keluhan masarakat  di respon bukan di nyinyirin aja  kapn mau maju Jateng  ini klo pemimpinnya aja slow respon  gubernurnya lebih gercep  jangan kerjanya anggaran aja  yng di urus realisasi nya gak ada,ngatain gubernur konten kdm kali sendiri tidak bisa berfikiran panjang bukan masalah mana prioritas mana tidak gimn cerita lh gubernurnya nunggu jalan rusak pikir gubernurnya konten jelas hasil tenimbang kaya tongkosong nyaring bunyinya isi tidak ada keluhan masarakat respon bukan nyinyirin kapn maju jateng pemimpinnya santai respon gubernurnya gerak cepat jangan kerja anggaran yng urus realisasi tidak ada,2026-06-03 03:52:49,0,0,Negatif,98.65
Wul Kriwul,Sungguh² musibah warga jateng punya gubernur sedangkal itu pola pikir untuk warganya...,sungguh musibah warga jateng punya gubernur sedangkal pola pikir warga,2026-06-03 06:00:40,0,0,Negatif,99.67
Abi Revan,Gubernur trtrtrtr goouubblooigggg....pnjlsan yng gobloggg bnyak rapat tanya jawab makan uank saku dpt hasil kga dapet jln tetap rusakkk...,gubernur trtrtrtr goouubblooigg pnjlsan yng goblogg bnyak rapat tanya jawab makan uank saku dpt hasil kga dapet jln rusakk,2026-06-03 03:57:02,0,0,Negatif,99.77
Ekadion,"Gubernur koplak harusnya kalau gubernurnya SDH ngomong kayak gitu masyarakat jangan ada yg mau bayar pajak,,,",gubernur lucu harus gubernurnya ngomong kayak gitu masyarakat jangan ada bayar pajak,2026-06-03 12:11:57,0,0,Negatif,99.64
Muhamad Abdul Latif,Kebanyakan ngomong buktinya gak ada.,banyak ngomong bukti tidak ada,2026-06-03 02:47:46,0,0,Negatif,96.06
Galih Kurniawan,"ibu mending diam deh dati pada ngobrol sama orang seperti itu, gak bakal di denger bu tau nya cuma uang dan uang bu, percuma ngobrol sana sini, pejabat kita bisanya cuma memperkaya diri, daripada bikin jalan mending buat anggaran keluar kota buat meting yang gak penting itu sih ""KATA NYA""",ibu diam dati ngobrol orang tidak denger bu tau uang uang bu percuma ngobrol pejabat bisanya kaya buat jalan anggaran keluar kota meting tidak kata,2026-06-02 22:06:17,0,0,Negatif,99.75
Jainow Loh,"gubernurnya banyak bacot, kerjanya melempem, wes gk usah dipakai lagi di periode berikutnya, kokean cangkem gubernur gk onok manfaate blas",gubernurnya banyak bacot kerja melempem wes tidak pakai periode ikut kokean cangkem gubernur tidak ada manfaate blas,2026-06-02 22:34:02,0,0,Negatif,99.75
Samsul Bahari,"Gubernur ky gni di plih, mangkin lama di diam kn klo orang ini mimpin tambah ancur",gubernur ky gni plih mangkin diam kn orang mimpin ancur,2026-06-02 22:06:37,0,0,Negatif,99.8
Ismail Indra Muzaeni,Ini gubernur jawa tengah bego bangat di tannya jawabannya ke manah²,gubernur jawa tengah bego bangat tannya jawabannya manah,2026-06-03 05:31:48,0,0,Negatif,96.75
Lukman Hakim,"GUBERNUR JAWA TENGAH KOK BICARANYA KAYA GITU .
YG SAYA TAHU BAHWA SEMUA JALAN ITU PASTI BERMANFAAT BAGI MASARAKAT DAN PENGGUNA NYA TERSEBUT .
ADI YG JELAS JALAN SANGAT BENMANFAAT .
GUBERNUR CEMEN ,GGA ADA APA APA NYA DI BANDING SAMA GUBENUR JABAR . BANDINGAN 1000% JABAR 
1,3% GUBERNUR JATENG 👎🏿",gubernur jawa tengah bicara kaya gitu tahu jalan manfaat masarakat pengguna adi jelas jalan benmanfaat gubernur cemen gga ada banding gubenur jabar bandingan ioo jabar i gubernur jateng jelek,2026-06-03 15:04:30,0,0,Negatif,95.42
Yudan,"Jateng klo pemimpinnya cara berfikir ya kyk bapa Lutfi,otw Jateng ajurrr",jateng pemimpinnya cara berfikir kyk bapa lutfi otw jateng ajurr,2026-06-03 02:13:43,0,0,Positif,88.86
Abi Revan,Udah d ksih conto sama gubenur Jabar kerja nyata rkyat bersuara ddngarkn lngsung krjakn...ini Mlah ngeyeellll....,ksih conto gubenur jabar kerja nyata rkyat suara ddngarkn lngsung krjakn mlah ngeyeell,2026-06-03 03:58:16,0,0,Negatif,96.13
Omjur,"Berarti g ada gunanya juga masyarakat bayar pajak,,??????",ada guna masyarakat bayar pajak,2026-06-03 07:08:09,0,0,Negatif,99.4
Tri Yudianto,Gubernur SAMPAH,gubernur sampah,2026-06-03 04:41:23,0,0,Negatif,99.72
Randy Cang,"kocak sekali memang mantan polisi ini cara berpikirnya,
sabar amat yah rakyat jateng punya gabener kayak gini",kocak kali mantan polisi cara pikir sabar yah rakyat jateng punya gabener kayak gini,2026-06-03 08:43:11,0,0,Negatif,99.24
Yogurt,"Yng gni ko ada yng Milih yah,",yng gni ada yng milih yah,2026-06-02 22:08:43,0,0,Netral,99.81
Abdul Basir,Gubernor goblok,gubernor bodoh,2026-06-03 07:03:19,0,0,Negatif,99.51
Persulessy Roy,GOBLOK,bodoh,2026-06-03 04:17:06,0,0,Negatif,99.64
Kapten Agus,"Dia bilang ""masyarakat itu tidak tau mana jln kabupaten dan jalan provonsi"" Secara tidak langsung dia bilang masyarakat jateng pada g0bl0k...lah kok msih betah sja rakyatnya",bilang masyarakat tidak tau mana jln kabupaten jalan provonsi tidak langsung bilang masyarakat jateng goblok msih betah sja rakyatnya,2026-06-03 05:14:38,0,0,Negatif,99.65
Raka Saputra,"Lutfi inalilahi bacot nya saja yang gede, 
pokus sama yg di belakang Lutfi inalilahi..
ngomong apa ini Luthfi inalilahi..",lutfi inalilahi banyak bicara gede pokus lutfi inalilahi ngomong luthfi inalilahi,2026-06-02 22:00:36,0,0,Negatif,99.38
Arifudin Cukres,Meningan juga jalan rumah nya di ancurin biar tau dia gimana rasanya jalan gak enak,meningan jalan rumah ancurin biar tau gimana rasa jalan tidak enak,2026-06-02 21:41:56,0,0,Negatif,99.83
Muhammad Razib,Cepatkubur.gubenur.kayagitumh,cepatkubur gubenur kayagitumh,2026-06-02 09:36:11,0,0,Negatif,99.26
Mursalim Mursalim,Turunkan ajah nih orang,turun ajah orang,2026-06-02 15:33:17,0,0,Negatif,98.97
Aat Sufriatna,Semoga kamu jatuh di lobang jalan yg berlobang trus mati pecah kepalamu wahai pejabat tai Jawa tengah ko diem ajah,semoga jatuh lobang jalan berlobang trus mati pecah kepalamu wahai pejabat tai jawa tengah diem ajah,2026-06-02 21:59:44,0,0,Negatif,99.75
Assegaf Alwi Bin Idrus,Mendengarkan bapak ini ngomong ko malah pengen ambil Balok ya tak Gebuk sekalian 😅😅,dengar bapak ngomong pengen ambil balok tak gebuk kali lega lega,2026-06-02 21:02:17,0,0,Negatif,97.53
Mahdi Heny,Gubernur GK tau terimakasih ....kemplang aja kepalaknya......,gubernur tidak tau terimakasih kemplang kepalaknya,2026-06-02 18:49:26,0,0,Negatif,99.53
Adhi Munadi,Kok bisa siiih...orang jawa tengah pilih orang macam kayak gini.......goblok dan tolol,bisa siih orang jawa tengah pilih orang kayak gini goblok bodoh,2026-06-02 13:02:22,0,0,Negatif,99.57
Rutdy Saputro,Lutfi koyok kontol,lutfi koyok kontol,2026-06-02 19:35:26,0,0,Negatif,99.75
Japilus Japilus,Itu  orang yg suka nyinyir ide kreatif ny tidak ada jawaban ny berbelit2 tidak ada solusi hanya lempar bola sana sini 😁,orang suka nyinyir ide kreatif ny tidak ada jawab ny berbelit berbelit tidak ada solusi lempar bola senang kali,2026-06-02 08:01:12,0,0,Negatif,99.59
Soleh Ajeh,"Ko nunggu viral sih pak, harus nya di cor dulu, baru di viral kan.",nunggu viral pak cor viral kan,2026-06-02 13:05:48,0,0,Negatif,96.85
RizQi,Dasar si goblok biaya besar emang pake duit lu lol tolol,dasar si bodoh biaya emang pake uang tertawa bodoh,2026-06-02 21:58:56,0,0,Negatif,99.79
Sugi Arto,"Coba KLO di depan rumah nya gubernur Jawa ini,jelek banyak lobang nya pasti gak nyaman dia, heran gua sama gubernur ini, pembangunan gak ada manfaat,apa emang jalan harus yang ada untung nya doang,KLO jalan di Jawa Tengah bagus juga dia akan bangga juga,serta jadi panutan tiap2 daerah juga provinsi yang lain nya.",coba rumah gubernur jawa jelek banyak lobang tidak nyaman heran gua gubernur pembangunan tidak ada manfaat emang jalan ada untung doang klo jalan jawa tengah bagus bangga panutan daerah provinsi,2026-06-02 21:58:36,0,0,Negatif,99.73
Amin Mebel,Gobloknya pemimpin sekarang  makanya indonesia hancur,gobloknya pemimpin makanya indonesia hancur,2026-06-02 21:58:09,0,0,Negatif,99.84
Blu Perindu,Gubernur tolol,gubernur bodoh,2026-06-02 21:55:47,0,0,Negatif,99.5
Mamahnya Syam,Gubernur tolol,gubernur bodoh,2026-06-02 21:54:49,0,0,Negatif,99.5
Bambang Irawan,Gubernur goblok,gubernur bodoh,2026-06-02 21:53:07,0,0,Negatif,99.5
Gail Habis,Ini gubernur cari untung aj kerjaan nya... gubernur anjing,gubernur cari untung kerja gubernur anjing,2026-06-02 21:52:00,0,0,Negatif,99.69
Muhamad Gusfahim,"Gub otak tolol ,yg milih juga orang tolol cocok podo2 tolol",gub otak bodoh milih orang bodoh cocok podo podo bodoh,2026-06-02 21:51:22,0,0,Negatif,99.62
Bobi Ambe,Lantas untuk apa masarakat miskin di harus kn bayar pajak jika jln aja GK di bangun,masarakat miskin kn bayar pajak jln tidak bangun,2026-06-02 21:44:48,0,0,Negatif,99.8
Ariff Arsyaa,"Ini goblok nya pemerintah sekarang, lebih memilih untung nya dari pada manfaatnya buat masyarakat",bodoh pemerintah memilih untung manfaat masyarakat,2026-06-02 21:42:42,0,0,Negatif,99.66
Jaka Jaka,Kwalitas Gub Jateng blas g memberi solusi.,kwalitas gub jateng blas memberi solusi,2026-06-02 21:34:26,0,0,Positif,98.94
Dewa Ari,Gubernur goblok,gubernur bodoh,2026-06-02 21:30:49,0,0,Negatif,99.5
Ucrit Rasa Tumis Kangkung,"Lah klo gitu orang kampung di anggap sampah ya,karena bangun jln bukan jalur ekonomi gak ada manfaat nya,picik bgt pemikiran nya🤣",gitu orang kampung anggap sampah bangun jln bukan jalur ekonomi tidak ada manfaat picik banget mikir tertawa terbahak,2026-06-02 21:22:07,0,0,Negatif,99.87
Edi Maulana,Gubernur Lupi di. Kritik bubati nya sendiri masa engga tau malu Bupatinya seorang ibu lagi kita di lahirkan seorang rahim ibu engga boleh ngelawan dosa seorang gubernur lebih tinggi jabatan nya ko pengalaman nya lebih luas bupati mungkin gubernur nya songong kaliii,gubernur lupi kritik bubati engga tau malu bupatinya ibu lahirkan rahim ibu engga ngelawan dosa gubernur tinggi jabat pengalaman luas bupati gubernur songong kali,2026-06-02 21:18:22,0,0,Negatif,99.81
Buono Abu,Menuju kehancuran SanG pemimpin seperti ini,hancur sang pemimpin,2026-06-02 21:17:58,0,0,Negatif,99.73
Desi Noni,Gubernur Jawa Tengah PEKOK....katanya bekas Kapolda nyatanya pikiran nya dn otak nya pekok.. jangan2 dl masuknya ke polisian lewat jalur tol ya 😂😂😂,gubernur jawa tengah pekok kata bekas kapolda nyatanya pikir dn otak pekok jangan jangan dl masuk polisian jalur tol tertawa tertawa tertawa,2026-06-02 21:17:58,0,0,Negatif,98.22
Mulz All,Bicara mu tak sebaik hasil kerjamu.,bicara mu tak baik hasil kerjamu,2026-06-02 21:16:34,0,0,Negatif,99.67
Sunari Ari,Gubernur yg beginini harus di pertahankan.goblokna,gubernur beginini tahan goblokna,2026-06-02 21:14:39,0,0,Negatif,99.68
Sandy Suhaya,Ga ngotak. Ga ada otak.,tidak ngotak tidak ada otak,2026-06-02 21:12:47,0,0,Negatif,99.82
Joko Driyono,"Pasti yg dulu milih dia jadi gubernur lagi nangis nih di pojokan sambil bilang nyesel aku nyesel milih orang tolol ini,",milih gubernur menangis pojokan bilang nyesel nyesel milih orang bodoh,2026-06-02 21:10:52,0,0,Negatif,99.81
Krisna Gaplek,Provinsi lain jangan iri ya sama gubernur jateng ini pemikiranan sangat tidak mutu🤭🤭🤭,provinsi jangan iri gubernur jateng pemikiranan tidak mutu tertawa tertawa tertawa,2026-06-02 21:07:21,0,0,Negatif,97.9
Agung Sarwa,Ini asli 100 psen gbnur busuk.   ..pnter bicara. Kerja bagi. Msarakat miskin 0000. ..gak mkin ada jalan  atongak mkin. Jalan di bwat. Tanpa ada keperluwanya.   Karna koerluwan makanya harus di buwatin jalan ...  Kalo lbih tepat di krupsi.  Pak gbnur busuk,asli ioo psen gbnur busuk pnter bicara kerja msarakat miskin oo gak mkin ada jalan atongak mkin jalan bwat tanpa ada keperluwanya koerluwan makanya buwatin jalan kalo lbih krupsi pak gbnur busuk,2026-06-02 21:04:59,0,0,Negatif,99.77
RO Koman,Otaknya Tdk bermanfaat,otaknya tidak manfaat,2026-06-02 21:03:32,0,0,Negatif,99.84
Bang Indra,Gubernur tolol,gubernur bodoh,2026-06-02 21:02:22,0,0,Negatif,99.5
Iman Iman,Malum gubernur jateng palupi itu masih bodoh 😝😝😝,malum gubernur jateng palupi bodoh,2026-06-02 21:02:16,0,0,Netral,98.89
Rudi AG Nasution,Makan parah aja ini gumbenur kasian rakyat nya,makan parah gumbenur kasian rakyat,2026-06-02 20:54:54,0,0,Negatif,99.89
Bayu Ibrahim,😂😂gubenur jateng kebanyakan omong omong kaga jelas banyak milih jalan jadi gubernur itu harus merata jalan desa waduh,tertawa tertawa gubenur jateng banyak omong omong tidak jelas banyak milih jalan gubernur merata jalan waduh,2026-06-02 20:52:35,0,0,Negatif,99.61
Muhamad Dimas Septiyanto,Pukulin rame rame seru ini,pukulin rame rame seru,2026-06-02 20:45:17,0,0,Negatif,99.8
Deni Penol,Gubernur tolol,gubernur bodoh,2026-06-02 20:43:57,0,0,Negatif,99.5
Ilyas Sawala,Problemnya bapak klw uang nya di bangunkan buat jalan bapak g akan kebagian duit itu pak,problemnya bapak klw uang bangun jalan bapak bagi uang pak,2026-06-02 20:43:54,0,0,Negatif,92.46
Taufiksektiawan,Biarkan saja pejabat kayak gini lama2 juga mati dgn sendirinya,biar pejabat kayak gini mati sendiri,2026-06-02 20:38:58,0,0,Negatif,99.65
Dawong Konbo,"pikiran dangkal, pejabat macam apa ini",pikir dangkal pejabat,2026-06-02 20:34:53,0,0,Negatif,99.7
Rosita Rose,Pejabat blora ini goblok gak ada otaknya,pejabat blora bodoh tidak ada otaknya,2026-06-02 20:26:27,0,0,Negatif,99.8
Adiwijaya,Yah nama nya juga gubernur dari instansi tertentu ya gitu. Pinter ngomong tapi kerja jeblok.,yah nama gubernur instansi gitu pinter ngomong kerja jeblok,2026-06-02 20:24:21,0,0,Negatif,99.35
Hury Siram,"PD hal  gubenur pemikirannya kok pintar orang kecil2 ,pdhal jalan semua itu manpaatnya besar, PD hal orng meninggal aja ada jalannya apa lagi orang hidup kan butuh di Bagun  cari kebutuhan Han hidup sehari 2  itu kan jalan nya hts baik.",percaya gubenur pemikirannya pintar orang pdhal jalan manpaatnya percaya orng meninggal ada jalan orang hidup kan butuh bagun cari butuh han hidup sehari kan jalan hts,2026-06-02 20:09:38,0,0,Negatif,99.52
Vidi Vidi Yudearifiaji,Gubernur goblok,gubernur bodoh,2026-06-02 20:08:11,0,0,Negatif,99.5
Ramli Angah,"Gebenur tak bermutu berbicara nya, tak suka dgn bicara nya..",gebenur tak bermutu bicara tak suka bicara,2026-06-02 20:06:59,0,0,Negatif,99.79
Nurmaysarah,ini gubernur goblok,gubernur bodoh,2026-06-02 20:02:11,0,0,Negatif,99.5
Metsyu Kinoz,Trus ngapain masyarakat bayar pajak klo uangnya gk d bangun jalan,trus ngapain masyarakat bayar pajak uangnya tidak bangun jalan,2026-06-02 19:59:28,0,0,Negatif,99.43
Ujang Permana,"Bertele tele. Daerah tersebut ekonominya ga maju ya salah satu alasannya jalannya hancur. Gimana ekonominya mau maju kalau jalannya jelek. Bapak ini pemikirannya lemah. Kalau suatu daerah ekonominya mau maju, mulai lah dengan yg dasar, yaitu jalan nya bagus.",bertele tele daerah ekonominya tidak maju salah alasannya jalan hancur gimana ekonominya maju jalan jelek bapak pemikirannya lemah daerah ekonominya maju dasar jalan bagus,2026-06-02 19:58:15,0,0,Negatif,99.82
Roy Cyg Yanti,lutfi gubernur banci.,lutfi gubernur banci,2026-06-02 19:56:41,0,0,Netral,74.08
Khoir Oi,Dan jangan bayar pajak karna gak ada manfaatnya dan biyaya pajak sekarang mahall sekali,jangan bayar pajak tidak ada manfaat biyaya pajak mahall kali,2026-06-02 19:56:02,0,0,Negatif,99.74
Ot Ai,"Ini gubenur sakit jiwa kok jdi gubenur,, apa gk ada yang lain",gubenur sakit jiwa gubenur tidak ada,2026-06-02 19:52:48,0,0,Negatif,99.68
Wahyu Bhotaxx,Bacot,banyak bicara,2026-06-02 19:51:23,0,0,Netral,93.5
Adin Setiawan,Ini gubernur. Goblok.,gubernur goblok,2026-06-02 19:48:03,0,0,Negatif,99.24
Abay,"Takut duit nya bures. Jadi mau bngun jalan aja milih milah, pola pikir yng kurang sehat. 
Itu uang rakyat, harus balik lagi ke rakyat biar bisa menikmati, hasil byar pajak.",takut uang bures bngun jalan milih milah pola pikir yng sehat uang rakyat rakyat biar bisa menikmati hasil byar pajak,2026-06-02 19:47:59,0,0,Negatif,99.55
Widya Zahra,Ini orang tololnya kebangetan,orang tololnya kebangetan,2026-06-02 19:47:45,0,0,Negatif,99.8
Ari Setiawan,Pemikiran bodoh,mikir bodoh,2026-06-02 19:46:35,0,0,Negatif,99.25
Dhiela Adjh,warga jateng    hrus demo  ke lutfi   turun kn jadi  gubernur..  lutfi tidak mendukung jln desa mulus...  wkwkwk,warga jateng hrus demo lutfi turun kn gubernur lutfi tidak dukung jln mulus,2026-06-02 19:46:16,0,0,Netral,79.79
Yanto Subariyanto,Aneh betulin jln pilih pilih  udah tau jln rusak mending mundur dari gubernur tambal kln,aneh betulin jln pilih pilih tau jln rusak mundur gubernur tambal kln,2026-06-02 19:45:58,0,0,Negatif,99.85
Muha Jirin,Gubernur bego tolol  oon,gubernur bego bodoh oon,2026-06-02 19:44:46,0,0,Negatif,99.7
Syamsul Huda,kebayakan teori gk ada pembagunan contoh kdm gunakan uang pajak jangan d korup bayak bicara gk ada kerja,kebayakan teori tidak ada pembagunan contoh kdm guna uang pajak jangan korup bayak bicara tidak ada kerja,2026-06-02 19:41:18,0,0,Negatif,99.66
Setiyono Agus Prihatin,Gablugh minim pengetahuan di lapangan cuma percaya dengan laporan bawahan,gablugh minim pengetahuan lapang percaya lapor bawahan,2026-06-02 19:39:54,0,0,Negatif,90.09
Heri Yana,Goblog nya ..gubernur ....data pikir nya minim....jln ko g ada manfaat...nya ..otk dengkul ..itu.....ko mau milih gubernur .goblog .....?,goblog gubernur data pikir minim jln ada manfaat otk dengkul ko milih gubernur goblog,2026-06-02 19:35:16,0,0,Negatif,99.75
Alghean Putra Pasundan,Otak duit y begitu pemimpin yg otaknya ada yg menguntungkan doang.,otak uang pemimpin otaknya ada menguntungkan doang,2026-06-02 19:34:40,0,0,Negatif,99.0
Harun Fetter,Masih ada orang Jawa tengah pilih orang ini. Sangat tolol,ada orang jawa tengah pilih orang bodoh,2026-06-02 19:33:47,0,0,Negatif,66.17
Mancing Mania,Otak rumet ini gubernur. KDM matap,otak rumet gubernur kdm matap,2026-06-02 19:31:41,0,0,Negatif,99.19
Teddi Nst,GUBERNUR GOBLOK. PERLU DINEPAL KAN INI.,gubernur goblok dinepal kan,2026-06-02 19:25:54,0,0,Negatif,99.74
Gentong Seter,Yo rasakno Jateng di gobloki waktu kampanye titipan Jokowi ya gitu. Gak bisa mikir itu Lutfi,rasakno jateng gobloki kampanye titipan jokowi gitu tidak bisa pikir lutfi,2026-06-02 19:23:30,0,0,Negatif,99.71
Hibatur Kasyfi,Ko pejabat bgitu omong goblok banget dia mentingin warga uda ada pemilihan jangan ada pejabat desa,pejabat bgitu omong bodoh banget mentingin warga uda ada pemilihan jangan ada pejabat,2026-06-02 19:21:30,0,0,Negatif,99.81
Kebabsultan,Mirissssssss mirissss,miriss miriss,2026-06-02 19:20:11,0,0,Negatif,99.79
Ragsanjani R,"SILAHKAN KAN TELUSRI LATAR BELAKANG SI LUTFI INI.... UJUNG UJUNGNYA DIA MASIH KELUARGA #PKI... 

#SIFAT #SIKAF #WATAK DAN KARAKTER NYA 97% PKI..... 

TERUTAMA SAAT NYINYIR NYA ITU MASUK DALAM. PROGRAM NYA JOKOWI YAITU PROGRAM. NYA #KGB (KOMUNIS GAYA BARU) #MEMBALIKAN #FAKTA #MENJATUHKAN ORANG LAIN... #MENGELES SEKALI PUN SALAH CONTOH SOAL PEMBANGUNAN JALAN D PROP JATENG SAAT INI... JAWABANYA SLLU MEMBELA DIRI LALU MENJATUHKAN KDM... 

SPRTI ITU LAH PROGRAM NYA JOKOWI DALAM GEROMBOLAN NYA INI #KGB ( #KOMUNIS_GAYA_BARU..) BUKAN #KDM YA... HATI HATI LHO SLAH TAFSIR...",silahkan kan telusri latar si lutfi ujung ujungnya keluarga karakter gt pki utama nyinyir masuk program jokowi program komunis gaya orang kali salah contoh soal pembangunan jalan prop jateng jawabanya sllu bela lalu jatuh kdm sprti program jokowi gerombolan bukan hati hati lho slah tafsir,2026-06-02 19:16:38,0,0,Negatif,99.42
Saefullah Saefullah,"Tolong lengser kan secepatnya.. gubernur yg ga ada guna ini  fi elu bodoh pura"" atau bodoh beneran",tolong lengser kan cepat gubernur tidak ada fi bodoh pura bodoh beneran,2026-06-02 19:09:12,0,0,Negatif,99.7
Zikry Lullah Ana,Pikiran nya pendek org ini.. bodoh nya minta ampun... Kalo mau berpikir itu bikin jln yg bagus nanti ekonomi tumbuh kalo udh jln nya bagus,pikir pendek orang bodoh minta ampun kalo pikir buat jln bagus ekonomi tumbuh kalo udh jln bagus,2026-06-02 19:03:51,0,0,Negatif,99.7
Bpk Rendi,Gubernur..lutpi....ber.tele..tele..tida..becus.kerja...Ntek..koruptor..eSpadalah..,gubernur lutpi ber tele tele tida becus kerja ntek koruptor espadalah,2026-06-02 19:02:49,0,0,Negatif,99.82
Topan Bagara,"Wahhhh makin hari semua pejabat lupa sama janji janji y waktu kampanye,,",wahh makin hari pejabat lupa janji janji kampanye,2026-06-02 19:02:13,0,0,Negatif,99.18
Yusar Ratna,"Uang pajak kemana pk, ini orang gk ada malau nya",uang pajak mana pk orang tidak ada malau,2026-06-02 19:02:05,0,0,Negatif,99.62
Rey Yana,Tolol,bodoh,2026-06-02 18:56:16,0,0,Negatif,99.76
Sukamto Kamto,"Gubernur bodoh yang keminter, ini gubernur kita",gubernur bodoh keminter gubernur,2026-06-02 18:54:56,0,0,Negatif,99.82
Piping,Sama goblog nya gubrnor Jawa tenga.dgn jwa Timur  harta di timbun,goblog gubrnor jawa tenga dgn jwa timur harta timbun,2026-06-02 18:47:22,0,0,Negatif,99.55
Tinta Emas,Ngawur bangun ajah semua semua jalan pasti ada manfaatnya.atnya  pejabat itu seharusnya memikirkan rakyat bukan memikirkan keluarga nya,ngawur bangun ajah jalan ada manfaat atnya pejabat harus memikirkan rakyat bukan memikirkan keluarga,2026-06-02 18:46:18,0,0,Negatif,99.59
Jarot Bule,percuma ibu ngobrol sama gubernur yang tidak merakyat wajib di lengserkan di ganti itu gubernur lutfi,percuma ibu ngobrol gubernur tidak merakyat wajib lengserkan ganti gubernur lutfi,2026-06-02 18:43:04,0,0,Negatif,99.64
SuGiin,"aggp aja jln stapak k kntor bupati to k gubernur ,,tntu bupati gubernur pjbat"" mlas prgi k kntor,,bgtu jg ptani,,TDK smngat pgi krj KL jln ny ancur Kya isi kepala"" pjbat yg bejat GK amanah,,",aggp jln stapak kntor bupati to gubernur tntu bupati gubernur pjbat mlas prgi kntor bgtu jg ptani tdk smngat pgi krj jln ny ancur kya isi kepala pjbat bejat tidak amanah,2026-06-02 18:41:25,0,0,Negatif,99.76
Sungkono,"Kok tanggapan gubernur seperti anak anak ya, kasihan saya.
Kalo menurut saya, jln desa,kabupaten,propinsi dan nasional, sebagai gubernur seharusnya cepat tanggap.
Apalagi ini sekelas bupati yang kasih masukan, kok seperti tidak di anggap ya,",tanggapan gubernur anak anak kasih kalo jln kabupaten propinsi nasional gubernur harus cepat tanggap apalagi sekelas bupati kasih masukan tidak anggap,2026-06-02 18:37:56,0,0,Negatif,92.23
Herlina Wati,Pintar  tapi  tolol,pintar bodoh,2026-06-02 18:30:24,0,0,Negatif,98.37
Sumarna,gubrnur jateng gblok,gubrnur jateng gblok,2026-06-02 18:29:28,0,0,Negatif,93.14
Zamroh Basu,Gubernur TOLOL YA INI ORANGNYA. DI MANA ADA JALAN KOK GA BERMANFAAT,gubernur bodoh orang mana ada jalan tidak manfaat,2026-06-02 18:25:14,0,0,Negatif,99.81
Kento Bedoyo,BerArti  jalan di pedesaan ndak ada guna. Jadi didesa gak usah bayar pajak dan gak usah milih dipemilu lor.,jalan desa tidak ada desa tidak bayar pajak tidak milih dipemilu lor,2026-06-02 18:23:50,0,0,Negatif,99.33
Km Bintang Utara,"Gak jelas bapak gubernur Jateng, gak seperti bapak gubernur KDM mana ada jalan di bangun semua buat rakyat nya. Biyar pun itu jalan di Plosok kampung",tidak jelas bapak gubernur jateng tidak bapak gubernur kdm mana ada jalan bangun rakyat biyar jalan plosok kampung,2026-06-02 18:18:53,0,0,Negatif,99.68
Guna Wan,Gubernur begini harus di demo dan di turunkan saja ini kalo di biarkan ga ada manfaatnya bagi orang Jawa tengah,gubernur demo turun kalo biar tidak ada manfaat orang jawa tengah,2026-06-02 18:17:26,0,0,Negatif,99.15
Vhitriany Nizar AL'Ayuby,"Lahhh omongan kok polah pilah bukanya seluruh masyarakat harus menikmati pemerataan pembangunan tsb,??
Dan otomatis hasil dari pembangunan jalan tsb justru akan memudahkan akses transportasi dan ekonomi masyarakat pie toh gubernur Iki ??",lahh omong polah pilah buka masyarakat menikmati pemerataan pembangunan tsb otomatis hasil pembangunan jalan tsb memudahkan akses transportasi ekonomi masyarakat pie toh gubernur iki,2026-06-02 18:16:14,0,0,Negatif,85.42
Toto Mumbolduwur,Manusia paling bodoh,manusia bodoh,2026-06-02 18:13:50,0,0,Negatif,99.76
Yusup Lohot,gub pling tolol,gub pling bodoh,2026-06-02 18:13:13,0,0,Negatif,99.56
Ezha Mahesa,"Nah dngr sendiri wilayah desa yg diusulkan ,kata gubernurnya gk penting jln desa klian dibangun gk ada untungnya, klo gtu klian berhak gk wajib bayar pajak, karna gk ada untungnya kalian bayar pajak",nah dngr wilayah diusulkan kata gubernurnya tidak jln klian bangun tidak ada untung gtu klian hak tidak wajib bayar pajak tidak ada untung kali bayar pajak,2026-06-02 18:13:03,0,0,Negatif,99.54
Astina BF,Parah ni gubernur cara berpikirnya masa membangun di lihat dari kemangpaatan parah parah.,parah gubernur cara pikir bangun lihat kemangpaatan parah parah,2026-06-02 18:11:46,0,0,Negatif,99.82
Amran Baco,Gubernur tolol,gubernur bodoh,2026-06-02 18:07:05,0,0,Negatif,99.5
Budi Hartono,Gubenur tidak memiliki jiwah mebangun tidak pantas jadi pemipin,gubenur tidak memiliki jiwah bangun tidak pantas pemipin,2026-06-02 18:03:29,0,0,Negatif,99.79
Andika Irawan,Gblk🤭🤣🤣,bodoh tertawa tertawa terbahak tertawa terbahak,2026-06-02 17:58:16,0,0,Negatif,98.62
Arbaun Tolelet,"Uang rakyat aja ko di persulit.
Bangun aja kalau ada dana",uang rakyat sulit bangun ada dana,2026-06-02 17:57:22,0,0,Negatif,99.71
Setyawan Setya,"Pernyataan paling goblog dari PEJABAT publik yg pernah saya dengar...
Ternyata orang Jawa Tengah ga pada punya nyali tuk melengserkan pejabat tolol macam gitu...
PEJABAT tak berguna menjijikan",pernyataan goblog pejabat publik dengar ternyata orang jawa tengah tidak punya nyali tuk melengserkan pejabat bodoh gitu pejabat tak guna menjijikan,2026-06-02 17:57:14,0,0,Negatif,99.82
Ady,Bilang aja uang nya habis.ngga cukup.anak buah susah di atur.mentok sama partai kalau mau tegas.ah gitu aja repot.,bilang uang habis ngga anak buah susah atur mentok partai gas gitu repot,2026-06-02 17:45:49,0,0,Negatif,99.76
Zafal Jimad Kalimosodo Faron,Gupenur goblok kok di pilih ingat 2029 partainya kadernya gak ada yg pecus itu,gupenur bodoh pilih ingat og partainya kadernya tidak ada pecus,2026-06-02 17:44:08,0,0,Negatif,99.78
Istana-interior,Pekok bintolol. Ini dia mikir jalan yg bagus cuma yg biasa dia lewati dan keluarganya pak gubernur .,pekok bintolol pikir jalan bagus lewat keluarganya pak gubernur,2026-06-02 17:40:45,0,0,Negatif,99.55
Marcel,"Dasar gubernur TOLOL,,.",dasar gubernur tolol,2026-06-02 17:40:37,0,0,Negatif,99.67
Mas Mudjet Sajho,Gub taEk,gub taek,2026-06-02 17:39:11,0,0,Negatif,99.55
Jaki Prasetia,Ya jalan  di perbaiki yang banyak mnpaat nya trus. Masarakat byar pajak. Ga ad mnpaat nya berati  masarakat g usah bayar pajak.,jalan baik banyak mnpaat trus masarakat byar pajak tidak ad mnpaat berat masarakat bayar pajak,2026-06-02 17:38:13,0,0,Negatif,97.18
Rusdy Ble E,Gub g mau uang y buat kebutuhan rakyatnya,gub uang butuh rakyatnya,2026-06-02 17:26:54,0,0,Negatif,88.26
Siswanto,Pemimpin yang gak respect sama rakyat,pemimpin tidak respect rakyat,2026-06-02 17:24:25,0,0,Negatif,99.56
Danus Ohang,"Pantes nyinyir Kdm, gub  jateng mementingkan klo ada efekdomino ekonomi ...ini pemikiran pemimpin pekok ga tahu jalan itu sarana penunjang kemajuan duatu wilayah bagaimana bisa maju suatu daerah bila jalannya masih jelek /rusak ya gakan maju2",pantes nyinyir kdm gub jateng mementingkan ada efekdomino ekonomi mikir pemimpin pekok tidak tahu jalan sarana penunjang maju duatu wilayah bisa maju daerah jalan jelek rusak gakan maju maju,2026-06-02 17:22:46,0,0,Negatif,99.68
Amirudin,"Gub. yg goblok...
..",gub goblok,2026-06-02 17:19:50,0,0,Negatif,99.19
Moris Roy,banyak bacot lutfi,banyak banyak bicara lutfi,2026-06-02 17:02:28,0,0,Netral,99.5
Adam Rinjani,"Satu periode terlalu lama utk Gubernur seperti ini,",periode utk gubernur,2026-06-02 17:02:16,0,0,Netral,80.28
Agus Agoy,Gubernur setres  otak cetek. Ko bisa yah orang begini jadi gubernur. Saya ga habis pikir itu omongan nya apa dip,gubernur setres otak cetek bisa yah orang gubernur tidak habis pikir omong dip,2026-06-02 17:02:05,0,0,Negatif,99.78
Bayu Adjie,"kasihan para kontraktor gx pada dapat job dari gubernur ini hahaaaassuuuuu.
   makan aja pak gub uang nya dan bagikan ke kluarga lho aja",kasih kontraktor gx job gubernur hahaassuu makan pak gub uang bagi kluarga lho,2026-06-02 16:57:23,0,0,Negatif,97.12
Ratu Chip,"GUBERNUR GK ADA OTAK ITU, KENAPA JATENG DIAM SAJA PANTAS NYA SI LUTFI ITU DI NEVALKAN SAJA .",gubernur tidak ada otak kenapa jateng diam pantas si lutfi nevalkan,2026-06-02 16:54:03,0,0,Negatif,99.79
Yadi Suryadi,Sangat Setuju  pak lutfi wajib 2 priode. Harga mati 👍ketololan sangat gubernur jateng  pikiran nya dunggu,setuju pak lutfi wajib priode harga mati bagus ketololan gubernur jateng pikir dunggu,2026-06-02 16:54:02,0,0,Negatif,99.32
Muhammad Asep Dian Hidayat,Tida ada manfaat untuk dia bukan untuk masyarakat,tida ada manfaat bukan masyarakat,2026-06-02 16:51:10,0,0,Negatif,99.69
Babeh Arul,Otak di dengkul kaya gini,otak dengkul kaya gini,2026-06-02 16:49:38,0,0,Negatif,99.77
Dodik,"mana jalan yg tdk ada manfaatnya..
wes kelihatan motor,masuk,mobil masuk..
wes di buat lalu lalang kendaraan..
mana yg rusak,,yo cepet di perbaiki to pak..
krn pembangunan jln semua masyarakat itu merasakan...",mana jalan tidak ada manfaat wes lihat motor masuk mobil masuk wes lalu lalang kendaraan mana rusak yo cepat baik to pak pembangunan jln masyarakat rasa,2026-06-02 16:46:06,0,0,Negatif,99.78
Paijo,Rakyat cuma sbg alat peras Byer pjek Negoro dwet pjek gwe kopdes mbg ada LGI unk korban kn presiden ada lagi unk jln jln presiden ke Paris itu uang rakyat,rakyat sbg alat peras byer pjek negoro dwet pjek gwe kopdes mbg ada unk korban kn presiden ada unk jln jln presiden paris uang rakyat,2026-06-02 16:44:53,0,0,Negatif,99.59
Ideng,Masarakat di anggap  bodoh oleh gubernur jateng,masarakat anggap bodoh gubernur jateng,2026-06-02 16:43:43,0,0,Netral,87.42
Jhocker Ahmad,Pejabat anjing,pejabat anjing,2026-06-02 16:40:39,0,0,Negatif,99.77
Muhamad Jaedy,"Kebanyakan omon-omon, diskusi, rapat dll.... Keburu abis uangnya... Bukannya langsung gerak Anggarannya kan ada tiap provinsi...",banyak omon omon diskusi rapat keburu abis uangnya bukannya langsung gerak anggarannya kan ada provinsi,2026-06-02 16:40:31,0,0,Negatif,99.63
Kay Okay,Bukan jalannya bermanfaat atau ngak.. itu pemimpinnya bermanfaat ga untuk warganya...,bukan jalan manfaat ngak pemimpinnya manfaat tidak warga,2026-06-02 16:40:20,0,0,Negatif,99.63
Hari Supriyo Supriyanto Dhanang,Benar sekali bpk gubernur Uangnya buat bancaan aja di bagikan anak buah bpk gubernur aja,kali bpk gubernur uangnya bancaan bagi anak buah bpk gubernur,2026-06-02 16:38:45,0,0,Negatif,99.37
Nurdin Tula,gubernur bodoh sekali  buat jalan tdk pilih pilih daerah  namanya pemerataan  pembangunan,gubernur bodoh kali jalan tidak pilih pilih daerah nama pemerataan pembangunan,2026-06-02 16:38:32,0,0,Negatif,99.82
Maryadi Widjaya,Lebih ngak ada manfaatnya punya gubernur macam ini,tidak ada manfaat punya gubernur,2026-06-02 16:35:38,0,0,Negatif,99.35
Joni Suheri,Tolol,bodoh,2026-06-02 16:27:57,0,0,Negatif,99.76
Bpk Edy Bpk Edy,"Pemimpin tak beguna,mundur aja kau lufti,sdkt pun kau tak berguna🦮🦮🦮👎🏻👎🏻👎🏻",pemimpin tak guna mundur kau lufti sdkt kau tak guna jelek jelek jelek,2026-06-02 16:19:03,0,0,Negatif,99.73
Eko Setiawann,"KOPLAK GUBERNUR INI MAH...
!!!!! EGOIS....WAWASANNYA KERDIL....LEBIH PINTAR IBU2...",lucu gubernur mah ii egois wawasannya kerdil pintar ibu ibu,2026-06-02 16:18:47,0,0,Negatif,99.77
Wawan Penang,"Jawa tengah tuh salah besar,orang setres di jadiin gubernur ya gini, lihat gubernur Jawa barat,",jawa tengah salah orang setres jadiin gubernur gini lihat gubernur jawa barat,2026-06-02 16:13:54,0,0,Negatif,99.71
Marisca Delahoya,Gubernur koq peko otak ne,gubernur koq peko otak ne,2026-06-02 16:07:26,0,0,Negatif,99.49
Sutriono Sutriono,Gubenur gk punya malu sprti anak kecil,gubenur tidak punya malu sprti anak,2026-06-02 15:59:06,0,0,Negatif,99.51
Harlan Pemalang,"Gubernur tolol loe,, 👎👎👎👎👎😡😡😡😡😡",gubernur bodoh loe jelek jelek jelek jelek jelek marah marah marah marah marah,2026-06-02 15:49:48,0,0,Negatif,99.85
Ariesoff Thekiil,Harus diganti gubernur KY gini sebab dia lebih memperkaya diri serakah sendiri gak ada pedulinya SMA masyrkt,ganti gubernur ky gini kaya serakah tidak ada peduli sma masyrkt,2026-06-02 15:44:55,0,0,Negatif,99.77
Carum Z,Kasihan masarakat kalau mempunyai gubernur pola pikir nyah kaya orang dungu,kasih masarakat punya gubernur pola pikir nyah kaya orang dungu,2026-06-02 15:43:30,0,0,Negatif,99.59
Riski Ariwibowo,Banyak bacot kerja ga becus😀.ko bisa dia jadi gubernur.,banyak banyak bicara kerja tidak becus senang ko bisa gubernur,2026-06-02 15:40:11,0,0,Negatif,83.65
Sanjya,Rakyat Jateng msih suka dengan politik ...,rakyat jateng msih suka politik,2026-06-02 15:33:24,0,0,Negatif,97.25
Agus Itc,"Gubernur ginii kok di pertahankan,,apa GK malu rakyatnya",gubernur ginii tahan tidak malu rakyatnya,2026-06-02 15:28:17,0,0,Negatif,86.92
Putra Penengah,"Sy selaku Jateng aja
Liat ny muakkk 🤮
Cara bahasa ny gk bijak, tinggi hati 
Sifat merendah ny gk ada",jateng liat ny muakk cara bahasa ny tidak bijak tinggi hati sifat rendah ny tidak ada,2026-06-02 15:26:26,0,0,Negatif,99.87
Atep Aroy,Gubernur otak kosong sama dengan ucapannya omong kosong,gubernur otak kosong ucapannya omong kosong,2026-06-02 15:22:13,0,0,Negatif,99.76
Ismail Ahmad Thoif,"dia dari partai pdi p ya pantes ga mau bangun jateng di suruh ibu nya jateng ga usah di bangun biarin aja nanti juga ga kepilih lg jd dia udah bodo amat kasihan deh jateng punya gupernur ko gitu contoh dong jabar sama maluku utara punya gupernur benar"" membangun dengan hati ikhlas",partai pdi pantes tidak bangun jateng suruh ibu jateng tidak bangun biarin tidak pilih lg jd bodo kasih jateng punya gupernur gitu contoh dong jabar maluku utara punya gupernur bangun hati ikhlas,2026-06-02 15:21:39,0,0,Negatif,98.33
Ismail Ahmad Thoif,siapa yg suruh milih orang macam gini jd gupernur jateng syukur rasain ini buat pelajaran selanjut nya gupernur melempem itu pantas nya jd rt baru cocok,suruh milih orang gini jd gupernur jateng syukur rasain pelajar selanjut gupernur melempem pantas jd rt cocok,2026-06-02 15:17:29,0,0,Negatif,98.25
Aspuri,Dasar gubernur koplok ngga ada gunanya ayu kita nepalkan saja,dasar gubernur koplok tidak ada guna ayu nepalkan,2026-06-02 15:11:00,0,0,Negatif,99.86
Marke Tihng,bodoh gubernur tuh jawa tengah,bodoh gubernur jawa tengah,2026-06-02 15:09:28,0,0,Negatif,81.85
Adipati Seto Pamungkas,"kemarin mau nyaingin KDM jaln ditambalin sekarang bnyak omon"" doang setiap jln da pjknya pak mau jln apapun pemprov cuma tinggal bikin ini bnyak alasan",nyaingin kdm jaln ditambalin bnyak omon doang jln da pjknya pak jln apapun pemprov tinggal buat bnyak alasan,2026-06-02 15:07:07,0,0,Negatif,99.8
Endah,Otak tidak bermutu gubernur Jateng,otak tidak bermutu gubernur jateng,2026-06-02 15:03:37,0,0,Negatif,97.44
Miller Miler,Warga y aja diem aja.demo pecatau aja di pimpin oleh orang kaya gitu,warga diem demo pecatau pimpin orang kaya gitu,2026-06-02 14:58:24,0,0,Negatif,99.82
Edi Junaedi,😅😅😅😅koplak nih gubernur masa mau bikin jalan harus pilih pilih.berarti bayar pajak juga harus pilih pilih .uang nya buat bangun jalan yg mana,lega lega lega lega lucu gubernur buat jalan pilih pilih bayar pajak pilih pilih uang bangun jalan mana,2026-06-02 14:53:37,0,0,Positif,76.84
Sabar Santoso,Goblok ini gub,bodoh gub,2026-06-02 14:48:40,0,0,Negatif,98.75
Ridwan Kusnadi,Lah berarti. Pikiran dia selama ini ngrasa rakyat itu goblok sampe gak tau jln propnsi.jln nasional..jln pemda jln desa..gusti.sampe sgtunya otak pejabat,pikir ngrasa rakyat bodoh sampe tidak tau jln propnsi jln nasional jln pemda jln gusti sampe sgtunya otak pejabat,2026-06-02 14:46:30,0,0,Negatif,99.73
Abdur Sangpemimpinsejati,"Rakyat kalau tidak bisa bersatu ,gak akan bisa lawan mereka",rakyat tidak bisa satu gak bisa lawan,2026-06-02 14:45:06,0,0,Positif,89.09
Wira Denta,Gubernur berhati busuk sulit pikiran nya,gubernur hati busuk sulit pikir,2026-06-02 14:44:41,0,0,Negatif,99.82
Alex Cikup,Dibilang masrakat gapernah tau waduh emang rakyat jateng bodoh kah itu sesuatu penghinaan sama rakyat sendiri,dibilang masrakat gapernah tau waduh emang rakyat jateng bodoh sesuatu penghinaan rakyat,2026-06-02 14:41:08,0,0,Negatif,99.83
اجهر جيرن,Buat wrga nya tgal kompak aj.turun kan sangat ga pantas jwban seperti it..stop pajak .krna ini jls..ngawur bicaranya..sekelas gubernur ko Kya gt..,wrga tgal kompak turun kan tidak pantas jwban it stop pajak krna jls ngawur bicara sekelas gubernur kya gt,2026-06-02 14:33:10,0,0,Negatif,99.6
Hartawan Hartawan,Percumah..Bu di jelasin ..otak guburnur mu ...nggak yampai...goblok....guburnur kalian....yiyirin orang bisa....kerjanya nol....,percumah bu jelasin otak guburnur mu nggak yampai goblok guburnur kali yiyirin orang bisa kerja nol,2026-06-02 14:22:35,0,0,Negatif,99.75
Aden Garta,Karma ga nggu lama..gubernur nyinyir yg suka mempermalukan kDM akhirnya di buat malu dgn ulahnya,karma tidak nggu gubernur nyinyir suka malu kdm malu ulahnya,2026-06-02 14:16:44,0,0,Negatif,99.83
Indra Bogang,Klo sudah bicara begini jangan harap .suara pernyataan jelas dan kira kira berani berontak apa kau rakyat,bicara jangan suara pernyataan jelas berani berontak kau rakyat,2026-06-02 14:10:39,0,0,Negatif,99.76
Rahman Alifa,Kalu yg saya alami setiap jalan yg bagus tu ikunumi  masyarakat makin lancar  kalu jalan yg rusak semua jadi susah anak sakulah susah orang sakit harus di gutung susah ngk bisa di  liwati ambulan  klu jalan rusak ngk di perbaiki mau apa pun susah,kalu alami jalan bagus tu ikunumi masyarakat makin lancar kalu jalan rusak susah anak sakulah susah orang sakit gutung susah tidak bisa liwati ambulan klu jalan rusak tidak baik susah,2026-06-02 14:00:39,0,0,Negatif,99.52
Ucok Ritonga,Dasarrrr goblok..PAOK...tolol..,dasarr goblok paok tolol,2026-06-02 13:59:20,0,0,Negatif,99.77
Ravflezz,Bangun jalan buat rakyatnya ko pilih2.. lebih baiknya d sama ratakan bangun jalan buat rakyatnya.. dasar gubenr jw tengah banyak cingcong.,bangun jalan rakyatnya pilih pilih baik ratakan bangun jalan rakyatnya dasar gubenr jw tengah banyak cingcong,2026-06-02 13:44:54,0,0,Negatif,99.27
Sonydocclo,Ko bisa y otak y yg d dengkkul ko bisa jadi gubernur,bisa otak dengkkul bisa gubernur,2026-06-02 13:38:17,0,0,Netral,93.11
Nadia Febriyanti,Inilah pemerintah yg dapat izasah karena uang ga ada otak,inilah pemerintah izasah uang tidak ada otak,2026-06-02 13:16:51,0,0,Negatif,99.83
N N Sport,Orang jateng gk tau mana coklat mana tidak.ini manta coklat lo warga jateng.coba cek d medsos coklat itu gimana.siapa.dn perilakunya.ia allah ini jaman modern gk tau coklat,orang jateng tidak tau mana coklat mana tidak manta coklat lo warga jateng coba cek medsos coklat gimana dn perilakunya allah jaman modern tidak tau coklat,2026-06-02 13:13:58,0,0,Negatif,99.58
bang ega,Giliran pajak tidak mau tau mau di kota di desa kmpung kaya miskin ttep kna pajak giliran jalan tebang pilih pdahal mau gimna pun jln itu pasti ada guna nya ini gimna otak nya ga brpungsi mnding kalo bnerin jalan aspal total ini tambal sulam ngabisin duit rakyat aja ini pjabat pantas Indonesia ga maju maju cara kerja nya gini nyari untung sndiri,gilir pajak tidak tau kota kmpung kaya miskin ttep kna pajak gilir jalan tebang pilih pdahal gimna jln ada gimna otak tidak brpungsi mnding kalo bnerin jalan aspal total tambal sulam ngabisin uang rakyat pjabat pantas indonesia tidak maju maju cara kerja gini nyari untung sndiri,2026-06-02 12:54:15,0,0,Negatif,99.85
Komarsutisna,Ya uang nya mangpaatin ke saku d makan sekeliarga mu dasar tolol🤦‍♂,uang mangpaatin saku makan sekeliarga mu dasar tolol,2026-06-02 12:52:49,0,0,Negatif,99.78
Ramdhani Patut,"Aduh ada pemikiran benerin jalan GK ada manfaatnya 

Sudah jelas penjabat kayak gini GK harus di buang,,,dan jangan di pilih lagi",aduh ada mikir benerin jalan tidak ada manfaat jelas penjabat kayak gini tidak buang jangan pilih,2026-06-02 12:51:52,0,0,Negatif,99.87
Ikah Atikah,Kasian PK rakyat nya jalan nya rusak kaya gtu ko tida penting pikir kan dong harus bagai mana biar bisa di betulin BPK sebagai pemimpin,kasian pk rakyat jalan rusak kaya gtu tida pikir kan dong mana biar bisa betulin bpk pemimpin,2026-06-02 12:31:42,0,0,Negatif,99.8
Raden Bhell,gubernur yg mencari kekayaan sendri..gmna bisa terpilih macam gubernur seperti ini,gubernur cari kaya sendri gmna bisa pilih gubernur,2026-06-02 12:23:22,0,0,Negatif,99.16
Mayong,Bupati ini la pikun rakyat bayar pajak,bupati la pikun rakyat bayar pajak,2026-06-02 12:21:44,0,0,Negatif,99.8
Bolang Cianjur,Gubernur ko tolol ya 🤣🤣,gubernur bodoh tertawa terbahak tertawa terbahak,2026-06-02 12:16:05,0,0,Negatif,99.3
Arshaka Putra,"Apasalahnya di perbaiki jln nya 
Yg di pake bukan uang pribadi 
Uang Rakyat dr Hasil pungutan Pajak ..
Mementingkan Rakyat apa mementingkan Kepentingan Pemerintah NGEYELLL",apasalahnya baik jln pake bukan uang pribadi uang rakyat hasil pungutan pajak mementingkan rakyat mementingkan kepentingan pemerintah ngeyell,2026-06-02 12:13:17,0,0,Negatif,99.56
Om Willy,"Gubenur tolol..!!,memperbaiki dan membangun saja tidak tahu,yg dituntut warga Blora kui memperbaiki bukan membangun.",gubenur tolol ii baik bangun tidak tahu dituntut warga blora kui baik bukan bangun,2026-06-02 12:11:09,0,0,Negatif,99.69
Nawang Wulan,"Dulu juga pernah ada gubernur di wilayah Jateng,yg kerjaan narik pajak doang ehhh gak lama kena struk pak",ada gubernur wilayah jateng kerja narik pajak doang ehh tidak kena struk pak,2026-06-02 11:51:45,0,0,Negatif,99.38
Marwan Wan,Goblok...,goblok,2026-06-02 11:41:19,0,0,Negatif,99.64
Borde Kurniawan,Dari sini sudah nampak bahwa ketidak Adilan itu nyata .dia hanya membangun daerah yg menguntungkan bagi mereka..tp tidak dgn yg lain,nampak tidak adil nyata bangun daerah menguntungkan tp tidak,2026-06-02 11:36:48,0,0,Negatif,99.54
Sumarna Klaktor Klaktor,Wahh parah ini Gubernur jateng udah gax bisa di ajak lagi mediasi klw gini mah pa di mana2 jalan itu utama mampaat bagi rakayat klw bapa gax bisa ngurusin kerjaan tentang kluhhan masarakat mending bapa mundur aja dari jabatan buat apa jadi Gubernur klw kerjaaan bapa cuman tidur terima gajih terima uang suapan dari pabrik2 tapi masarakat gax di penting kan mana masarakat jateng nya banggun ayo kita bergabung turun kan jabatan nya jagan diam aja ayo ayo saya sebagai masarakat jawabarat merasa ke cewa sama omonggan nya,wahh parah gubernur jateng gax bisa ajak mediasi klw gini mah pa mana mana jalan utama mampaat rakayat klw bapa gax bisa ngurusin kerja kluhhan masarakat bapa mundur jabat gubernur klw kerja bapa cuman tidur terima gajih terima uang suapan pabrik pabrik masarakat gax kan mana masarakat jateng banggun ayo bergabung turun kan jabat jagan diam ayo ayo masarakat jawabarat rasa cewa omonggan,2026-06-02 11:34:54,0,0,Negatif,98.9
Deddis Riaddis,"seorang gubernur seperti ini propinsi bakal hancur,,yakin jaman batu akan terulang,nyesek sekali masyarakat jateng daerahnya harus berpacu dengan keadan jalan yg rusak,gimana masyarakat kampung harus berjalan di desa seperti berjalan di hutan belantara,,mau pilih gubernur seperti ini ditahun""yg akan datang,,nasibmu masyarakat jateng harus kembali k jaman kolonial...",gubernur propinsi hancur yakin jaman batu ulang nyesek kali masyarakat jateng daerah pacu keadan jalan rusak gimana masyarakat kampung jalan jalan hutan belantara pilih gubernur ditahun datang nasibmu masyarakat jateng jaman kolonial,2026-06-02 11:18:17,0,0,Negatif,99.85
Yarah,Tolol,bodoh,2026-06-02 11:12:26,0,0,Negatif,99.76
Dewi Mayang Sari,Aduh pak masa pemikiran sekelas gubernur kaya begitu berarti bapak tidak pro rakyat,aduh pak mikir sekelas gubernur kaya bapak tidak pro rakyat,2026-06-02 11:12:01,0,0,Negatif,99.77
Supri Yanto,"Penyampaian gubernur jateng yg salah, cari pembenaran itu cara mereka meraup uang agar bisa di korupsi lbh bnyk,",penyampaian gubernur jateng salah cari pembenaran cara meraup uang bisa korupsi lbh bnyk,2026-06-02 10:54:47,0,0,Negatif,98.84
Ali Nurdin,Klu femahaman sya bukan tentang berjalanya ekonomi tepi tentang kenyamanan penguna jalan jdi rakyat gk merasa dikucikan kalu di samaratakan. Duh ini fikiran gubernurnya egois banget,klu femahaman bukan berjalanya ekonomi tepi nyaman penguna jalan rakyat tidak rasa dikucikan kalu samaratakan duh fikiran gubernurnya egois banget,2026-06-02 10:51:26,0,0,Negatif,99.78
Amank Bayud,𝙷𝚊𝚛𝚞𝚜 𝚖𝚞𝚗𝚍𝚞𝚛 𝚜𝚊𝚓𝚊𝚑 𝚐𝚞𝚋𝚎𝚛𝚗𝚞𝚛 𝚔𝚊𝚢𝚊 𝚐𝚒𝚝𝚞𝚑 𝚝𝚒𝚍𝚊𝚔 𝚖𝚎𝚖𝚎𝚗𝚝𝚒𝚗𝚐𝚔𝚊𝚗 𝚖𝚊𝚜𝚊𝚛𝚊𝚔𝚊𝚝.,,2026-06-02 10:50:42,0,0,Negatif,60.03
Mandala,"Gubernur pekok...pensiunan wereng coklat,,cuk dancuk",gubernur pekok pensiunan wereng coklat cuk dancuk,2026-06-02 10:44:48,0,0,Negatif,99.54
Turyono Yono,Iblisss,ibliss,2026-06-02 10:28:41,0,0,Negatif,99.69
Aye Kunci,"JAWA TENGAH PUNYA GUBERNUR JUGA GA ADA MANFAATNYA
NYUSAHIN RAKYATNYA",jawa tengah punya gubernur tidak ada manfaat nyusahin rakyatnya,2026-06-02 10:15:50,0,0,Negatif,99.73
Djoko Sutrisno,Ora pantas jadi Gubernur suka nya meras Rakyat nya....,ora pantas gubernur suka meras rakyat,2026-06-02 10:13:59,0,0,Negatif,99.42
Dedy Satria,"Pikiran na berrti yang menguntungkan buat dia ,dia kerjakan 
Bantu rakyat di pelosok ogah2an dia",pikir na berrti menguntungkan kerja bantu rakyat pelosok ogahan,2026-06-02 10:09:22,0,0,Negatif,99.45
Kang Herjen,Gubernur tolol,gubernur bodoh,2026-06-02 10:03:33,0,0,Negatif,99.5
Madi Sikumbang Andeser,😂Kalau ada masyarakat ngadu untuk memperbaiki kerja kan aja lah kan bukan uang dr hasil kerja gaji mu pak oiiii😂😂😂apa uang negara habis untuk yang tidak memfaat untuk masyarakat apa begitu kah pak.... 😂,tertawa ada masyarakat ngadu baik kerja kan kan bukan uang hasil kerja gaji mu pak oii tertawa tertawa tertawa uang negara habis tidak memfaat masyarakat pak tertawa,2026-06-02 10:02:08,0,0,Negatif,99.17
Nenti Nenti,Gubenur menganggap rakyat bodoh yah pasti tau yg namanya jaln pak,gubenur menganggap rakyat bodoh yah tau nama jaln pak,2026-06-02 09:56:16,0,0,Negatif,99.33
Aaniua Sartiwu,Ah yg inih bodoh 😂😂😂,inih bodoh tertawa tertawa tertawa,2026-06-02 09:55:30,0,0,Positif,68.7
Suhandi,"Wagub molor yg g tau mau,jngn pilih lgh wagub kaya gituh ,liat dong jw barat semua di bangun g di wilahwilah jln umum dan jln desa lutfi",wagub molor tau jngn pilih lgh wagub kaya gituh liat dong jw barat bangun wilahwilah jln jln lutfi,2026-06-02 09:55:30,0,0,Negatif,64.88
Suyanto Suyanto,Rakyat harus Teliti juga Buat apa Bayar Pajak Kalau tidak berdampak dengan kesejahteraan Rakyat itu sendiri. Tapi justru di manfaatkan sama PEJABAT YG KAYAK GINI.,rakyat teliti bayar pajak tidak berdampak kesejahteraan rakyat manfaat pejabat kayak gini,2026-06-02 09:49:15,0,0,Negatif,99.71
Joko Suseno,BERARTI KAMU SENGAJA DENGAN SANGAT² JELAS MENGOBLOK²KAN RAKYATMU,sengaja jelas mengoblok kan rakyatmu,2026-06-02 09:48:26,0,0,Negatif,99.72
Danu Umbara,Punya pejabat model ini tidak akan kemajuan,punya pejabat model tidak maju,2026-06-02 09:48:00,0,0,Negatif,99.75
Ra Gil,Sini kau lutfi ku kasih otakmu pengertian...Gubenur kok goblok pemikiranmu👎👎👎,kau lutfi ku kasih otakmu pengertian gubenur bodoh pemikiranmu jelek jelek jelek,2026-06-02 09:47:10,0,0,Negatif,99.8
Mukhdori Mukhdori,Tolol,bodoh,2026-06-02 09:37:36,0,0,Negatif,99.76
Syamsuddin Sidi,Gubernur g punya rasa malu g peduli ama rakyatnya aduhhh..untung kita punya gubernur kdm,gubernur punya rasa malu peduli ama rakyatnya aduhh untung punya gubernur kdm,2026-06-02 09:30:45,0,0,Positif,98.16
Tinjauan Akses Dipulihhkan,"Banyak bacot kerja nol besar 🤣🤣🤣
Beda jauh sama gubernur jabar setiap ada keluhan langsung gas ada SOLUSI nya,",banyak banyak bicara kerja nol tertawa terbahak tertawa terbahak tertawa terbahak beda gubernur jabar ada keluhan langsung gas ada solusi,2026-06-02 09:29:12,0,0,Negatif,99.48
Dedef Djiwa Sarlani,"Parah ini Gabenur  bukannya merendamkan  situasi malah bikin keruh,   gimana nih yang pilihnya apakah kaga mau gitu datang langsung ke kantor gubernur?",parah gabenur bukannya merendamkan situasi buat keruh gimana pilih apakah tidak gitu datang langsung kantor gubernur,2026-06-02 09:15:55,0,0,Negatif,99.74
Sis Kamto,"Gubernur ini memang Ruuuuuuuaaaaaaar biiaaasaaaaaaaaa...... Satu satunya Gubernur yang
Otaknya ada di Dubur...",gubernur ruuaar biiaasaa satu gubernur otaknya ada dubur,2026-06-02 09:13:55,0,0,Negatif,98.99
Kis Wanto,Kebanyakan pajak nya di korupsi,banyak pajak korupsi,2026-06-02 09:07:44,0,0,Negatif,99.57
Sri Jaya Putra Putra,"Coba lihat di negara maju, prekonomian mereka maju dakarnakan infrastukturnya bagus,",coba lihat negara maju prekonomian maju dakarnakan infrastukturnya bagus,2026-06-02 09:06:31,0,0,Positif,63.62
Siharahap Nalenong,gubernur yang gak bermutu,gubernur tidak bermutu,2026-06-02 09:03:07,0,0,Negatif,99.24
Jamil Jamil,Gubenur model gini.di.seret di kubur.buwat.tumbal.aj,gubenur model gini seret kubur buwat tumbal,2026-06-02 09:00:26,0,0,Negatif,99.71
Euis Nurdayanti,Intinya mnurut dia itu sprti ah ngapain bngun jln d plosok desa toh syapun gk pernah kesana klo ad kunjunganpun pasti d jln utama perbagus aj jln utama biar dapt nilai+ klo jln desa gk bakal keliatan sma orang orang cmn menghabiskan dana saja intinya seperti itu padahal jln desa itu penting buat masyarakat nilai jual hasil panenan pun akan lbih stabil krna masuk akses mobil beda dngn yg tidk pnya akses jln nilai belinya akal lbih rendah dan akn membuat para petani ekonominya semakin melemah sedangkan harga dri inporan sudh melmbung tinggi mka yg miskin akan terhimpit oleh ekonomi,intinya mnurut sprti ngapain bngun jln plosok toh syapun tidak kesana ad kunjunganpun jln utama perbagus jln utama biar dapt nilait jln tidak keliatan sma orang orang cmn menghabiskan dana intinya jln masyarakat nilai jual hasil panenan lbih stabil krna masuk akses mobil beda dngn tidk pnya akses jln nilai beli akal lbih rendah akn buat petani ekonominya melemah harga dri inporan sudh melmbung tinggi mka miskin terhimpit ekonomi,2026-06-02 08:49:36,0,0,Negatif,99.47
Bang M Kmbf,Yang duduk di belakang dan samping gubernur pendukung setia kebijakan gubernur semua cuan besar masuk dalam sakunya.lelihatan dari cengar cengir nya,duduk samping gubernur pendukung setia bijak gubernur cuan masuk sakunya lelihatan cengar cengir,2026-06-02 08:43:28,0,0,Positif,47.82
Cecep Cecep,"BPK.lutpi.ko.bisa.ngomong.gitu.seu.orang.
Gubernur.segala.jalan.tida.ada.mangpaatnya.kaya.orang.tidak.ber.pendidikan.",bpk lutpi ko bisa ngomong gitu seu orang gubernur jalan tida ada mangpaatnya kaya orang tidak ber pendidikan,2026-06-02 08:29:49,0,0,Negatif,99.62
Yoga Muhfadly,Otak korupsi,otak korupsi,2026-06-02 08:24:46,0,0,Negatif,99.71
Joko Raharjo,Matamu picek pak,matamu picek pak,2026-06-02 08:17:47,0,0,Negatif,99.59
Dhocie,Goblok,bodoh,2026-06-02 08:04:36,0,0,Negatif,99.64
Barjon Tampati,Jawaban gubernur goblok yo begitu,jawab gubernur bodoh,2026-06-02 07:54:44,0,0,Negatif,99.45
Ade Hamdan,PEMIMPIN Hasil dr keCurangan 🥱🥱🥱🤮🤮🤮,pemimpin hasil kecurangan mengantuk mengantuk mengantuk,2026-06-02 07:53:04,0,0,Negatif,99.74
Agus Mulyana,"Gubernur paling bodoh,masa jalan gak ada manfaatnya.",gubernur bodoh jalan tidak ada manfaat,2026-06-02 07:50:31,0,0,Negatif,99.84
Allie Metalcore,"Dari pertama nyalon juga sudah tidak yakin, soalnya jebolan polisi, sekarang semuanya terbukti, Jawa tengah makin tertinggal",pertama nyalon tidak yakin soalnya jebolan polisi semuanya bukti jawa tengah makin tinggal,2026-06-02 07:46:09,0,0,Negatif,97.4
Muh Toni,"Beda pemikiran pemimpin yang hanya mikirin udelnya doang dengan pemimpin yang memikir rakyatnya, masa membangun jalan ngga ada Manfaatnya dimana otak pemimpin kaya gini, cukup satu periode aja orang ini dulur",beda mikir pemimpin memikirkan udelnya doang pemimpin memikir rakyatnya bangun jalan tidak ada manfaat mana otak pemimpin kaya gini periode orang dulur,2026-06-02 07:41:51,0,0,Negatif,99.82
Mitreka Satata,Sudah benar kalo masyarakat pedesaan jangan bayar pajak..percuma bayar juga keperluan kalian gk diakomodir..,kalo masyarakat desa jangan bayar pajak percuma bayar keperluan kali tidak diakomodir,2026-06-02 07:41:47,0,0,Negatif,99.69
Putra Sanjaya,"Bacood
GK ada gunane warga sekitar bayar pajak",bacood tidak ada gunane warga bayar pajak,2026-06-02 07:41:29,0,0,Negatif,99.78
Eman Herman,"Pelecehan terhadap masyarakatnya, dibilang ga tau mana jalan propinsi dan mana jalan kabupaten, taune jalan mulus...... Sadarlah semua warga Jateng anda sudah di injak2 hargadirine, sedangkan dia berdiri jadi pejabat dukungan kalian.",pelecehan masyarakatnya dibilang tidak tau mana jalan propinsi mana jalan kabupaten taune jalan mulus sadar warga jateng injak injak hargadirine diri pejabat dukung kali,2026-06-02 07:36:43,0,0,Negatif,99.8
Agus Toro,Rakyat sekarang udah pada cerdas bubernur nya aja yg goblok,rakyat cerdas bubernur bodoh,2026-06-02 07:33:37,0,0,Negatif,99.51
Undang Ellektronik,ini gubernur sengklek kok di menangkan waktu pemilihan . semua yg namanya jln bermampaat sekalipun jln setapak apa lagi ini jln penghubung yg banyak di lalui kendaraan kok di sebut tidak bermampaat ..yg tidak bermampaat  buat rakyat banyak sampean  sebetulnya ...,gubernur sengklek menang pemilihan nama jln bermampaat jln setapak jln penghubung banyak lalui kendaraan sebut tidak bermampaat tidak bermampaat rakyat banyak sampean betul,2026-06-02 07:31:36,0,0,Netral,73.99
Agus Mulyana,Gak akan maju maju kalau pola pikirnya begitu menurut saya semua jalan penting buat pertumbuhan per ekonomian cape kalau punya gubernur pola pikirnya masih begitu mah cape aslina,tidak maju maju pola pikir jalan tumbuh per ekonomian cape punya gubernur pola pikir mah cape aslina,2026-06-02 07:24:36,0,0,Negatif,99.83
Batara Cikal,Ada sepuluh gubernur otaknya kayak ini dijamin 2029indonesia bubar...🤣🤣🤣,ada sepuluh gubernur otaknya kayak dijamin ogindonesia bubar tertawa terbahak tertawa terbahak tertawa terbahak,2026-06-02 07:16:24,0,0,Negatif,82.16
Sunandri,"Salam dari Riau,,,Gubenur janjok,,masyarakat gak tau mana jalan Desa,mana jalan Kabupaten,mana yg jalan Provinsi,kau anggap masyarakat goblok,,,😡😡",salam riau gubenur janjok masyarakat tidak tau mana jalan mana jalan kabupaten mana jalan provinsi kau anggap masyarakat goblok marah marah,2026-06-02 07:16:11,0,0,Negatif,99.73
Amri Singau,"Gubernur gak bermutu 
Goblok 
Kok ada jln yg gak bermanfaat. 
Aneh",gubernur tidak bermutu bodoh ada jln tidak manfaat aneh,2026-06-02 07:13:41,0,0,Negatif,99.8
Mamun Jamhari,Hahaha BLOCK....!!,block ii,2026-06-02 07:00:47,0,0,Negatif,99.71
Bang Tyson,aneh ini gubernur jangan jangan di korupsi uang APBD lari nya kemana bisa bisa nya di pilih kalau sudah gini nyeselkan,aneh gubernur jangan jangan korupsi uang apbd lari mana bisa bisa pilih gini nyeselkan,2026-06-02 06:57:12,0,0,Negatif,99.82
Indra Rukmana,Gubernur ga becus mimpin jateng.yang di gunakan uang rakyat buat bikin jalan bukan uang pribadi dasar tolol,gubernur tidak becus mimpin jateng guna uang rakyat buat jalan bukan uang pribadi dasar bodoh,2026-06-02 06:53:58,0,0,Negatif,99.75
Ela Nurlelah,Gubernur nggak punya otak,gubernur tidak punya otak,2026-06-02 06:51:44,0,0,Negatif,98.25
Priyatna,Tololllll😂,tololl tertawa,2026-06-02 06:50:02,0,0,Negatif,99.56
Zenk Eyey Tilu,Gak usah bayar pajak buat apa itu kendaraan bayar pajak jalanna gak ada guna kan toool*l,tidak bayar pajak kendaraan bayar pajak jalanna tidak ada kan tool,2026-06-02 06:48:48,0,0,Negatif,99.57
Muhamad Nugi,Bacot doang,banyak bicara doang,2026-06-02 06:47:21,0,0,Negatif,90.89
Priyatno Pri,Semua hnya koar koar bukti g ad,hnya koar koar bukti ad,2026-06-02 06:41:51,0,0,Negatif,95.83
Abdul Rosyid,"Tah lur guber tolol, alias gubernur molor",lur guber tolol alias gubernur molor,2026-06-02 06:40:19,0,0,Negatif,97.45
Fyan Dulce Bin Cuprat - Cuprit,"Semua yg namanya jalan itu sngat di butuhkn Masyrakat, itu untuk klancaran Ekonomi Masyarakt juga, jalan yg mulus otomatis tdk mnghambat aktifitas warga.. ya warga tdk tau mana jalan Prov, mna jalan Kab, mana jalan Desa.. yg warga tau jalan mau bagus & itu tanggung jawab LO sebgai pemimpin, kesejahtraan rakyat itu tanggung jawab LO..
Lah kok bisa yah Orang TOLOL sprti ko bisa d pilih jadi pemimpin..!!!??",nama jalan sngat butuhkn masyrakat klancaran ekonomi masyarakt jalan mulus otomatis tidak mnghambat aktif warga warga tidak tau mana jalan prov mna jalan kab mana jalan warga tau jalan bagus tanggung jawab lo sebgai pemimpin kesejahtraan rakyat tanggung jawab lo bisa yah orang bodoh sprti bisa pilih pemimpin ii,2026-06-02 06:37:12,0,0,Positif,88.67
Agus Triadi,"Gubernur ga ada ilmunya, pola pikirannya ga jelas, NATO (NO ACTION TALK ONLY)",gubernur tidak ada ilmu pola pikirannya tidak jelas nato no action talk only,2026-06-02 06:36:10,0,0,Negatif,99.7
Mustakim,"Inilah bentuk pemimpin yang tidak berpihak pada masyarakat , apakah masih layak jadi pemimpin karena dari ucapannya dia itu merendahkan dan memihak elit yg berduit",inilah bentuk pemimpin tidak berpihak masyarakat apakah layak pemimpin ucapannya rendah memihak elit berduit,2026-06-02 06:35:17,0,0,Negatif,99.78
Dathuk Panglima Kumbang Kumbang,"Gubernur paling koplak, malah justru itu kalau jalan desa di bangun perekobomian malah bisa tumbuh",gubernur koplak jalan bangun perekobomian bisa tumbuh,2026-06-02 06:27:07,0,0,Negatif,92.63
Mama Dewa Bekasi,Turunin ja bnyak ngomng  pemimpin besar omong janji2 tahu...masarakat kompok turun kan langsung...biar di tangkap KPK dgn hasil korupsi nya...tdk ada yg bisa mengikuti KDM .Poko nya KDM  luar biasa...gubernur Jawa tengah ..banyak teori di iming2 kan pada masarakat.,turunin ja bnyak ngomng pemimpin omong janji janji tahu masarakat kompok turun kan langsung biar tangkap kpk hasil korupsi tdk ada bisa mengikuti kdm poko kdm gubernur jawa tengah banyak teori iming iming kan masarakat,2026-06-02 06:26:19,0,0,Negatif,99.65
Tend Ar,"Contoh gubernur pekok, ga layak jdi pimpinan, Jateng akan rusak di pimpin yg ginian",contoh gubernur pekok tidak layak pimpin jateng rusak pimpin ginian,2026-06-02 06:23:35,0,0,Negatif,99.85
Pi Vani,Kau pikir bodoh rakyat klu kau iya bodoh,kau pikir bodoh rakyat klu kau iya bodoh,2026-06-02 06:15:01,0,0,Negatif,99.36
Deariyck Whibley,Gubernur tergoblok,gubernur tergoblok,2026-06-02 06:13:54,0,0,Negatif,99.75
Yanto Heryanto,"Gulingkan gubernur ky gitu mah ....
Mana rakyat Jateng coba bergerak jgn tinggal diam !!!",gulingkan gubernur ky gitu mah mana rakyat jateng coba gerak jgn tinggal diam ii,2026-06-02 06:05:44,0,0,Negatif,98.7
Jo Ker,"Jauh beda sama kdm 

Lutfi gubernur banyak bacot buktinya nol siap tuh yang pilih",beda kdm lutfi gubernur banyak banyak bicara bukti nol siap pilih,2026-06-02 06:01:35,0,0,Negatif,72.65
Purwanto Sanufa,"Orang yang seperti itu ko jd pemimpin,ga punya solusi membangun.. koplak",orang jd pemimpin ga punya solusi bangun lucu,2026-06-02 06:00:28,0,0,Negatif,99.56
Agus S,tolol 23,bodoh,2026-06-02 05:55:04,0,0,Negatif,99.64
Layasi Purba,Gubernur Brengsek......! Jalan mulus tidak berarti......otak dangkal,gubernur brengsek i jalan mulus tidak otak dangkal,2026-06-02 05:54:08,0,0,Negatif,99.77
Akang Evan Cuy,Dri raut muka ny aj itu orang seperti wajah suka korupsi....,dri raut muka ny orang wajah suka korupsi,2026-06-02 05:43:37,0,0,Negatif,99.76
Kang Juol Cianjur Tea,Gubernur Jawa Tengah banyak teori praktek kerja lapangan gak ada gubernur bego peko banyak omong kosong belaka kenyataan nol,gubernur jawa tengah banyak teori praktek kerja lapang tidak ada gubernur bego peko banyak omong kosong belaka kenyataan nol,2026-06-02 05:38:13,0,0,Negatif,93.72
Ceceng Saepuloh,"aduh meni belat belit ari uangya abis di korupsi 
dasar otak korupsi uang pajak kemana bayak bacot kerjaya nga ada 
jgan di banding"" kan sama KDM beda kelas",aduh meni belat belit ari uangya abis korupsi dasar otak korupsi uang pajak mana bayak banyak bicara kerjaya nga ada jgan banding kan kdm beda kelas,2026-06-02 05:28:59,0,0,Negatif,99.85
Mitokk Mitok,"Elah , pemimpin kyk gini gk usah didengerin ....",elah pemimpin kyk gini tidak didengerin,2026-06-02 05:27:10,0,0,Negatif,99.83
Suryono Mardiono,"Ini gubernur yg tak peduli sama rakyat nya...next pilihan jg undi dia , bajingan dia ni.... fucker",gubernur tak peduli rakyat next pilih jg undi bajingan ni fucker,2026-06-02 05:24:16,0,0,Negatif,96.06
Jecko Ramtamtam,Kdm.. Emang jossss....... Joss pokoke... Ora koyok gubernur jateng pekokkkkkkkkkk.... Pekokkkkkk... Uteke  ng dekul,kdm emang joss joss pokoke ora koyok gubernur jateng pekokk pekokk uteke ng dekul,2026-06-02 05:14:19,0,0,Negatif,71.65
Habib Rudisanto Rudisanto,"Gubernur berhati iblis dan tolol bacot kaya anak TK baru sekolah ,TDK otak bicara TDK beribawa ,bicara Bubati paling mulia dan bermanfaat dari gubernur Lutfi yg tolol  ,Lutfi mantan polisi JD gubernur akhir tolol",gubernur hati iblis bodoh banyak bicara kaya anak tk sekolah tdk otak bicara tidak beribawa bicara bubati mulia manfaat gubernur lutfi bodoh lutfi mantan polisi jd gubernur akhir bodoh,2026-06-02 05:13:25,0,0,Negatif,99.8
Ayah Tamarizkyazriel,Harus di NEPAL kan gubernur kaya gini mah...coba rakyat Jawa tengah kompak..datangin kantor gubernurnya..masa seorang pemimpin begini cara ngomong nya..bukan nya .cari solusi malah memojokkan bawahan nya...istigfhar Lutfi ..istighfar Lutfi..yaa ALLAH...,nepal kan gubernur kaya gini mah coba rakyat jawa tengah kompak datangin kantor gubernurnya pemimpin cara ngomong bukan cari solusi memojokkan bawahan istigfhar lutfi istighfar lutfi yaa allah,2026-06-02 05:10:06,0,0,Negatif,99.82
